Workbook

Sheet راهنما
B2: راهنمای فایل پایش اقدامات اصلاحی / پیشگیرانه
B4: ساختار ستون‌ها
B5: ستون‌های اول شیت «ورودی اقدامات» دقیقاً همان ستون‌های گرید سیستم هستند: شماره فرم، نوع، اصلاحی (منشأ)، موضوع عدم تطابق، درخواست‌کننده، نام فرآیند مرتبط، مهلت انجام اقدام، اثر بخشی، نظریه نهایی نماینده مدیریت، شماره اقدام مجدد، تاریخ ایجاد فرم، وضعیت (سیستم) و نسخه. ستون‌های واحد، تاریخ تکمیل، مسئول/نظریه ریشه‌یابی، مسئول اقدام و شرح اقدامات برای تحلیل تکمیلی اضافه شده‌اند.
B7: تاریخ‌ها
B8: همه تاریخ‌ها شمسی و به‌صورت متن سال/ماه/روز وارد می‌شوند (مثال 1404/7/4). تبدیل به میلادی برای محاسبه تاخیر به‌صورت خودکار و در ستون‌های پنهان (W تا AJ) انجام می‌شود.
B10: وضعیت پایش (خودکار)
B11: «بسته»: ستون اثر بخشی پر باشد یا تاریخ تکمیل ثبت شده باشد. «تاخیر»: مهلت گذشته و بسته نشده. «در حال انجام»: بقیه. این ستون با ستون «وضعیت (سیستم)» که مرحله گردش‌کار در سیستم است فرق دارد.
B13: اثر بخشی
B14: مقدارهای «می‌باشد»، «نمی‌باشد» و «تایید» مطابق مقادیر دیده‌شده در سیستم است و هر مقدار ثبت‌شده، اقدام را بسته می‌کند. اگر معنای «می‌باشد» در سیستم شما متفاوت است، فرمول ستون U را اصلاح کنید.
B16: لیست‌ها و داشبورد
B17: فهرست‌های کشویی از شیت «لیست‌ها» می‌آیند (ستون‌های P تا T پنهان و فقط برای تقویم شمسی است). داشبورد به‌صورت خودکار به‌روز می‌شود. ظرفیت فایل ۸۰۰ ردیف است.
B19: داشبورد مدیریتی
B20: بالای داشبورد یک جمله خلاصه خودکار (خلاصه مدیریتی)، شاخص‌های کلیدی، جدول «۱۰ اقدام با بیشترین تاخیر» برای پیگیری فوری و تفکیک تاخیرها بر اساس مدت (۱ تا ۳۰، ۳۱ تا ۶۰، ۶۱ تا ۹۰ و بیش از ۹۰ روز) اضافه شده است. این شیت برای چاپ/خروجی PDF تنظیم شده (Landscape، تناسب با عرض صفحه) — کافیست از منوی File در اکسل گزینه Export یا Print to PDF را روی همین شیت بزنید.

Sheet ورودی اقدامات
A1: پایش اقدامات اصلاحی / پیشگیرانه — ستون‌ها مطابق گرید سیستم «فرم اقدام اصلاحی/پیشگیرانه»
A2: خودکار | B2: ورودی | C2: ورودی | D2: ورودی | E2: ورودی | F2: ورودی | G2: ورودی | H2: ورودی | I2: ورودی | J2: ورودی | K2: ورودی | L2: ورودی | M2: ورودی | N2: ورودی | O2: ورودی | P2: ورودی | Q2: ورودی | R2: ورودی | S2: ورودی | T2: خودکار | U2: خودکار
A3: ردیف | B3: شماره فرم | C3: نوع | D3: اصلاحی (منشأ) | E3: موضوع عدم تطابق | F3: درخواست‌کننده | G3: نام فرآیند مرتبط | H3: مهلت انجام اقدام | I3: اثر بخشی | J3: نظریه نهایی نماینده مدیریت | K3: شماره اقدام مجدد | L3: تاریخ ایجاد فرم | M3: وضعیت (سیستم) | N3: واحد درخواست‌کننده | O3: تاریخ تکمیل اقدام | P3: مسئول ریشه‌یابی | Q3: نظریه ریشه‌یابی | R3: مسئول اقدام | S3: شرح اقدامات | T3: وضعیت پایش | U3: روزهای تاخیر
A4: 1 | B4: PL\05\1 | C4: اقدام اصلاحی | D4: سایر | E4: انحراف از مصرف مواد smc به میزان2.22درصد نسبت به حداکثر تعیین شده در bom قطعات در اسفند ماه سال 1404 | F4: حمید بیات:کارشناس برنامه ریزی تولید نور ایستا پلاستیک | G4: برنامه‌ریزی | H4: 1405/02/31 | I4: می‌باشد | J4: مورد تایید است | L4: 1405/01/19 | M4: نظریه نهایی نماینده مدیریت | N4: برنامه‌ریزی | O4: 1405/03/20 | P4: سید محمد رضا اجاقی دو گاهه:رئیس امور تولید نور ایستا پلاستیک | Q4: میانگین مصرف های ارائه شده استاندارد، صحیح نمی باشد و نیاز به بازنگری دارد | R4: سید محمد رضا اجاقی دو گاهه:رئیس امور تولید نور ایستا پلاستیک | S4: با اصلاح صحیح وزن های ارائه شده مهندسی مشکل رفع می گردد | T4: =IF(B4="","",IF(OR(I4<>"",O4<>""),"بسته",IF(AND(L4<>"",V4=""),"خطای فرمت تاریخ ایجاد",IF(AND(H4<>"",Z4=""),"خطای فرمت مهلت",IF(AND(H4<>"",AC4<>"",TODAY()>AC4),"تاخیر",IF(L4<>"","در حال انجام","")))))) -> بسته | U4: =IF(T4="تاخیر",TODAY()-AC4,IF(AND(T4="بسته",AG4<>"",AC4<>"",AG4>AC4),AG4-AC4,0)) -> 20 | V4: =IF(L4="","",VALUE(LEFT(L4,FIND("/",L4)-1))) -> 1405 | W4: =IF(L4="","",VALUE(MID(L4,FIND("/",L4)+1,FIND("/",L4,FIND("/",L4)+1)-FIND("/",L4)-1))) -> 1 | X4: =IF(L4="","",VALUE(MID(L4,FIND("/",L4,FIND("/",L4)+1)+1,LEN(L4)-FIND("/",L4,FIND("/",L4)+1)))) -> 19 | Y4: =IF(OR(L4="",V4=""),"",IFERROR(INDEX(لیست‌ها!$Q$3:$Q$53,MATCH(V4,لیست‌ها!$P$3:$P$53,0))+IF(W4<=6,(W4-1)*31+X4,IF(W4<=11,186+(W4-7)*30+X4,336+X4))-1,"")) -> 46120 | Z4: =IF(H4="","",VALUE(LEFT(H4,FIND("/",H4)-1))) -> 1405 | AA4: =IF(H4="","",VALUE(MID(H4,FIND("/",H4)+1,FIND("/",H4,FIND("/",H4)+1)-FIND("/",H4)-1))) -> 2 | AB4: =IF(H4="","",VALUE(MID(H4,FIND("/",H4,FIND("/",H4)+1)+1,LEN(H4)-FIND("/",H4,FIND("/",H4)+1)))) -> 31 | AC4: =IF(OR(H4="",Z4=""),"",IFERROR(INDEX(لیست‌ها!$Q$3:$Q$53,MATCH(Z4,لیست‌ها!$P$3:$P$53,0))+IF(AA4<=6,(AA4-1)*31+AB4,IF(AA4<=11,186+(AA4-7)*30+AB4,336+AB4))-1,"")) -> 46163 | AD4: =IF(O4="","",VALUE(LEFT(O4,FIND("/",O4)-1))) -> 1405 | AE4: =IF(O4="","",VALUE(MID(O4,FIND("/",O4)+1,FIND("/",O4,FIND("/",O4)+1)-FIND("/",O4)-1))) -> 3 | AF4: =IF(O4="","",VALUE(MID(O4,FIND("/",O4,FIND("/",O4)+1)+1,LEN(O4)-FIND("/",O4,FIND("/",O4)+1)))) -> 20 | AG4: =IF(OR(O4="",AD4=""),"",IFERROR(INDEX(لیست‌ها!$Q$3:$Q$53,MATCH(AD4,لیست‌ها!$P$3:$P$53,0))+IF(AE4<=6,(AE4-1)*31+AF4,IF(AE4<=11,186+(AE4-7)*30+AF4,336+AF4))-1,"")) -> 46183 | AH4: =IF(V4="","",V4&"-"&TEXT(W4,"00")) -> 1405-01 | AI4: =IF(V4="","",V4*12+W4) -> 16861 | AJ4: =IF(T4="تاخیر",U4+ROW()/100000,"")
A5: 2 | B5: SALE\05\2 | C5: اقدام اصلاحی | D5: کلیم | E5: کلیم 1 قطعه سینی فن سمند در سایت کرمانشاه به علت ترک خوردگی شماره فرم شکایت مشتری 1 | F5: میلاد زارع:کارشناس فروش شرکت نور ایستا پلاستیک | G5: بازرسی آزمون | H5: 1405/02/31 | I5: می‌باشد | J5: مورد تایید است | L5: 1405/01/22 | M5: نظریه نهایی نماینده مدیریت | N5: فروش | O5: 1405/03/21 | P5: سید محمد رضا اجاقی دو گاهه:رئیس امور تولید نور ایستا پلاستیک | Q5: به علت مشکل طرح بسته بندی می باشد | R5: سید محمد رضا اجاقی دو گاهه:رئیس امور تولید نور ایستا پلاستیک | S5: با تغییر طرح بسته بندی مشکل رفع می گردد | T5: =IF(B5="","",IF(OR(I5<>"",O5<>""),"بسته",IF(AND(L5<>"",V5=""),"خطای فرمت تاریخ ایجاد",IF(AND(H5<>"",Z5=""),"خطای فرمت مهلت",IF(AND(H5<>"",AC5<>"",TODAY()>AC5),"تاخیر",IF(L5<>"","در حال انجام","")))))) -> بسته | U5: =IF(T5="تاخیر",TODAY()-AC5,IF(AND(T5="بسته",AG5<>"",AC5<>"",AG5>AC5),AG5-AC5,0)) -> 21 | V5: =IF(L5="","",VALUE(LEFT(L5,FIND("/",L5)-1))) -> 1405 | W5: =IF(L5="","",VALUE(MID(L5,FIND("/",L5)+1,FIND("/",L5,FIND("/",L5)+1)-FIND("/",L5)-1))) -> 1 | X5: =IF(L5="","",VALUE(MID(L5,FIND("/",L5,FIND("/",L5)+1)+1,LEN(L5)-FIND("/",L5,FIND("/",L5)+1)))) -> 22 | Y5: =IF(OR(L5="",V5=""),"",IFERROR(INDEX(لیست‌ها!$Q$3:$Q$53,MATCH(V5,لیست‌ها!$P$3:$P$53,0))+IF(W5<=6,(W5-1)*31+X5,IF(W5<=11,186+(W5-7)*30+X5,336+X5))-1,"")) -> 46123 | Z5: =IF(H5="","",VALUE(LEFT(H5,FIND("/",H5)-1))) -> 1405 | AA5: =IF(H5="","",VALUE(MID(H5,FIND("/",H5)+1,FIND("/",H5,FIND("/",H5)+1)-FIND("/",H5)-1))) -> 2 | AB5: =IF(H5="","",VALUE(MID(H5,FIND("/",H5,FIND("/",H5)+1)+1,LEN(H5)-FIND("/",H5,FIND("/",H5)+1)))) -> 31 | AC5: =IF(OR(H5="",Z5=""),"",IFERROR(INDEX(لیست‌ها!$Q$3:$Q$53,MATCH(Z5,لیست‌ها!$P$3:$P$53,0))+IF(AA5<=6,(AA5-1)*31+AB5,IF(AA5<=11,186+(AA5-7)*30+AB5,336+AB5))-1,"")) -> 46163 | AD5: =IF(O5="","",VALUE(LEFT(O5,FIND("/",O5)-1))) -> 1405 | AE5: =IF(O5="","",VALUE(MID(O5,FIND("/",O5)+1,FIND("/",O5,FIND("/",O5)+1)-FIND("/",O5)-1))) -> 3 | AF5: =IF(O5="","",VALUE(MID(O5,FIND("/",O5,FIND("/",O5)+1)+1,LEN(O5)-FIND("/",O5,FIND("/",O5)+1)))) -> 21 | AG5: =IF(OR(O5="",AD5=""),"",IFERROR(INDEX(لیست‌ها!$Q$3:$Q$53,MATCH(AD5,لیست‌ها!$P$3:$P$53,0))+IF(AE5<=6,(AE5-1)*31+AF5,IF(AE5<=11,186+(AE5-7)*30+AF5,336+AF5))-1,"")) -> 46184 | AH5: =IF(V5="","",V5&"-"&TEXT(W5,"00")) -> 1405-01 | AI5: =IF(V5="","",V5*12+W5) -> 16861 | AJ5: =IF(T5="تاخیر",U5+ROW()/100000,"")
A6: 3 | B6: SALE\05\3 | C6: اقدام اصلاحی | D6: کلیم | E6: کلیم 1 قطعه سینی فن سمند در سایت تبریز به علت کسری بوش شماره فرم شکایت مشتری 2 | F6: میلاد زارع:کارشناس فروش شرکت نور ایستا پلاستیک | G6: بازرسی آزمون | H6: 1405/02/31 | I6: می‌باشد | J6: مورد تایید است | L6: 1405/01/23 | M6: نظریه نهایی نماینده مدیریت | N6: فروش | O6: 1405/03/21 | P6: سید محمد رضا اجاقی دو گاهه:رئیس امور تولید نور ایستا پلاستیک | Q6: به علت عدم خطاناپذیری وجود بوش می باشد | R6: سید محمد رضا اجاقی دو گاهه:رئیس امور تولید نور ایستا پلاستیک | S6: با خطا ناپذیر کردن کنترل بوش مشکل رفع می گردد | T6: =IF(B6="","",IF(OR(I6<>"",O6<>""),"بسته",IF(AND(L6<>"",V6=""),"خطای فرمت تاریخ ایجاد",IF(AND(H6<>"",Z6=""),"خطای فرمت مهلت",IF(AND(H6<>"",AC6<>"",TODAY()>AC6),"تاخیر",IF(L6<>"","در حال انجام","")))))) -> بسته | U6: =IF(T6="تاخیر",TODAY()-AC6,IF(AND(T6="بسته",AG6<>"",AC6<>"",AG6>AC6),AG6-AC6,0)) -> 21 | V6: =IF(L6="","",VALUE(LEFT(L6,FIND("/",L6)-1))) -> 1405 | W6: =IF(L6="","",VALUE(MID(L6,FIND("/",L6)+1,FIND("/",L6,FIND("/",L6)+1)-FIND("/",L6)-1))) -> 1 | X6: =IF(L6="","",VALUE(MID(L6,FIND("/",L6,FIND("/",L6)+1)+1,LEN(L6)-FIND("/",L6,FIND("/",L6)+1)))) -> 23 | Y6: =IF(OR(L6="",V6=""),"",IFERROR(INDEX(لیست‌ها!$Q$3:$Q$53,MATCH(V6,لیست‌ها!$P$3:$P$53,0))+IF(W6<=6,(W6-1)*31+X6,IF(W6<=11,186+(W6-7)*30+X6,336+X6))-1,"")) -> 46124 | Z6: =IF(H6="","",VALUE(LEFT(H6,FIND("/",H6)-1))) -> 1405 | AA6: =IF(H6="","",VALUE(MID(H6,FIND("/",H6)+1,FIND("/",H6,FIND("/",H6)+1)-FIND("/",H6)-1))) -> 2 | AB6: =IF(H6="","",VALUE(MID(H6,FIND("/",H6,FIND("/",H6)+1)+1,LEN(H6)-FIND("/",H6,FIND("/",H6)+1)))) -> 31 | AC6: =IF(OR(H6="",Z6=""),"",IFERROR(INDEX(لیست‌ها!$Q$3:$Q$53,MATCH(Z6,لیست‌ها!$P$3:$P$53,0))+IF(AA6<=6,(AA6-1)*31+AB6,IF(AA6<=11,186+(AA6-7)*30+AB6,336+AB6))-1,"")) -> 46163 | AD6: =IF(O6="","",VALUE(LEFT(O6,FIND("/",O6)-1))) -> 1405 | AE6: =IF(O6="","",VALUE(MID(O6,FIND("/",O6)+1,FIND("/",O6,FIND("/",O6)+1)-FIND("/",O6)-1))) -> 3 | AF6: =IF(O6="","",VALUE(MID(O6,FIND("/",O6,FIND("/",O6)+1)+1,LEN(O6)-FIND("/",O6,FIND("/",O6)+1)))) -> 21 | AG6: =IF(OR(O6="",AD6=""),"",IFERROR(INDEX(لیست‌ها!$Q$3:$Q$53,MATCH(AD6,لیست‌ها!$P$3:$P$53,0))+IF(AE6<=6,(AE6-1)*31+AF6,IF(AE6<=11,186+(AE6-7)*30+AF6,336+AF6))-1,"")) -> 46184 | AH6: =IF(V6="","",V6&"-"&TEXT(W6,"00")) -> 1405-01 | AI6: =IF(V6="","",V6*12+W6) -> 16861 | AJ6: =IF(T6="تاخیر",U6+ROW()/100000,"")
A7: 4 | B7: SALE\05\4 | C7: اقدام اصلاحی | D7: کلیم | E7: کلیم 6 قطعه سینی فن سمند در سایت تهران به علت شکستگی، ترک خوردگی و ایراد قطعه شماره فرم شکایت مشتری 3 | F7: میلاد زارع:کارشناس فروش شرکت نور ایستا پلاستیک | G7: بازرسی آزمون | H7: 1405/02/20 | J7: مورد تایید است | L7: 1405/01/24 | M7: نظریه نهایی نماینده مدیریت | N7: فروش | O7: 1405/02/21 | P7: سید محمد رضا اجاقی دو گاهه:رئیس امور تولید نور ایستا پلاستیک | Q7: به علت استحکام پایین مواد اولیه می باشد | R7: سید محمد رضا اجاقی دو گاهه:رئیس امور تولید نور ایستا پلاستیک | S7: با کنترل سخت گیرانه در ورودی مشکل رفع می گردد | T7: =IF(B7="","",IF(OR(I7<>"",O7<>""),"بسته",IF(AND(L7<>"",V7=""),"خطای فرمت تاریخ ایجاد",IF(AND(H7<>"",Z7=""),"خطای فرمت مهلت",IF(AND(H7<>"",AC7<>"",TODAY()>AC7),"تاخیر",IF(L7<>"","در حال انجام","")))))) -> بسته | U7: =IF(T7="تاخیر",TODAY()-AC7,IF(AND(T7="بسته",AG7<>"",AC7<>"",AG7>AC7),AG7-AC7,0)) -> 1 | V7: =IF(L7="","",VALUE(LEFT(L7,FIND("/",L7)-1))) -> 1405 | W7: =IF(L7="","",VALUE(MID(L7,FIND("/",L7)+1,FIND("/",L7,FIND("/",L7)+1)-FIND("/",L7)-1))) -> 1 | X7: =IF(L7="","",VALUE(MID(L7,FIND("/",L7,FIND("/",L7)+1)+1,LEN(L7)-FIND("/",L7,FIND("/",L7)+1)))) -> 24 | Y7: =IF(OR(L7="",V7=""),"",IFERROR(INDEX(لیست‌ها!$Q$3:$Q$53,MATCH(V7,لیست‌ها!$P$3:$P$53,0))+IF(W7<=6,(W7-1)*31+X7,IF(W7<=11,186+(W7-7)*30+X7,336+X7))-1,"")) -> 46125 | Z7: =IF(H7="","",VALUE(LEFT(H7,FIND("/",H7)-1))) -> 1405 | AA7: =IF(H7="","",VALUE(MID(H7,FIND("/",H7)+1,FIND("/",H7,FIND("/",H7)+1)-FIND("/",H7)-1))) -> 2 | AB7: =IF(H7="","",VALUE(MID(H7,FIND("/",H7,FIND("/",H7)+1)+1,LEN(H7)-FIND("/",H7,FIND("/",H7)+1)))) -> 20 | AC7: =IF(OR(H7="",Z7=""),"",IFERROR(INDEX(لیست‌ها!$Q$3:$Q$53,MATCH(Z7,لیست‌ها!$P$3:$P$53,0))+IF(AA7<=6,(AA7-1)*31+AB7,IF(AA7<=11,186+(AA7-7)*30+AB7,336+AB7))-1,"")) -> 46152 | AD7: =IF(O7="","",VALUE(LEFT(O7,FIND("/",O7)-1))) -> 1405 | AE7: =IF(O7="","",VALUE(MID(O7,FIND("/",O7)+1,FIND("/",O7,FIND("/",O7)+1)-FIND("/",O7)-1))) -> 2 | AF7: =IF(O7="","",VALUE(MID(O7,FIND("/",O7,FIND("/",O7)+1)+1,LEN(O7)-FIND("/",O7,FIND("/",O7)+1)))) -> 21 | AG7: =IF(OR(O7="",AD7=""),"",IFERROR(INDEX(لیست‌ها!$Q$3:$Q$53,MATCH(AD7,لیست‌ها!$P$3:$P$53,0))+IF(AE7<=6,(AE7-1)*31+AF7,IF(AE7<=11,186+(AE7-7)*30+AF7,336+AF7))-1,"")) -> 46153 | AH7: =IF(V7="","",V7&"-"&TEXT(W7,"00")) -> 1405-01 | AI7: =IF(V7="","",V7*12+W7) -> 16861 | AJ7: =IF(T7="تاخیر",U7+ROW()/100000,"")
A8: 5 | B8: SALE\05\5 | C8: اقدام اصلاحی | D8: کلیم | T8: =IF(B8="","",IF(OR(I8<>"",O8<>""),"بسته",IF(AND(L8<>"",V8=""),"خطای فرمت تاریخ ایجاد",IF(AND(H8<>"",Z8=""),"خطای فرمت مهلت",IF(AND(H8<>"",AC8<>"",TODAY()>AC8),"تاخیر",IF(L8<>"","در حال انجام","")))))) | U8: =IF(T8="تاخیر",TODAY()-AC8,IF(AND(T8="بسته",AG8<>"",AC8<>"",AG8>AC8),AG8-AC8,0)) -> 0 | V8: =IF(L8="","",VALUE(LEFT(L8,FIND("/",L8)-1))) | W8: =IF(L8="","",VALUE(MID(L8,FIND("/",L8)+1,FIND("/",L8,FIND("/",L8)+1)-FIND("/",L8)-1))) | X8: =IF(L8="","",VALUE(MID(L8,FIND("/",L8,FIND("/",L8)+1)+1,LEN(L8)-FIND("/",L8,FIND("/",L8)+1)))) | Y8: =IF(OR(L8="",V8=""),"",IFERROR(INDEX(لیست‌ها!$Q$3:$Q$53,MATCH(V8,لیست‌ها!$P$3:$P$53,0))+IF(W8<=6,(W8-1)*31+X8,IF(W8<=11,186+(W8-7)*30+X8,336+X8))-1,"")) | Z8: =IF(H8="","",VALUE(LEFT(H8,FIND("/",H8)-1))) | AA8: =IF(H8="","",VALUE(MID(H8,FIND("/",H8)+1,FIND("/",H8,FIND("/",H8)+1)-FIND("/",H8)-1))) | AB8: =IF(H8="","",VALUE(MID(H8,FIND("/",H8,FIND("/",H8)+1)+1,LEN(H8)-FIND("/",H8,FIND("/",H8)+1)))) | AC8: =IF(OR(H8="",Z8=""),"",IFERROR(INDEX(لیست‌ها!$Q$3:$Q$53,MATCH(Z8,لیست‌ها!$P$3:$P$53,0))+IF(AA8<=6,(AA8-1)*31+AB8,IF(AA8<=11,186+(AA8-7)*30+AB8,336+AB8))-1,"")) | AD8: =IF(O8="","",VALUE(LEFT(O8,FIND("/",O8)-1))) | AE8: =IF(O8="","",VALUE(MID(O8,FIND("/",O8)+1,FIND("/",O8,FIND("/",O8)+1)-FIND("/",O8)-1))) | AF8: =IF(O8="","",VALUE(MID(O8,FIND("/",O8,FIND("/",O8)+1)+1,LEN(O8)-FIND("/",O8,FIND("/",O8)+1)))) | AG8: =IF(OR(O8="",AD8=""),"",IFERROR(INDEX(لیست‌ها!$Q$3:$Q$53,MATCH(AD8,لیست‌ها!$P$3:$P$53,0))+IF(AE8<=6,(AE8-1)*31+AF8,IF(AE8<=11,186+(AE8-7)*30+AF8,336+AF8))-1,"")) | AH8: =IF(V8="","",V8&"-"&TEXT(W8,"00")) | AI8: =IF(V8="","",V8*12+W8) | AJ8: =IF(T8="تاخیر",U8+ROW()/100000,"")
A9: 6 | B9: SALE\05\6 | C9: اقدام اصلاحی | D9: کلیم | T9: =IF(B9="","",IF(OR(I9<>"",O9<>""),"بسته",IF(AND(L9<>"",V9=""),"خطای فرمت تاریخ ایجاد",IF(AND(H9<>"",Z9=""),"خطای فرمت مهلت",IF(AND(H9<>"",AC9<>"",TODAY()>AC9),"تاخیر",IF(L9<>"","در حال انجام","")))))) | U9: =IF(T9="تاخیر",TODAY()-AC9,IF(AND(T9="بسته",AG9<>"",AC9<>"",AG9>AC9),AG9-AC9,0)) -> 0 | V9: =IF(L9="","",VALUE(LEFT(L9,FIND("/",L9)-1))) | W9: =IF(L9="","",VALUE(MID(L9,FIND("/",L9)+1,FIND("/",L9,FIND("/",L9)+1)-FIND("/",L9)-1))) | X9: =IF(L9="","",VALUE(MID(L9,FIND("/",L9,FIND("/",L9)+1)+1,LEN(L9)-FIND("/",L9,FIND("/",L9)+1)))) | Y9: =IF(OR(L9="",V9=""),"",IFERROR(INDEX(لیست‌ها!$Q$3:$Q$53,MATCH(V9,لیست‌ها!$P$3:$P$53,0))+IF(W9<=6,(W9-1)*31+X9,IF(W9<=11,186+(W9-7)*30+X9,336+X9))-1,"")) | Z9: =IF(H9="","",VALUE(LEFT(H9,FIND("/",H9)-1))) | AA9: =IF(H9="","",VALUE(MID(H9,FIND("/",H9)+1,FIND("/",H9,FIND("/",H9)+1)-FIND("/",H9)-1))) | AB9: =IF(H9="","",VALUE(MID(H9,FIND("/",H9,FIND("/",H9)+1)+1,LEN(H9)-FIND("/",H9,FIND("/",H9)+1)))) | AC9: =IF(OR(H9="",Z9=""),"",IFERROR(INDEX(لیست‌ها!$Q$3:$Q$53,MATCH(Z9,لیست‌ها!$P$3:$P$53,0))+IF(AA9<=6,(AA9-1)*31+AB9,IF(AA9<=11,186+(AA9-7)*30+AB9,336+AB9))-1,"")) | AD9: =IF(O9="","",VALUE(LEFT(O9,FIND("/",O9)-1))) | AE9: =IF(O9="","",VALUE(MID(O9,FIND("/",O9)+1,FIND("/",O9,FIND("/",O9)+1)-FIND("/",O9)-1))) | AF9: =IF(O9="","",VALUE(MID(O9,FIND("/",O9,FIND("/",O9)+1)+1,LEN(O9)-FIND("/",O9,FIND("/",O9)+1)))) | AG9: =IF(OR(O9="",AD9=""),"",IFERROR(INDEX(لیست‌ها!$Q$3:$Q$53,MATCH(AD9,لیست‌ها!$P$3:$P$53,0))+IF(AE9<=6,(AE9-1)*31+AF9,IF(AE9<=11,186+(AE9-7)*30+AF9,336+AF9))-1,"")) | AH9: =IF(V9="","",V9&"-"&TEXT(W9,"00")) | AI9: =IF(V9="","",V9*12+W9) | AJ9: =IF(T9="تاخیر",U9+ROW()/100000,"")
A10: 7 | B10: SALE\05\7 | C10: اقدام اصلاحی | D10: کلیم | T10: =IF(B10="","",IF(OR(I10<>"",O10<>""),"بسته",IF(AND(L10<>"",V10=""),"خطای فرمت تاریخ ایجاد",IF(AND(H10<>"",Z10=""),"خطای فرمت مهلت",IF(AND(H10<>"",AC10<>"",TODAY()>AC10),"تاخیر",IF(L10<>"","در حال انجام","")))))) | U10: =IF(T10="تاخیر",TODAY()-AC10,IF(AND(T10="بسته",AG10<>"",AC10<>"",AG10>AC10),AG10-AC10,0)) -> 0 | V10: =IF(L10="","",VALUE(LEFT(L10,FIND("/",L10)-1))) | W10: =IF(L10="","",VALUE(MID(L10,FIND("/",L10)+1,FIND("/",L10,FIND("/",L10)+1)-FIND("/",L10)-1))) | X10: =IF(L10="","",VALUE(MID(L10,FIND("/",L10,FIND("/",L10)+1)+1,LEN(L10)-FIND("/",L10,FIND("/",L10)+1)))) | Y10: =IF(OR(L10="",V10=""),"",IFERROR(INDEX(لیست‌ها!$Q$3:$Q$53,MATCH(V10,لیست‌ها!$P$3:$P$53,0))+IF(W10<=6,(W10-1)*31+X10,IF(W10<=11,186+(W10-7)*30+X10,336+X10))-1,"")) | Z10: =IF(H10="","",VALUE(LEFT(H10,FIND("/",H10)-1))) | AA10: =IF(H10="","",VALUE(MID(H10,FIND("/",H10)+1,FIND("/",H10,FIND("/",H10)+1)-FIND("/",H10)-1))) | AB10: =IF(H10="","",VALUE(MID(H10,FIND("/",H10,FIND("/",H10)+1)+1,LEN(H10)-FIND("/",H10,FIND("/",H10)+1)))) | AC10: =IF(OR(H10="",Z10=""),"",IFERROR(INDEX(لیست‌ها!$Q$3:$Q$53,MATCH(Z10,لیست‌ها!$P$3:$P$53,0))+IF(AA10<=6,(AA10-1)*31+AB10,IF(AA10<=11,186+(AA10-7)*30+AB10,336+AB10))-1,"")) | AD10: =IF(O10="","",VALUE(LEFT(O10,FIND("/",O10)-1))) | AE10: =IF(O10="","",VALUE(MID(O10,FIND("/",O10)+1,FIND("/",O10,FIND("/",O10)+1)-FIND("/",O10)-1))) | AF10: =IF(O10="","",VALUE(MID(O10,FIND("/",O10,FIND("/",O10)+1)+1,LEN(O10)-FIND("/",O10,FIND("/",O10)+1)))) | AG10: =IF(OR(O10="",AD10=""),"",IFERROR(INDEX(لیست‌ها!$Q$3:$Q$53,MATCH(AD10,لیست‌ها!$P$3:$P$53,0))+IF(AE10<=6,(AE10-1)*31+AF10,IF(AE10<=11,186+(AE10-7)*30+AF10,336+AF10))-1,"")) | AH10: =IF(V10="","",V10&"-"&TEXT(W10,"00")) | AI10: =IF(V10="","",V10*12+W10) | AJ10: =IF(T10="تاخیر",U10+ROW()/100000,"")
A11: 8 | B11: SALE\05\8 | C11: اقدام اصلاحی | D11: کلیم | T11: =IF(B11="","",IF(OR(I11<>"",O11<>""),"بسته",IF(AND(L11<>"",V11=""),"خطای فرمت تاریخ ایجاد",IF(AND(H11<>"",Z11=""),"خطای فرمت مهلت",IF(AND(H11<>"",AC11<>"",TODAY()>AC11),"تاخیر",IF(L11<>"","در حال انجام","")))))) | U11: =IF(T11="تاخیر",TODAY()-AC11,IF(AND(T11="بسته",AG11<>"",AC11<>"",AG11>AC11),AG11-AC11,0)) -> 0 | V11: =IF(L11="","",VALUE(LEFT(L11,FIND("/",L11)-1))) | W11: =IF(L11="","",VALUE(MID(L11,FIND("/",L11)+1,FIND("/",L11,FIND("/",L11)+1)-FIND("/",L11)-1))) | X11: =IF(L11="","",VALUE(MID(L11,FIND("/",L11,FIND("/",L11)+1)+1,LEN(L11)-FIND("/",L11,FIND("/",L11)+1)))) | Y11: =IF(OR(L11="",V11=""),"",IFERROR(INDEX(لیست‌ها!$Q$3:$Q$53,MATCH(V11,لیست‌ها!$P$3:$P$53,0))+IF(W11<=6,(W11-1)*31+X11,IF(W11<=11,186+(W11-7)*30+X11,336+X11))-1,"")) | Z11: =IF(H11="","",VALUE(LEFT(H11,FIND("/",H11)-1))) | AA11: =IF(H11="","",VALUE(MID(H11,FIND("/",H11)+1,FIND("/",H11,FIND("/",H11)+1)-FIND("/",H11)-1))) | AB11: =IF(H11="","",VALUE(MID(H11,FIND("/",H11,FIND("/",H11)+1)+1,LEN(H11)-FIND("/",H11,FIND("/",H11)+1)))) | AC11: =IF(OR(H11="",Z11=""),"",IFERROR(INDEX(لیست‌ها!$Q$3:$Q$53,MATCH(Z11,لیست‌ها!$P$3:$P$53,0))+IF(AA11<=6,(AA11-1)*31+AB11,IF(AA11<=11,186+(AA11-7)*30+AB11,336+AB11))-1,"")) | AD11: =IF(O11="","",VALUE(LEFT(O11,FIND("/",O11)-1))) | AE11: =IF(O11="","",VALUE(MID(O11,FIND("/",O11)+1,FIND("/",O11,FIND("/",O11)+1)-FIND("/",O11)-1))) | AF11: =IF(O11="","",VALUE(MID(O11,FIND("/",O11,FIND("/",O11)+1)+1,LEN(O11)-FIND("/",O11,FIND("/",O11)+1)))) | AG11: =IF(OR(O11="",AD11=""),"",IFERROR(INDEX(لیست‌ها!$Q$3:$Q$53,MATCH(AD11,لیست‌ها!$P$3:$P$53,0))+IF(AE11<=6,(AE11-1)*31+AF11,IF(AE11<=11,186+(AE11-7)*30+AF11,336+AF11))-1,"")) | AH11: =IF(V11="","",V11&"-"&TEXT(W11,"00")) | AI11: =IF(V11="","",V11*12+W11) | AJ11: =IF(T11="تاخیر",U11+ROW()/100000,"")
A12: 9 | B12: SALE\05\9 | C12: اقدام اصلاحی | D12: کلیم | T12: =IF(B12="","",IF(OR(I12<>"",O12<>""),"بسته",IF(AND(L12<>"",V12=""),"خطای فرمت تاریخ ایجاد",IF(AND(H12<>"",Z12=""),"خطای فرمت مهلت",IF(AND(H12<>"",AC12<>"",TODAY()>AC12),"تاخیر",IF(L12<>"","در حال انجام","")))))) | U12: =IF(T12="تاخیر",TODAY()-AC12,IF(AND(T12="بسته",AG12<>"",AC12<>"",AG12>AC12),AG12-AC12,0)) -> 0 | V12: =IF(L12="","",VALUE(LEFT(L12,FIND("/",L12)-1))) | W12: =IF(L12="","",VALUE(MID(L12,FIND("/",L12)+1,FIND("/",L12,FIND("/",L12)+1)-FIND("/",L12)-1))) | X12: =IF(L12="","",VALUE(MID(L12,FIND("/",L12,FIND("/",L12)+1)+1,LEN(L12)-FIND("/",L12,FIND("/",L12)+1)))) | Y12: =IF(OR(L12="",V12=""),"",IFERROR(INDEX(لیست‌ها!$Q$3:$Q$53,MATCH(V12,لیست‌ها!$P$3:$P$53,0))+IF(W12<=6,(W12-1)*31+X12,IF(W12<=11,186+(W12-7)*30+X12,336+X12))-1,"")) | Z12: =IF(H12="","",VALUE(LEFT(H12,FIND("/",H12)-1))) | AA12: =IF(H12="","",VALUE(MID(H12,FIND("/",H12)+1,FIND("/",H12,FIND("/",H12)+1)-FIND("/",H12)-1))) | AB12: =IF(H12="","",VALUE(MID(H12,FIND("/",H12,FIND("/",H12)+1)+1,LEN(H12)-FIND("/",H12,FIND("/",H12)+1)))) | AC12: =IF(OR(H12="",Z12=""),"",IFERROR(INDEX(لیست‌ها!$Q$3:$Q$53,MATCH(Z12,لیست‌ها!$P$3:$P$53,0))+IF(AA12<=6,(AA12-1)*31+AB12,IF(AA12<=11,186+(AA12-7)*30+AB12,336+AB12))-1,"")) | AD12: =IF(O12="","",VALUE(LEFT(O12,FIND("/",O12)-1))) | AE12: =IF(O12="","",VALUE(MID(O12,FIND("/",O12)+1,FIND("/",O12,FIND("/",O12)+1)-FIND("/",O12)-1))) | AF12: =IF(O12="","",VALUE(MID(O12,FIND("/",O12,FIND("/",O12)+1)+1,LEN(O12)-FIND("/",O12,FIND("/",O12)+1)))) | AG12: =IF(OR(O12="",AD12=""),"",IFERROR(INDEX(لیست‌ها!$Q$3:$Q$53,MATCH(AD12,لیست‌ها!$P$3:$P$53,0))+IF(AE12<=6,(AE12-1)*31+AF12,IF(AE12<=11,186+(AE12-7)*30+AF12,336+AF12))-1,"")) | AH12: =IF(V12="","",V12&"-"&TEXT(W12,"00")) | AI12: =IF(V12="","",V12*12+W12) | AJ12: =IF(T12="تاخیر",U12+ROW()/100000,"")
A13: 10 | B13: SALE\05\10 | C13: اقدام اصلاحی | D13: کلیم | T13: =IF(B13="","",IF(OR(I13<>"",O13<>""),"بسته",IF(AND(L13<>"",V13=""),"خطای فرمت تاریخ ایجاد",IF(AND(H13<>"",Z13=""),"خطای فرمت مهلت",IF(AND(H13<>"",AC13<>"",TODAY()>AC13),"تاخیر",IF(L13<>"","در حال انجام","")))))) | U13: =IF(T13="تاخیر",TODAY()-AC13,IF(AND(T13="بسته",AG13<>"",AC13<>"",AG13>AC13),AG13-AC13,0)) -> 0 | V13: =IF(L13="","",VALUE(LEFT(L13,FIND("/",L13)-1))) | W13: =IF(L13="","",VALUE(MID(L13,FIND("/",L13)+1,FIND("/",L13,FIND("/",L13)+1)-FIND("/",L13)-1))) | X13: =IF(L13="","",VALUE(MID(L13,FIND("/",L13,FIND("/",L13)+1)+1,LEN(L13)-FIND("/",L13,FIND("/",L13)+1)))) | Y13: =IF(OR(L13="",V13=""),"",IFERROR(INDEX(لیست‌ها!$Q$3:$Q$53,MATCH(V13,لیست‌ها!$P$3:$P$53,0))+IF(W13<=6,(W13-1)*31+X13,IF(W13<=11,186+(W13-7)*30+X13,336+X13))-1,"")) | Z13: =IF(H13="","",VALUE(LEFT(H13,FIND("/",H13)-1))) | AA13: =IF(H13="","",VALUE(MID(H13,FIND("/",H13)+1,FIND("/",H13,FIND("/",H13)+1)-FIND("/",H13)-1))) | AB13: =IF(H13="","",VALUE(MID(H13,FIND("/",H13,FIND("/",H13)+1)+1,LEN(H13)-FIND("/",H13,FIND("/",H13)+1)))) | AC13: =IF(OR(H13="",Z13=""),"",IFERROR(INDEX(لیست‌ها!$Q$3:$Q$53,MATCH(Z13,لیست‌ها!$P$3:$P$53,0))+IF(AA13<=6,(AA13-1)*31+AB13,IF(AA13<=11,186+(AA13-7)*30+AB13,336+AB13))-1,"")) | AD13: =IF(O13="","",VALUE(LEFT(O13,FIND("/",O13)-1))) | AE13: =IF(O13="","",VALUE(MID(O13,FIND("/",O13)+1,FIND("/",O13,FIND("/",O13)+1)-FIND("/",O13)-1))) | AF13: =IF(O13="","",VALUE(MID(O13,FIND("/",O13,FIND("/",O13)+1)+1,LEN(O13)-FIND("/",O13,FIND("/",O13)+1)))) | AG13: =IF(OR(O13="",AD13=""),"",IFERROR(INDEX(لیست‌ها!$Q$3:$Q$53,MATCH(AD13,لیست‌ها!$P$3:$P$53,0))+IF(AE13<=6,(AE13-1)*31+AF13,IF(AE13<=11,186+(AE13-7)*30+AF13,336+AF13))-1,"")) | AH13: =IF(V13="","",V13&"-"&TEXT(W13,"00")) | AI13: =IF(V13="","",V13*12+W13) | AJ13: =IF(T13="تاخیر",U13+ROW()/100000,"")
A14: 11 | B14: SALE\05\11 | C14: اقدام اصلاحی | D14: کلیم | T14: =IF(B14="","",IF(OR(I14<>"",O14<>""),"بسته",IF(AND(L14<>"",V14=""),"خطای فرمت تاریخ ایجاد",IF(AND(H14<>"",Z14=""),"خطای فرمت مهلت",IF(AND(H14<>"",AC14<>"",TODAY()>AC14),"تاخیر",IF(L14<>"","در حال انجام","")))))) | U14: =IF(T14="تاخیر",TODAY()-AC14,IF(AND(T14="بسته",AG14<>"",AC14<>"",AG14>AC14),AG14-AC14,0)) -> 0 | V14: =IF(L14="","",VALUE(LEFT(L14,FIND("/",L14)-1))) | W14: =IF(L14="","",VALUE(MID(L14,FIND("/",L14)+1,FIND("/",L14,FIND("/",L14)+1)-FIND("/",L14)-1))) | X14: =IF(L14="","",VALUE(MID(L14,FIND("/",L14,FIND("/",L14)+1)+1,LEN(L14)-FIND("/",L14,FIND("/",L14)+1)))) | Y14: =IF(OR(L14="",V14=""),"",IFERROR(INDEX(لیست‌ها!$Q$3:$Q$53,MATCH(V14,لیست‌ها!$P$3:$P$53,0))+IF(W14<=6,(W14-1)*31+X14,IF(W14<=11,186+(W14-7)*30+X14,336+X14))-1,"")) | Z14: =IF(H14="","",VALUE(LEFT(H14,FIND("/",H14)-1))) | AA14: =IF(H14="","",VALUE(MID(H14,FIND("/",H14)+1,FIND("/",H14,FIND("/",H14)+1)-FIND("/",H14)-1))) | AB14: =IF(H14="","",VALUE(MID(H14,FIND("/",H14,FIND("/",H14)+1)+1,LEN(H14)-FIND("/",H14,FIND("/",H14)+1)))) | AC14: =IF(OR(H14="",Z14=""),"",IFERROR(INDEX(لیست‌ها!$Q$3:$Q$53,MATCH(Z14,لیست‌ها!$P$3:$P$53,0))+IF(AA14<=6,(AA14-1)*31+AB14,IF(AA14<=11,186+(AA14-7)*30+AB14,336+AB14))-1,"")) | AD14: =IF(O14="","",VALUE(LEFT(O14,FIND("/",O14)-1))) | AE14: =IF(O14="","",VALUE(MID(O14,FIND("/",O14)+1,FIND("/",O14,FIND("/",O14)+1)-FIND("/",O14)-1))) | AF14: =IF(O14="","",VALUE(MID(O14,FIND("/",O14,FIND("/",O14)+1)+1,LEN(O14)-FIND("/",O14,FIND("/",O14)+1)))) | AG14: =IF(OR(O14="",AD14=""),"",IFERROR(INDEX(لیست‌ها!$Q$3:$Q$53,MATCH(AD14,لیست‌ها!$P$3:$P$53,0))+IF(AE14<=6,(AE14-1)*31+AF14,IF(AE14<=11,186+(AE14-7)*30+AF14,336+AF14))-1,"")) | AH14: =IF(V14="","",V14&"-"&TEXT(W14,"00")) | AI14: =IF(V14="","",V14*12+W14) | AJ14: =IF(T14="تاخیر",U14+ROW()/100000,"")
A15: 12 | B15: SALE\05\12 | C15: اقدام اصلاحی | D15: کلیم | T15: =IF(B15="","",IF(OR(I15<>"",O15<>""),"بسته",IF(AND(L15<>"",V15=""),"خطای فرمت تاریخ ایجاد",IF(AND(H15<>"",Z15=""),"خطای فرمت مهلت",IF(AND(H15<>"",AC15<>"",TODAY()>AC15),"تاخیر",IF(L15<>"","در حال انجام","")))))) | U15: =IF(T15="تاخیر",TODAY()-AC15,IF(AND(T15="بسته",AG15<>"",AC15<>"",AG15>AC15),AG15-AC15,0)) -> 0 | V15: =IF(L15="","",VALUE(LEFT(L15,FIND("/",L15)-1))) | W15: =IF(L15="","",VALUE(MID(L15,FIND("/",L15)+1,FIND("/",L15,FIND("/",L15)+1)-FIND("/",L15)-1))) | X15: =IF(L15="","",VALUE(MID(L15,FIND("/",L15,FIND("/",L15)+1)+1,LEN(L15)-FIND("/",L15,FIND("/",L15)+1)))) | Y15: =IF(OR(L15="",V15=""),"",IFERROR(INDEX(لیست‌ها!$Q$3:$Q$53,MATCH(V15,لیست‌ها!$P$3:$P$53,0))+IF(W15<=6,(W15-1)*31+X15,IF(W15<=11,186+(W15-7)*30+X15,336+X15))-1,"")) | Z15: =IF(H15="","",VALUE(LEFT(H15,FIND("/",H15)-1))) | AA15: =IF(H15="","",VALUE(MID(H15,FIND("/",H15)+1,FIND("/",H15,FIND("/",H15)+1)-FIND("/",H15)-1))) | AB15: =IF(H15="","",VALUE(MID(H15,FIND("/",H15,FIND("/",H15)+1)+1,LEN(H15)-FIND("/",H15,FIND("/",H15)+1)))) | AC15: =IF(OR(H15="",Z15=""),"",IFERROR(INDEX(لیست‌ها!$Q$3:$Q$53,MATCH(Z15,لیست‌ها!$P$3:$P$53,0))+IF(AA15<=6,(AA15-1)*31+AB15,IF(AA15<=11,186+(AA15-7)*30+AB15,336+AB15))-1,"")) | AD15: =IF(O15="","",VALUE(LEFT(O15,FIND("/",O15)-1))) | AE15: =IF(O15="","",VALUE(MID(O15,FIND("/",O15)+1,FIND("/",O15,FIND("/",O15)+1)-FIND("/",O15)-1))) | AF15: =IF(O15="","",VALUE(MID(O15,FIND("/",O15,FIND("/",O15)+1)+1,LEN(O15)-FIND("/",O15,FIND("/",O15)+1)))) | AG15: =IF(OR(O15="",AD15=""),"",IFERROR(INDEX(لیست‌ها!$Q$3:$Q$53,MATCH(AD15,لیست‌ها!$P$3:$P$53,0))+IF(AE15<=6,(AE15-1)*31+AF15,IF(AE15<=11,186+(AE15-7)*30+AF15,336+AF15))-1,"")) | AH15: =IF(V15="","",V15&"-"&TEXT(W15,"00")) | AI15: =IF(V15="","",V15*12+W15) | AJ15: =IF(T15="تاخیر",U15+ROW()/100000,"")
A16: 13 | B16: SALE\05\13 | C16: اقدام اصلاحی | D16: کلیم | T16: =IF(B16="","",IF(OR(I16<>"",O16<>""),"بسته",IF(AND(L16<>"",V16=""),"خطای فرمت تاریخ ایجاد",IF(AND(H16<>"",Z16=""),"خطای فرمت مهلت",IF(AND(H16<>"",AC16<>"",TODAY()>AC16),"تاخیر",IF(L16<>"","در حال انجام","")))))) | U16: =IF(T16="تاخیر",TODAY()-AC16,IF(AND(T16="بسته",AG16<>"",AC16<>"",AG16>AC16),AG16-AC16,0)) -> 0 | V16: =IF(L16="","",VALUE(LEFT(L16,FIND("/",L16)-1))) | W16: =IF(L16="","",VALUE(MID(L16,FIND("/",L16)+1,FIND("/",L16,FIND("/",L16)+1)-FIND("/",L16)-1))) | X16: =IF(L16="","",VALUE(MID(L16,FIND("/",L16,FIND("/",L16)+1)+1,LEN(L16)-FIND("/",L16,FIND("/",L16)+1)))) | Y16: =IF(OR(L16="",V16=""),"",IFERROR(INDEX(لیست‌ها!$Q$3:$Q$53,MATCH(V16,لیست‌ها!$P$3:$P$53,0))+IF(W16<=6,(W16-1)*31+X16,IF(W16<=11,186+(W16-7)*30+X16,336+X16))-1,"")) | Z16: =IF(H16="","",VALUE(LEFT(H16,FIND("/",H16)-1))) | AA16: =IF(H16="","",VALUE(MID(H16,FIND("/",H16)+1,FIND("/",H16,FIND("/",H16)+1)-FIND("/",H16)-1))) | AB16: =IF(H16="","",VALUE(MID(H16,FIND("/",H16,FIND("/",H16)+1)+1,LEN(H16)-FIND("/",H16,FIND("/",H16)+1)))) | AC16: =IF(OR(H16="",Z16=""),"",IFERROR(INDEX(لیست‌ها!$Q$3:$Q$53,MATCH(Z16,لیست‌ها!$P$3:$P$53,0))+IF(AA16<=6,(AA16-1)*31+AB16,IF(AA16<=11,186+(AA16-7)*30+AB16,336+AB16))-1,"")) | AD16: =IF(O16="","",VALUE(LEFT(O16,FIND("/",O16)-1))) | AE16: =IF(O16="","",VALUE(MID(O16,FIND("/",O16)+1,FIND("/",O16,FIND("/",O16)+1)-FIND("/",O16)-1))) | AF16: =IF(O16="","",VALUE(MID(O16,FIND("/",O16,FIND("/",O16)+1)+1,LEN(O16)-FIND("/",O16,FIND("/",O16)+1)))) | AG16: =IF(OR(O16="",AD16=""),"",IFERROR(INDEX(لیست‌ها!$Q$3:$Q$53,MATCH(AD16,لیست‌ها!$P$3:$P$53,0))+IF(AE16<=6,(AE16-1)*31+AF16,IF(AE16<=11,186+(AE16-7)*30+AF16,336+AF16))-1,"")) | AH16: =IF(V16="","",V16&"-"&TEXT(W16,"00")) | AI16: =IF(V16="","",V16*12+W16) | AJ16: =IF(T16="تاخیر",U16+ROW()/100000,"")
A17: 14 | B17: PL\05\14 | C17: اقدام پیشگیرانه | D17: سایر | T17: =IF(B17="","",IF(OR(I17<>"",O17<>""),"بسته",IF(AND(L17<>"",V17=""),"خطای فرمت تاریخ ایجاد",IF(AND(H17<>"",Z17=""),"خطای فرمت مهلت",IF(AND(H17<>"",AC17<>"",TODAY()>AC17),"تاخیر",IF(L17<>"","در حال انجام","")))))) | U17: =IF(T17="تاخیر",TODAY()-AC17,IF(AND(T17="بسته",AG17<>"",AC17<>"",AG17>AC17),AG17-AC17,0)) -> 0 | V17: =IF(L17="","",VALUE(LEFT(L17,FIND("/",L17)-1))) | W17: =IF(L17="","",VALUE(MID(L17,FIND("/",L17)+1,FIND("/",L17,FIND("/",L17)+1)-FIND("/",L17)-1))) | X17: =IF(L17="","",VALUE(MID(L17,FIND("/",L17,FIND("/",L17)+1)+1,LEN(L17)-FIND("/",L17,FIND("/",L17)+1)))) | Y17: =IF(OR(L17="",V17=""),"",IFERROR(INDEX(لیست‌ها!$Q$3:$Q$53,MATCH(V17,لیست‌ها!$P$3:$P$53,0))+IF(W17<=6,(W17-1)*31+X17,IF(W17<=11,186+(W17-7)*30+X17,336+X17))-1,"")) | Z17: =IF(H17="","",VALUE(LEFT(H17,FIND("/",H17)-1))) | AA17: =IF(H17="","",VALUE(MID(H17,FIND("/",H17)+1,FIND("/",H17,FIND("/",H17)+1)-FIND("/",H17)-1))) | AB17: =IF(H17="","",VALUE(MID(H17,FIND("/",H17,FIND("/",H17)+1)+1,LEN(H17)-FIND("/",H17,FIND("/",H17)+1)))) | AC17: =IF(OR(H17="",Z17=""),"",IFERROR(INDEX(لیست‌ها!$Q$3:$Q$53,MATCH(Z17,لیست‌ها!$P$3:$P$53,0))+IF(AA17<=6,(AA17-1)*31+AB17,IF(AA17<=11,186+(AA17-7)*30+AB17,336+AB17))-1,"")) | AD17: =IF(O17="","",VALUE(LEFT(O17,FIND("/",O17)-1))) | AE17: =IF(O17="","",VALUE(MID(O17,FIND("/",O17)+1,FIND("/",O17,FIND("/",O17)+1)-FIND("/",O17)-1))) | AF17: =IF(O17="","",VALUE(MID(O17,FIND("/",O17,FIND("/",O17)+1)+1,LEN(O17)-FIND("/",O17,FIND("/",O17)+1)))) | AG17: =IF(OR(O17="",AD17=""),"",IFERROR(INDEX(لیست‌ها!$Q$3:$Q$53,MATCH(AD17,لیست‌ها!$P$3:$P$53,0))+IF(AE17<=6,(AE17-1)*31+AF17,IF(AE17<=11,186+(AE17-7)*30+AF17,336+AF17))-1,"")) | AH17: =IF(V17="","",V17&"-"&TEXT(W17,"00")) | AI17: =IF(V17="","",V17*12+W17) | AJ17: =IF(T17="تاخیر",U17+ROW()/100000,"")
A18: 15 | B18: PL\05\15 | C18: اقدام اصلاحی | D18: سایر | T18: =IF(B18="","",IF(OR(I18<>"",O18<>""),"بسته",IF(AND(L18<>"",V18=""),"خطای فرمت تاریخ ایجاد",IF(AND(H18<>"",Z18=""),"خطای فرمت مهلت",IF(AND(H18<>"",AC18<>"",TODAY()>AC18),"تاخیر",IF(L18<>"","در حال انجام","")))))) | U18: =IF(T18="تاخیر",TODAY()-AC18,IF(AND(T18="بسته",AG18<>"",AC18<>"",AG18>AC18),AG18-AC18,0)) -> 0 | V18: =IF(L18="","",VALUE(LEFT(L18,FIND("/",L18)-1))) | W18: =IF(L18="","",VALUE(MID(L18,FIND("/",L18)+1,FIND("/",L18,FIND("/",L18)+1)-FIND("/",L18)-1))) | X18: =IF(L18="","",VALUE(MID(L18,FIND("/",L18,FIND("/",L18)+1)+1,LEN(L18)-FIND("/",L18,FIND("/",L18)+1)))) | Y18: =IF(OR(L18="",V18=""),"",IFERROR(INDEX(لیست‌ها!$Q$3:$Q$53,MATCH(V18,لیست‌ها!$P$3:$P$53,0))+IF(W18<=6,(W18-1)*31+X18,IF(W18<=11,186+(W18-7)*30+X18,336+X18))-1,"")) | Z18: =IF(H18="","",VALUE(LEFT(H18,FIND("/",H18)-1))) | AA18: =IF(H18="","",VALUE(MID(H18,FIND("/",H18)+1,FIND("/",H18,FIND("/",H18)+1)-FIND("/",H18)-1))) | AB18: =IF(H18="","",VALUE(MID(H18,FIND("/",H18,FIND("/",H18)+1)+1,LEN(H18)-FIND("/",H18,FIND("/",H18)+1)))) | AC18: =IF(OR(H18="",Z18=""),"",IFERROR(INDEX(لیست‌ها!$Q$3:$Q$53,MATCH(Z18,لیست‌ها!$P$3:$P$53,0))+IF(AA18<=6,(AA18-1)*31+AB18,IF(AA18<=11,186+(AA18-7)*30+AB18,336+AB18))-1,"")) | AD18: =IF(O18="","",VALUE(LEFT(O18,FIND("/",O18)-1))) | AE18: =IF(O18="","",VALUE(MID(O18,FIND("/",O18)+1,FIND("/",O18,FIND("/",O18)+1)-FIND("/",O18)-1))) | AF18: =IF(O18="","",VALUE(MID(O18,FIND("/",O18,FIND("/",O18)+1)+1,LEN(O18)-FIND("/",O18,FIND("/",O18)+1)))) | AG18: =IF(OR(O18="",AD18=""),"",IFERROR(INDEX(لیست‌ها!$Q$3:$Q$53,MATCH(AD18,لیست‌ها!$P$3:$P$53,0))+IF(AE18<=6,(AE18-1)*31+AF18,IF(AE18<=11,186+(AE18-7)*30+AF18,336+AF18))-1,"")) | AH18: =IF(V18="","",V18&"-"&TEXT(W18,"00")) | AI18: =IF(V18="","",V18*12+W18) | AJ18: =IF(T18="تاخیر",U18+ROW()/100000,"")
A19: 16 | B19: des\05\16 | C19: اقدام اصلاحی | D19: پایش فرآیندها و تجزیه و تحلیل | T19: =IF(B19="","",IF(OR(I19<>"",O19<>""),"بسته",IF(AND(L19<>"",V19=""),"خطای فرمت تاریخ ایجاد",IF(AND(H19<>"",Z19=""),"خطای فرمت مهلت",IF(AND(H19<>"",AC19<>"",TODAY()>AC19),"تاخیر",IF(L19<>"","در حال انجام","")))))) | U19: =IF(T19="تاخیر",TODAY()-AC19,IF(AND(T19="بسته",AG19<>"",AC19<>"",AG19>AC19),AG19-AC19,0)) -> 0 | V19: =IF(L19="","",VALUE(LEFT(L19,FIND("/",L19)-1))) | W19: =IF(L19="","",VALUE(MID(L19,FIND("/",L19)+1,FIND("/",L19,FIND("/",L19)+1)-FIND("/",L19)-1))) | X19: =IF(L19="","",VALUE(MID(L19,FIND("/",L19,FIND("/",L19)+1)+1,LEN(L19)-FIND("/",L19,FIND("/",L19)+1)))) | Y19: =IF(OR(L19="",V19=""),"",IFERROR(INDEX(لیست‌ها!$Q$3:$Q$53,MATCH(V19,لیست‌ها!$P$3:$P$53,0))+IF(W19<=6,(W19-1)*31+X19,IF(W19<=11,186+(W19-7)*30+X19,336+X19))-1,"")) | Z19: =IF(H19="","",VALUE(LEFT(H19,FIND("/",H19)-1))) | AA19: =IF(H19="","",VALUE(MID(H19,FIND("/",H19)+1,FIND("/",H19,FIND("/",H19)+1)-FIND("/",H19)-1))) | AB19: =IF(H19="","",VALUE(MID(H19,FIND("/",H19,FIND("/",H19)+1)+1,LEN(H19)-FIND("/",H19,FIND("/",H19)+1)))) | AC19: =IF(OR(H19="",Z19=""),"",IFERROR(INDEX(لیست‌ها!$Q$3:$Q$53,MATCH(Z19,لیست‌ها!$P$3:$P$53,0))+IF(AA19<=6,(AA19-1)*31+AB19,IF(AA19<=11,186+(AA19-7)*30+AB19,336+AB19))-1,"")) | AD19: =IF(O19="","",VALUE(LEFT(O19,FIND("/",O19)-1))) | AE19: =IF(O19="","",VALUE(MID(O19,FIND("/",O19)+1,FIND("/",O19,FIND("/",O19)+1)-FIND("/",O19)-1))) | AF19: =IF(O19="","",VALUE(MID(O19,FIND("/",O19,FIND("/",O19)+1)+1,LEN(O19)-FIND("/",O19,FIND("/",O19)+1)))) | AG19: =IF(OR(O19="",AD19=""),"",IFERROR(INDEX(لیست‌ها!$Q$3:$Q$53,MATCH(AD19,لیست‌ها!$P$3:$P$53,0))+IF(AE19<=6,(AE19-1)*31+AF19,IF(AE19<=11,186+(AE19-7)*30+AF19,336+AF19))-1,"")) | AH19: =IF(V19="","",V19&"-"&TEXT(W19,"00")) | AI19: =IF(V19="","",V19*12+W19) | AJ19: =IF(T19="تاخیر",U19+ROW()/100000,"")
... A258: 255 | B258: PR\05\255 | C258: اقدام اصلاحی | D258: پایش فرآیندها و تجزیه و تحلیل | T258: =IF(B258="","",IF(OR(I258<>"",O258<>""),"بسته",IF(AND(L258<>"",V258=""),"خطای فرمت تاریخ ایجاد",IF(AND(H258<>"",Z258=""),"خطای فرمت مهلت",IF(AND(H258<>"",AC258<>"",TODAY()>AC258),"تاخیر",IF(L258<>"","در حال انجام","")))))) | U258: =IF(T258="تاخیر",TODAY()-AC258,IF(AND(T258="بسته",AG258<>"",AC258<>"",AG258>AC258),AG258-AC258,0)) -> 0 | V258: =IF(L258="","",VALUE(LEFT(L258,FIND("/",L258)-1))) | W258: =IF(L258="","",VALUE(MID(L258,FIND("/",L258)+1,FIND("/",L258,FIND("/",L258)+1)-FIND("/",L258)-1))) | X258: =IF(L258="","",VALUE(MID(L258,FIND("/",L258,FIND("/",L258)+1)+1,LEN(L258)-FIND("/",L258,FIND("/",L258)+1)))) | Y258: =IF(OR(L258="",V258=""),"",IFERROR(INDEX(لیست‌ها!$Q$3:$Q$53,MATCH(V258,لیست‌ها!$P$3:$P$53,0))+IF(W258<=6,(W258-1)*31+X258,IF(W258<=11,186+(W258-7)*30+X258,336+X258))-1,"")) | Z258: =IF(H258="","",VALUE(LEFT(H258,FIND("/",H258)-1))) | AA258: =IF(H258="","",VALUE(MID(H258,FIND("/",H258)+1,FIND("/",H258,FIND("/",H258)+1)-FIND("/",H258)-1))) | AB258: =IF(H258="","",VALUE(MID(H258,FIND("/",H258,FIND("/",H258)+1)+1,LEN(H258)-FIND("/",H258,FIND("/",H258)+1)))) | AC258: =IF(OR(H258="",Z258=""),"",IFERROR(INDEX(لیست‌ها!$Q$3:$Q$53,MATCH(Z258,لیست‌ها!$P$3:$P$53,0))+IF(AA258<=6,(AA258-1)*31+AB258,IF(AA258<=11,186+(AA258-7)*30+AB258,336+AB258))-1,"")) | AD258: =IF(O258="","",VALUE(LEFT(O258,FIND("/",O258)-1))) | AE258: =IF(O258="","",VALUE(MID(O258,FIND("/",O258)+1,FIND("/",O258,FIND("/",O258)+1)-FIND("/",O258)-1))) | AF258: =IF(O258="","",VALUE(MID(O258,FIND("/",O258,FIND("/",O258)+1)+1,LEN(O258)-FIND("/",O258,FIND("/",O258)+1)))) | AG258: =IF(OR(O258="",AD258=""),"",IFERROR(INDEX(لیست‌ها!$Q$3:$Q$53,MATCH(AD258,لیست‌ها!$P$3:$P$53,0))+IF(AE258<=6,(AE258-1)*31+AF258,IF(AE258<=11,186+(AE258-7)*30+AF258,336+AF258))-1,"")) | AH258: =IF(V258="","",V258&"-"&TEXT(W258,"00")) | AI258: =IF(V258="","",V258*12+W258) | AJ258: =IF(T258="تاخیر",U258+ROW()/100000,"")
A259: 256 | T259: =IF(B259="","",IF(OR(I259<>"",O259<>""),"بسته",IF(AND(L259<>"",V259=""),"خطای فرمت تاریخ ایجاد",IF(AND(H259<>"",Z259=""),"خطای فرمت مهلت",IF(AND(H259<>"",AC259<>"",TODAY()>AC259),"تاخیر",IF(L259<>"","در حال انجام","")))))) | U259: =IF(T259="تاخیر",TODAY()-AC259,IF(AND(T259="بسته",AG259<>"",AC259<>"",AG259>AC259),AG259-AC259,0)) -> 0 | V259: =IF(L259="","",VALUE(LEFT(L259,FIND("/",L259)-1))) | W259: =IF(L259="","",VALUE(MID(L259,FIND("/",L259)+1,FIND("/",L259,FIND("/",L259)+1)-FIND("/",L259)-1))) | X259: =IF(L259="","",VALUE(MID(L259,FIND("/",L259,FIND("/",L259)+1)+1,LEN(L259)-FIND("/",L259,FIND("/",L259)+1)))) | Y259: =IF(OR(L259="",V259=""),"",IFERROR(INDEX(لیست‌ها!$Q$3:$Q$53,MATCH(V259,لیست‌ها!$P$3:$P$53,0))+IF(W259<=6,(W259-1)*31+X259,IF(W259<=11,186+(W259-7)*30+X259,336+X259))-1,"")) | Z259: =IF(H259="","",VALUE(LEFT(H259,FIND("/",H259)-1))) | AA259: =IF(H259="","",VALUE(MID(H259,FIND("/",H259)+1,FIND("/",H259,FIND("/",H259)+1)-FIND("/",H259)-1))) | AB259: =IF(H259="","",VALUE(MID(H259,FIND("/",H259,FIND("/",H259)+1)+1,LEN(H259)-FIND("/",H259,FIND("/",H259)+1)))) | AC259: =IF(OR(H259="",Z259=""),"",IFERROR(INDEX(لیست‌ها!$Q$3:$Q$53,MATCH(Z259,لیست‌ها!$P$3:$P$53,0))+IF(AA259<=6,(AA259-1)*31+AB259,IF(AA259<=11,186+(AA259-7)*30+AB259,336+AB259))-1,"")) | AD259: =IF(O259="","",VALUE(LEFT(O259,FIND("/",O259)-1))) | AE259: =IF(O259="","",VALUE(MID(O259,FIND("/",O259)+1,FIND("/",O259,FIND("/",O259)+1)-FIND("/",O259)-1))) | AF259: =IF(O259="","",VALUE(MID(O259,FIND("/",O259,FIND("/",O259)+1)+1,LEN(O259)-FIND("/",O259,FIND("/",O259)+1)))) | AG259: =IF(OR(O259="",AD259=""),"",IFERROR(INDEX(لیست‌ها!$Q$3:$Q$53,MATCH(AD259,لیست‌ها!$P$3:$P$53,0))+IF(AE259<=6,(AE259-1)*31+AF259,IF(AE259<=11,186+(AE259-7)*30+AF259,336+AF259))-1,"")) | AH259: =IF(V259="","",V259&"-"&TEXT(W259,"00")) | AI259: =IF(V259="","",V259*12+W259) | AJ259: =IF(T259="تاخیر",U259+ROW()/100000,"")
A260: 257 | T260: =IF(B260="","",IF(OR(I260<>"",O260<>""),"بسته",IF(AND(L260<>"",V260=""),"خطای فرمت تاریخ ایجاد",IF(AND(H260<>"",Z260=""),"خطای فرمت مهلت",IF(AND(H260<>"",AC260<>"",TODAY()>AC260),"تاخیر",IF(L260<>"","در حال انجام","")))))) | U260: =IF(T260="تاخیر",TODAY()-AC260,IF(AND(T260="بسته",AG260<>"",AC260<>"",AG260>AC260),AG260-AC260,0)) -> 0 | V260: =IF(L260="","",VALUE(LEFT(L260,FIND("/",L260)-1))) | W260: =IF(L260="","",VALUE(MID(L260,FIND("/",L260)+1,FIND("/",L260,FIND("/",L260)+1)-FIND("/",L260)-1))) | X260: =IF(L260="","",VALUE(MID(L260,FIND("/",L260,FIND("/",L260)+1)+1,LEN(L260)-FIND("/",L260,FIND("/",L260)+1)))) | Y260: =IF(OR(L260="",V260=""),"",IFERROR(INDEX(لیست‌ها!$Q$3:$Q$53,MATCH(V260,لیست‌ها!$P$3:$P$53,0))+IF(W260<=6,(W260-1)*31+X260,IF(W260<=11,186+(W260-7)*30+X260,336+X260))-1,"")) | Z260: =IF(H260="","",VALUE(LEFT(H260,FIND("/",H260)-1))) | AA260: =IF(H260="","",VALUE(MID(H260,FIND("/",H260)+1,FIND("/",H260,FIND("/",H260)+1)-FIND("/",H260)-1))) | AB260: =IF(H260="","",VALUE(MID(H260,FIND("/",H260,FIND("/",H260)+1)+1,LEN(H260)-FIND("/",H260,FIND("/",H260)+1)))) | AC260: =IF(OR(H260="",Z260=""),"",IFERROR(INDEX(لیست‌ها!$Q$3:$Q$53,MATCH(Z260,لیست‌ها!$P$3:$P$53,0))+IF(AA260<=6,(AA260-1)*31+AB260,IF(AA260<=11,186+(AA260-7)*30+AB260,336+AB260))-1,"")) | AD260: =IF(O260="","",VALUE(LEFT(O260,FIND("/",O260)-1))) | AE260: =IF(O260="","",VALUE(MID(O260,FIND("/",O260)+1,FIND("/",O260,FIND("/",O260)+1)-FIND("/",O260)-1))) | AF260: =IF(O260="","",VALUE(MID(O260,FIND("/",O260,FIND("/",O260)+1)+1,LEN(O260)-FIND("/",O260,FIND("/",O260)+1)))) | AG260: =IF(OR(O260="",AD260=""),"",IFERROR(INDEX(لیست‌ها!$Q$3:$Q$53,MATCH(AD260,لیست‌ها!$P$3:$P$53,0))+IF(AE260<=6,(AE260-1)*31+AF260,IF(AE260<=11,186+(AE260-7)*30+AF260,336+AF260))-1,"")) | AH260: =IF(V260="","",V260&"-"&TEXT(W260,"00")) | AI260: =IF(V260="","",V260*12+W260) | AJ260: =IF(T260="تاخیر",U260+ROW()/100000,"")
A261: 258 | T261: =IF(B261="","",IF(OR(I261<>"",O261<>""),"بسته",IF(AND(L261<>"",V261=""),"خطای فرمت تاریخ ایجاد",IF(AND(H261<>"",Z261=""),"خطای فرمت مهلت",IF(AND(H261<>"",AC261<>"",TODAY()>AC261),"تاخیر",IF(L261<>"","در حال انجام","")))))) | U261: =IF(T261="تاخیر",TODAY()-AC261,IF(AND(T261="بسته",AG261<>"",AC261<>"",AG261>AC261),AG261-AC261,0)) -> 0 | V261: =IF(L261="","",VALUE(LEFT(L261,FIND("/",L261)-1))) | W261: =IF(L261="","",VALUE(MID(L261,FIND("/",L261)+1,FIND("/",L261,FIND("/",L261)+1)-FIND("/",L261)-1))) | X261: =IF(L261="","",VALUE(MID(L261,FIND("/",L261,FIND("/",L261)+1)+1,LEN(L261)-FIND("/",L261,FIND("/",L261)+1)))) | Y261: =IF(OR(L261="",V261=""),"",IFERROR(INDEX(لیست‌ها!$Q$3:$Q$53,MATCH(V261,لیست‌ها!$P$3:$P$53,0))+IF(W261<=6,(W261-1)*31+X261,IF(W261<=11,186+(W261-7)*30+X261,336+X261))-1,"")) | Z261: =IF(H261="","",VALUE(LEFT(H261,FIND("/",H261)-1))) | AA261: =IF(H261="","",VALUE(MID(H261,FIND("/",H261)+1,FIND("/",H261,FIND("/",H261)+1)-FIND("/",H261)-1))) | AB261: =IF(H261="","",VALUE(MID(H261,FIND("/",H261,FIND("/",H261)+1)+1,LEN(H261)-FIND("/",H261,FIND("/",H261)+1)))) | AC261: =IF(OR(H261="",Z261=""),"",IFERROR(INDEX(لیست‌ها!$Q$3:$Q$53,MATCH(Z261,لیست‌ها!$P$3:$P$53,0))+IF(AA261<=6,(AA261-1)*31+AB261,IF(AA261<=11,186+(AA261-7)*30+AB261,336+AB261))-1,"")) | AD261: =IF(O261="","",VALUE(LEFT(O261,FIND("/",O261)-1))) | AE261: =IF(O261="","",VALUE(MID(O261,FIND("/",O261)+1,FIND("/",O261,FIND("/",O261)+1)-FIND("/",O261)-1))) | AF261: =IF(O261="","",VALUE(MID(O261,FIND("/",O261,FIND("/",O261)+1)+1,LEN(O261)-FIND("/",O261,FIND("/",O261)+1)))) | AG261: =IF(OR(O261="",AD261=""),"",IFERROR(INDEX(لیست‌ها!$Q$3:$Q$53,MATCH(AD261,لیست‌ها!$P$3:$P$53,0))+IF(AE261<=6,(AE261-1)*31+AF261,IF(AE261<=11,186+(AE261-7)*30+AF261,336+AF261))-1,"")) | AH261: =IF(V261="","",V261&"-"&TEXT(W261,"00")) | AI261: =IF(V261="","",V261*12+W261) | AJ261: =IF(T261="تاخیر",U261+ROW()/100000,"")
A262: 259 | T262: =IF(B262="","",IF(OR(I262<>"",O262<>""),"بسته",IF(AND(L262<>"",V262=""),"خطای فرمت تاریخ ایجاد",IF(AND(H262<>"",Z262=""),"خطای فرمت مهلت",IF(AND(H262<>"",AC262<>"",TODAY()>AC262),"تاخیر",IF(L262<>"","در حال انجام","")))))) | U262: =IF(T262="تاخیر",TODAY()-AC262,IF(AND(T262="بسته",AG262<>"",AC262<>"",AG262>AC262),AG262-AC262,0)) -> 0 | V262: =IF(L262="","",VALUE(LEFT(L262,FIND("/",L262)-1))) | W262: =IF(L262="","",VALUE(MID(L262,FIND("/",L262)+1,FIND("/",L262,FIND("/",L262)+1)-FIND("/",L262)-1))) | X262: =IF(L262="","",VALUE(MID(L262,FIND("/",L262,FIND("/",L262)+1)+1,LEN(L262)-FIND("/",L262,FIND("/",L262)+1)))) | Y262: =IF(OR(L262="",V262=""),"",IFERROR(INDEX(لیست‌ها!$Q$3:$Q$53,MATCH(V262,لیست‌ها!$P$3:$P$53,0))+IF(W262<=6,(W262-1)*31+X262,IF(W262<=11,186+(W262-7)*30+X262,336+X262))-1,"")) | Z262: =IF(H262="","",VALUE(LEFT(H262,FIND("/",H262)-1))) | AA262: =IF(H262="","",VALUE(MID(H262,FIND("/",H262)+1,FIND("/",H262,FIND("/",H262)+1)-FIND("/",H262)-1))) | AB262: =IF(H262="","",VALUE(MID(H262,FIND("/",H262,FIND("/",H262)+1)+1,LEN(H262)-FIND("/",H262,FIND("/",H262)+1)))) | AC262: =IF(OR(H262="",Z262=""),"",IFERROR(INDEX(لیست‌ها!$Q$3:$Q$53,MATCH(Z262,لیست‌ها!$P$3:$P$53,0))+IF(AA262<=6,(AA262-1)*31+AB262,IF(AA262<=11,186+(AA262-7)*30+AB262,336+AB262))-1,"")) | AD262: =IF(O262="","",VALUE(LEFT(O262,FIND("/",O262)-1))) | AE262: =IF(O262="","",VALUE(MID(O262,FIND("/",O262)+1,FIND("/",O262,FIND("/",O262)+1)-FIND("/",O262)-1))) | AF262: =IF(O262="","",VALUE(MID(O262,FIND("/",O262,FIND("/",O262)+1)+1,LEN(O262)-FIND("/",O262,FIND("/",O262)+1)))) | AG262: =IF(OR(O262="",AD262=""),"",IFERROR(INDEX(لیست‌ها!$Q$3:$Q$53,MATCH(AD262,لیست‌ها!$P$3:$P$53,0))+IF(AE262<=6,(AE262-1)*31+AF262,IF(AE262<=11,186+(AE262-7)*30+AF262,336+AF262))-1,"")) | AH262: =IF(V262="","",V262&"-"&TEXT(W262,"00")) | AI262: =IF(V262="","",V262*12+W262) | AJ262: =IF(T262="تاخیر",U262+ROW()/100000,"")
A263: 260 | T263: =IF(B263="","",IF(OR(I263<>"",O263<>""),"بسته",IF(AND(L263<>"",V263=""),"خطای فرمت تاریخ ایجاد",IF(AND(H263<>"",Z263=""),"خطای فرمت مهلت",IF(AND(H263<>"",AC263<>"",TODAY()>AC263),"تاخیر",IF(L263<>"","در حال انجام","")))))) | U263: =IF(T263="تاخیر",TODAY()-AC263,IF(AND(T263="بسته",AG263<>"",AC263<>"",AG263>AC263),AG263-AC263,0)) -> 0 | V263: =IF(L263="","",VALUE(LEFT(L263,FIND("/",L263)-1))) | W263: =IF(L263="","",VALUE(MID(L263,FIND("/",L263)+1,FIND("/",L263,FIND("/",L263)+1)-FIND("/",L263)-1))) | X263: =IF(L263="","",VALUE(MID(L263,FIND("/",L263,FIND("/",L263)+1)+1,LEN(L263)-FIND("/",L263,FIND("/",L263)+1)))) | Y263: =IF(OR(L263="",V263=""),"",IFERROR(INDEX(لیست‌ها!$Q$3:$Q$53,MATCH(V263,لیست‌ها!$P$3:$P$53,0))+IF(W263<=6,(W263-1)*31+X263,IF(W263<=11,186+(W263-7)*30+X263,336+X263))-1,"")) | Z263: =IF(H263="","",VALUE(LEFT(H263,FIND("/",H263)-1))) | AA263: =IF(H263="","",VALUE(MID(H263,FIND("/",H263)+1,FIND("/",H263,FIND("/",H263)+1)-FIND("/",H263)-1))) | AB263: =IF(H263="","",VALUE(MID(H263,FIND("/",H263,FIND("/",H263)+1)+1,LEN(H263)-FIND("/",H263,FIND("/",H263)+1)))) | AC263: =IF(OR(H263="",Z263=""),"",IFERROR(INDEX(لیست‌ها!$Q$3:$Q$53,MATCH(Z263,لیست‌ها!$P$3:$P$53,0))+IF(AA263<=6,(AA263-1)*31+AB263,IF(AA263<=11,186+(AA263-7)*30+AB263,336+AB263))-1,"")) | AD263: =IF(O263="","",VALUE(LEFT(O263,FIND("/",O263)-1))) | AE263: =IF(O263="","",VALUE(MID(O263,FIND("/",O263)+1,FIND("/",O263,FIND("/",O263)+1)-FIND("/",O263)-1))) | AF263: =IF(O263="","",VALUE(MID(O263,FIND("/",O263,FIND("/",O263)+1)+1,LEN(O263)-FIND("/",O263,FIND("/",O263)+1)))) | AG263: =IF(OR(O263="",AD263=""),"",IFERROR(INDEX(لیست‌ها!$Q$3:$Q$53,MATCH(AD263,لیست‌ها!$P$3:$P$53,0))+IF(AE263<=6,(AE263-1)*31+AF263,IF(AE263<=11,186+(AE263-7)*30+AF263,336+AF263))-1,"")) | AH263: =IF(V263="","",V263&"-"&TEXT(W263,"00")) | AI263: =IF(V263="","",V263*12+W263) | AJ263: =IF(T263="تاخیر",U263+ROW()/100000,"")
A264: 261 | T264: =IF(B264="","",IF(OR(I264<>"",O264<>""),"بسته",IF(AND(L264<>"",V264=""),"خطای فرمت تاریخ ایجاد",IF(AND(H264<>"",Z264=""),"خطای فرمت مهلت",IF(AND(H264<>"",AC264<>"",TODAY()>AC264),"تاخیر",IF(L264<>"","در حال انجام","")))))) | U264: =IF(T264="تاخیر",TODAY()-AC264,IF(AND(T264="بسته",AG264<>"",AC264<>"",AG264>AC264),AG264-AC264,0)) -> 0 | V264: =IF(L264="","",VALUE(LEFT(L264,FIND("/",L264)-1))) | W264: =IF(L264="","",VALUE(MID(L264,FIND("/",L264)+1,FIND("/",L264,FIND("/",L264)+1)-FIND("/",L264)-1))) | X264: =IF(L264="","",VALUE(MID(L264,FIND("/",L264,FIND("/",L264)+1)+1,LEN(L264)-FIND("/",L264,FIND("/",L264)+1)))) | Y264: =IF(OR(L264="",V264=""),"",IFERROR(INDEX(لیست‌ها!$Q$3:$Q$53,MATCH(V264,لیست‌ها!$P$3:$P$53,0))+IF(W264<=6,(W264-1)*31+X264,IF(W264<=11,186+(W264-7)*30+X264,336+X264))-1,"")) | Z264: =IF(H264="","",VALUE(LEFT(H264,FIND("/",H264)-1))) | AA264: =IF(H264="","",VALUE(MID(H264,FIND("/",H264)+1,FIND("/",H264,FIND("/",H264)+1)-FIND("/",H264)-1))) | AB264: =IF(H264="","",VALUE(MID(H264,FIND("/",H264,FIND("/",H264)+1)+1,LEN(H264)-FIND("/",H264,FIND("/",H264)+1)))) | AC264: =IF(OR(H264="",Z264=""),"",IFERROR(INDEX(لیست‌ها!$Q$3:$Q$53,MATCH(Z264,لیست‌ها!$P$3:$P$53,0))+IF(AA264<=6,(AA264-1)*31+AB264,IF(AA264<=11,186+(AA264-7)*30+AB264,336+AB264))-1,"")) | AD264: =IF(O264="","",VALUE(LEFT(O264,FIND("/",O264)-1))) | AE264: =IF(O264="","",VALUE(MID(O264,FIND("/",O264)+1,FIND("/",O264,FIND("/",O264)+1)-FIND("/",O264)-1))) | AF264: =IF(O264="","",VALUE(MID(O264,FIND("/",O264,FIND("/",O264)+1)+1,LEN(O264)-FIND("/",O264,FIND("/",O264)+1)))) | AG264: =IF(OR(O264="",AD264=""),"",IFERROR(INDEX(لیست‌ها!$Q$3:$Q$53,MATCH(AD264,لیست‌ها!$P$3:$P$53,0))+IF(AE264<=6,(AE264-1)*31+AF264,IF(AE264<=11,186+(AE264-7)*30+AF264,336+AF264))-1,"")) | AH264: =IF(V264="","",V264&"-"&TEXT(W264,"00")) | AI264: =IF(V264="","",V264*12+W264) | AJ264: =IF(T264="تاخیر",U264+ROW()/100000,"")
A265: 262 | T265: =IF(B265="","",IF(OR(I265<>"",O265<>""),"بسته",IF(AND(L265<>"",V265=""),"خطای فرمت تاریخ ایجاد",IF(AND(H265<>"",Z265=""),"خطای فرمت مهلت",IF(AND(H265<>"",AC265<>"",TODAY()>AC265),"تاخیر",IF(L265<>"","در حال انجام","")))))) | U265: =IF(T265="تاخیر",TODAY()-AC265,IF(AND(T265="بسته",AG265<>"",AC265<>"",AG265>AC265),AG265-AC265,0)) -> 0 | V265: =IF(L265="","",VALUE(LEFT(L265,FIND("/",L265)-1))) | W265: =IF(L265="","",VALUE(MID(L265,FIND("/",L265)+1,FIND("/",L265,FIND("/",L265)+1)-FIND("/",L265)-1))) | X265: =IF(L265="","",VALUE(MID(L265,FIND("/",L265,FIND("/",L265)+1)+1,LEN(L265)-FIND("/",L265,FIND("/",L265)+1)))) | Y265: =IF(OR(L265="",V265=""),"",IFERROR(INDEX(لیست‌ها!$Q$3:$Q$53,MATCH(V265,لیست‌ها!$P$3:$P$53,0))+IF(W265<=6,(W265-1)*31+X265,IF(W265<=11,186+(W265-7)*30+X265,336+X265))-1,"")) | Z265: =IF(H265="","",VALUE(LEFT(H265,FIND("/",H265)-1))) | AA265: =IF(H265="","",VALUE(MID(H265,FIND("/",H265)+1,FIND("/",H265,FIND("/",H265)+1)-FIND("/",H265)-1))) | AB265: =IF(H265="","",VALUE(MID(H265,FIND("/",H265,FIND("/",H265)+1)+1,LEN(H265)-FIND("/",H265,FIND("/",H265)+1)))) | AC265: =IF(OR(H265="",Z265=""),"",IFERROR(INDEX(لیست‌ها!$Q$3:$Q$53,MATCH(Z265,لیست‌ها!$P$3:$P$53,0))+IF(AA265<=6,(AA265-1)*31+AB265,IF(AA265<=11,186+(AA265-7)*30+AB265,336+AB265))-1,"")) | AD265: =IF(O265="","",VALUE(LEFT(O265,FIND("/",O265)-1))) | AE265: =IF(O265="","",VALUE(MID(O265,FIND("/",O265)+1,FIND("/",O265,FIND("/",O265)+1)-FIND("/",O265)-1))) | AF265: =IF(O265="","",VALUE(MID(O265,FIND("/",O265,FIND("/",O265)+1)+1,LEN(O265)-FIND("/",O265,FIND("/",O265)+1)))) | AG265: =IF(OR(O265="",AD265=""),"",IFERROR(INDEX(لیست‌ها!$Q$3:$Q$53,MATCH(AD265,لیست‌ها!$P$3:$P$53,0))+IF(AE265<=6,(AE265-1)*31+AF265,IF(AE265<=11,186+(AE265-7)*30+AF265,336+AF265))-1,"")) | AH265: =IF(V265="","",V265&"-"&TEXT(W265,"00")) | AI265: =IF(V265="","",V265*12+W265) | AJ265: =IF(T265="تاخیر",U265+ROW()/100000,"")
A266: 263 | T266: =IF(B266="","",IF(OR(I266<>"",O266<>""),"بسته",IF(AND(L266<>"",V266=""),"خطای فرمت تاریخ ایجاد",IF(AND(H266<>"",Z266=""),"خطای فرمت مهلت",IF(AND(H266<>"",AC266<>"",TODAY()>AC266),"تاخیر",IF(L266<>"","در حال انجام","")))))) | U266: =IF(T266="تاخیر",TODAY()-AC266,IF(AND(T266="بسته",AG266<>"",AC266<>"",AG266>AC266),AG266-AC266,0)) -> 0 | V266: =IF(L266="","",VALUE(LEFT(L266,FIND("/",L266)-1))) | W266: =IF(L266="","",VALUE(MID(L266,FIND("/",L266)+1,FIND("/",L266,FIND("/",L266)+1)-FIND("/",L266)-1))) | X266: =IF(L266="","",VALUE(MID(L266,FIND("/",L266,FIND("/",L266)+1)+1,LEN(L266)-FIND("/",L266,FIND("/",L266)+1)))) | Y266: =IF(OR(L266="",V266=""),"",IFERROR(INDEX(لیست‌ها!$Q$3:$Q$53,MATCH(V266,لیست‌ها!$P$3:$P$53,0))+IF(W266<=6,(W266-1)*31+X266,IF(W266<=11,186+(W266-7)*30+X266,336+X266))-1,"")) | Z266: =IF(H266="","",VALUE(LEFT(H266,FIND("/",H266)-1))) | AA266: =IF(H266="","",VALUE(MID(H266,FIND("/",H266)+1,FIND("/",H266,FIND("/",H266)+1)-FIND("/",H266)-1))) | AB266: =IF(H266="","",VALUE(MID(H266,FIND("/",H266,FIND("/",H266)+1)+1,LEN(H266)-FIND("/",H266,FIND("/",H266)+1)))) | AC266: =IF(OR(H266="",Z266=""),"",IFERROR(INDEX(لیست‌ها!$Q$3:$Q$53,MATCH(Z266,لیست‌ها!$P$3:$P$53,0))+IF(AA266<=6,(AA266-1)*31+AB266,IF(AA266<=11,186+(AA266-7)*30+AB266,336+AB266))-1,"")) | AD266: =IF(O266="","",VALUE(LEFT(O266,FIND("/",O266)-1))) | AE266: =IF(O266="","",VALUE(MID(O266,FIND("/",O266)+1,FIND("/",O266,FIND("/",O266)+1)-FIND("/",O266)-1))) | AF266: =IF(O266="","",VALUE(MID(O266,FIND("/",O266,FIND("/",O266)+1)+1,LEN(O266)-FIND("/",O266,FIND("/",O266)+1)))) | AG266: =IF(OR(O266="",AD266=""),"",IFERROR(INDEX(لیست‌ها!$Q$3:$Q$53,MATCH(AD266,لیست‌ها!$P$3:$P$53,0))+IF(AE266<=6,(AE266-1)*31+AF266,IF(AE266<=11,186+(AE266-7)*30+AF266,336+AF266))-1,"")) | AH266: =IF(V266="","",V266&"-"&TEXT(W266,"00")) | AI266: =IF(V266="","",V266*12+W266) | AJ266: =IF(T266="تاخیر",U266+ROW()/100000,"")
A267: 264 | T267: =IF(B267="","",IF(OR(I267<>"",O267<>""),"بسته",IF(AND(L267<>"",V267=""),"خطای فرمت تاریخ ایجاد",IF(AND(H267<>"",Z267=""),"خطای فرمت مهلت",IF(AND(H267<>"",AC267<>"",TODAY()>AC267),"تاخیر",IF(L267<>"","در حال انجام","")))))) | U267: =IF(T267="تاخیر",TODAY()-AC267,IF(AND(T267="بسته",AG267<>"",AC267<>"",AG267>AC267),AG267-AC267,0)) -> 0 | V267: =IF(L267="","",VALUE(LEFT(L267,FIND("/",L267)-1))) | W267: =IF(L267="","",VALUE(MID(L267,FIND("/",L267)+1,FIND("/",L267,FIND("/",L267)+1)-FIND("/",L267)-1))) | X267: =IF(L267="","",VALUE(MID(L267,FIND("/",L267,FIND("/",L267)+1)+1,LEN(L267)-FIND("/",L267,FIND("/",L267)+1)))) | Y267: =IF(OR(L267="",V267=""),"",IFERROR(INDEX(لیست‌ها!$Q$3:$Q$53,MATCH(V267,لیست‌ها!$P$3:$P$53,0))+IF(W267<=6,(W267-1)*31+X267,IF(W267<=11,186+(W267-7)*30+X267,336+X267))-1,"")) | Z267: =IF(H267="","",VALUE(LEFT(H267,FIND("/",H267)-1))) | AA267: =IF(H267="","",VALUE(MID(H267,FIND("/",H267)+1,FIND("/",H267,FIND("/",H267)+1)-FIND("/",H267)-1))) | AB267: =IF(H267="","",VALUE(MID(H267,FIND("/",H267,FIND("/",H267)+1)+1,LEN(H267)-FIND("/",H267,FIND("/",H267)+1)))) | AC267: =IF(OR(H267="",Z267=""),"",IFERROR(INDEX(لیست‌ها!$Q$3:$Q$53,MATCH(Z267,لیست‌ها!$P$3:$P$53,0))+IF(AA267<=6,(AA267-1)*31+AB267,IF(AA267<=11,186+(AA267-7)*30+AB267,336+AB267))-1,"")) | AD267: =IF(O267="","",VALUE(LEFT(O267,FIND("/",O267)-1))) | AE267: =IF(O267="","",VALUE(MID(O267,FIND("/",O267)+1,FIND("/",O267,FIND("/",O267)+1)-FIND("/",O267)-1))) | AF267: =IF(O267="","",VALUE(MID(O267,FIND("/",O267,FIND("/",O267)+1)+1,LEN(O267)-FIND("/",O267,FIND("/",O267)+1)))) | AG267: =IF(OR(O267="",AD267=""),"",IFERROR(INDEX(لیست‌ها!$Q$3:$Q$53,MATCH(AD267,لیست‌ها!$P$3:$P$53,0))+IF(AE267<=6,(AE267-1)*31+AF267,IF(AE267<=11,186+(AE267-7)*30+AF267,336+AF267))-1,"")) | AH267: =IF(V267="","",V267&"-"&TEXT(W267,"00")) | AI267: =IF(V267="","",V267*12+W267) | AJ267: =IF(T267="تاخیر",U267+ROW()/100000,"")
A268: 265 | T268: =IF(B268="","",IF(OR(I268<>"",O268<>""),"بسته",IF(AND(L268<>"",V268=""),"خطای فرمت تاریخ ایجاد",IF(AND(H268<>"",Z268=""),"خطای فرمت مهلت",IF(AND(H268<>"",AC268<>"",TODAY()>AC268),"تاخیر",IF(L268<>"","در حال انجام","")))))) | U268: =IF(T268="تاخیر",TODAY()-AC268,IF(AND(T268="بسته",AG268<>"",AC268<>"",AG268>AC268),AG268-AC268,0)) -> 0 | V268: =IF(L268="","",VALUE(LEFT(L268,FIND("/",L268)-1))) | W268: =IF(L268="","",VALUE(MID(L268,FIND("/",L268)+1,FIND("/",L268,FIND("/",L268)+1)-FIND("/",L268)-1))) | X268: =IF(L268="","",VALUE(MID(L268,FIND("/",L268,FIND("/",L268)+1)+1,LEN(L268)-FIND("/",L268,FIND("/",L268)+1)))) | Y268: =IF(OR(L268="",V268=""),"",IFERROR(INDEX(لیست‌ها!$Q$3:$Q$53,MATCH(V268,لیست‌ها!$P$3:$P$53,0))+IF(W268<=6,(W268-1)*31+X268,IF(W268<=11,186+(W268-7)*30+X268,336+X268))-1,"")) | Z268: =IF(H268="","",VALUE(LEFT(H268,FIND("/",H268)-1))) | AA268: =IF(H268="","",VALUE(MID(H268,FIND("/",H268)+1,FIND("/",H268,FIND("/",H268)+1)-FIND("/",H268)-1))) | AB268: =IF(H268="","",VALUE(MID(H268,FIND("/",H268,FIND("/",H268)+1)+1,LEN(H268)-FIND("/",H268,FIND("/",H268)+1)))) | AC268: =IF(OR(H268="",Z268=""),"",IFERROR(INDEX(لیست‌ها!$Q$3:$Q$53,MATCH(Z268,لیست‌ها!$P$3:$P$53,0))+IF(AA268<=6,(AA268-1)*31+AB268,IF(AA268<=11,186+(AA268-7)*30+AB268,336+AB268))-1,"")) | AD268: =IF(O268="","",VALUE(LEFT(O268,FIND("/",O268)-1))) | AE268: =IF(O268="","",VALUE(MID(O268,FIND("/",O268)+1,FIND("/",O268,FIND("/",O268)+1)-FIND("/",O268)-1))) | AF268: =IF(O268="","",VALUE(MID(O268,FIND("/",O268,FIND("/",O268)+1)+1,LEN(O268)-FIND("/",O268,FIND("/",O268)+1)))) | AG268: =IF(OR(O268="",AD268=""),"",IFERROR(INDEX(لیست‌ها!$Q$3:$Q$53,MATCH(AD268,لیست‌ها!$P$3:$P$53,0))+IF(AE268<=6,(AE268-1)*31+AF268,IF(AE268<=11,186+(AE268-7)*30+AF268,336+AF268))-1,"")) | AH268: =IF(V268="","",V268&"-"&TEXT(W268,"00")) | AI268: =IF(V268="","",V268*12+W268) | AJ268: =IF(T268="تاخیر",U268+ROW()/100000,"")
A269: 266 | T269: =IF(B269="","",IF(OR(I269<>"",O269<>""),"بسته",IF(AND(L269<>"",V269=""),"خطای فرمت تاریخ ایجاد",IF(AND(H269<>"",Z269=""),"خطای فرمت مهلت",IF(AND(H269<>"",AC269<>"",TODAY()>AC269),"تاخیر",IF(L269<>"","در حال انجام","")))))) | U269: =IF(T269="تاخیر",TODAY()-AC269,IF(AND(T269="بسته",AG269<>"",AC269<>"",AG269>AC269),AG269-AC269,0)) -> 0 | V269: =IF(L269="","",VALUE(LEFT(L269,FIND("/",L269)-1))) | W269: =IF(L269="","",VALUE(MID(L269,FIND("/",L269)+1,FIND("/",L269,FIND("/",L269)+1)-FIND("/",L269)-1))) | X269: =IF(L269="","",VALUE(MID(L269,FIND("/",L269,FIND("/",L269)+1)+1,LEN(L269)-FIND("/",L269,FIND("/",L269)+1)))) | Y269: =IF(OR(L269="",V269=""),"",IFERROR(INDEX(لیست‌ها!$Q$3:$Q$53,MATCH(V269,لیست‌ها!$P$3:$P$53,0))+IF(W269<=6,(W269-1)*31+X269,IF(W269<=11,186+(W269-7)*30+X269,336+X269))-1,"")) | Z269: =IF(H269="","",VALUE(LEFT(H269,FIND("/",H269)-1))) | AA269: =IF(H269="","",VALUE(MID(H269,FIND("/",H269)+1,FIND("/",H269,FIND("/",H269)+1)-FIND("/",H269)-1))) | AB269: =IF(H269="","",VALUE(MID(H269,FIND("/",H269,FIND("/",H269)+1)+1,LEN(H269)-FIND("/",H269,FIND("/",H269)+1)))) | AC269: =IF(OR(H269="",Z269=""),"",IFERROR(INDEX(لیست‌ها!$Q$3:$Q$53,MATCH(Z269,لیست‌ها!$P$3:$P$53,0))+IF(AA269<=6,(AA269-1)*31+AB269,IF(AA269<=11,186+(AA269-7)*30+AB269,336+AB269))-1,"")) | AD269: =IF(O269="","",VALUE(LEFT(O269,FIND("/",O269)-1))) | AE269: =IF(O269="","",VALUE(MID(O269,FIND("/",O269)+1,FIND("/",O269,FIND("/",O269)+1)-FIND("/",O269)-1))) | AF269: =IF(O269="","",VALUE(MID(O269,FIND("/",O269,FIND("/",O269)+1)+1,LEN(O269)-FIND("/",O269,FIND("/",O269)+1)))) | AG269: =IF(OR(O269="",AD269=""),"",IFERROR(INDEX(لیست‌ها!$Q$3:$Q$53,MATCH(AD269,لیست‌ها!$P$3:$P$53,0))+IF(AE269<=6,(AE269-1)*31+AF269,IF(AE269<=11,186+(AE269-7)*30+AF269,336+AF269))-1,"")) | AH269: =IF(V269="","",V269&"-"&TEXT(W269,"00")) | AI269: =IF(V269="","",V269*12+W269) | AJ269: =IF(T269="تاخیر",U269+ROW()/100000,"")
A270: 267 | T270: =IF(B270="","",IF(OR(I270<>"",O270<>""),"بسته",IF(AND(L270<>"",V270=""),"خطای فرمت تاریخ ایجاد",IF(AND(H270<>"",Z270=""),"خطای فرمت مهلت",IF(AND(H270<>"",AC270<>"",TODAY()>AC270),"تاخیر",IF(L270<>"","در حال انجام","")))))) | U270: =IF(T270="تاخیر",TODAY()-AC270,IF(AND(T270="بسته",AG270<>"",AC270<>"",AG270>AC270),AG270-AC270,0)) -> 0 | V270: =IF(L270="","",VALUE(LEFT(L270,FIND("/",L270)-1))) | W270: =IF(L270="","",VALUE(MID(L270,FIND("/",L270)+1,FIND("/",L270,FIND("/",L270)+1)-FIND("/",L270)-1))) | X270: =IF(L270="","",VALUE(MID(L270,FIND("/",L270,FIND("/",L270)+1)+1,LEN(L270)-FIND("/",L270,FIND("/",L270)+1)))) | Y270: =IF(OR(L270="",V270=""),"",IFERROR(INDEX(لیست‌ها!$Q$3:$Q$53,MATCH(V270,لیست‌ها!$P$3:$P$53,0))+IF(W270<=6,(W270-1)*31+X270,IF(W270<=11,186+(W270-7)*30+X270,336+X270))-1,"")) | Z270: =IF(H270="","",VALUE(LEFT(H270,FIND("/",H270)-1))) | AA270: =IF(H270="","",VALUE(MID(H270,FIND("/",H270)+1,FIND("/",H270,FIND("/",H270)+1)-FIND("/",H270)-1))) | AB270: =IF(H270="","",VALUE(MID(H270,FIND("/",H270,FIND("/",H270)+1)+1,LEN(H270)-FIND("/",H270,FIND("/",H270)+1)))) | AC270: =IF(OR(H270="",Z270=""),"",IFERROR(INDEX(لیست‌ها!$Q$3:$Q$53,MATCH(Z270,لیست‌ها!$P$3:$P$53,0))+IF(AA270<=6,(AA270-1)*31+AB270,IF(AA270<=11,186+(AA270-7)*30+AB270,336+AB270))-1,"")) | AD270: =IF(O270="","",VALUE(LEFT(O270,FIND("/",O270)-1))) | AE270: =IF(O270="","",VALUE(MID(O270,FIND("/",O270)+1,FIND("/",O270,FIND("/",O270)+1)-FIND("/",O270)-1))) | AF270: =IF(O270="","",VALUE(MID(O270,FIND("/",O270,FIND("/",O270)+1)+1,LEN(O270)-FIND("/",O270,FIND("/",O270)+1)))) | AG270: =IF(OR(O270="",AD270=""),"",IFERROR(INDEX(لیست‌ها!$Q$3:$Q$53,MATCH(AD270,لیست‌ها!$P$3:$P$53,0))+IF(AE270<=6,(AE270-1)*31+AF270,IF(AE270<=11,186+(AE270-7)*30+AF270,336+AF270))-1,"")) | AH270: =IF(V270="","",V270&"-"&TEXT(W270,"00")) | AI270: =IF(V270="","",V270*12+W270) | AJ270: =IF(T270="تاخیر",U270+ROW()/100000,"")
... A538: 535 | T538: =IF(B538="","",IF(OR(I538<>"",O538<>""),"بسته",IF(AND(L538<>"",V538=""),"خطای فرمت تاریخ ایجاد",IF(AND(H538<>"",Z538=""),"خطای فرمت مهلت",IF(AND(H538<>"",AC538<>"",TODAY()>AC538),"تاخیر",IF(L538<>"","در حال انجام","")))))) | U538: =IF(T538="تاخیر",TODAY()-AC538,IF(AND(T538="بسته",AG538<>"",AC538<>"",AG538>AC538),AG538-AC538,0)) -> 0 | V538: =IF(L538="","",VALUE(LEFT(L538,FIND("/",L538)-1))) | W538: =IF(L538="","",VALUE(MID(L538,FIND("/",L538)+1,FIND("/",L538,FIND("/",L538)+1)-FIND("/",L538)-1))) | X538: =IF(L538="","",VALUE(MID(L538,FIND("/",L538,FIND("/",L538)+1)+1,LEN(L538)-FIND("/",L538,FIND("/",L538)+1)))) | Y538: =IF(OR(L538="",V538=""),"",IFERROR(INDEX(لیست‌ها!$Q$3:$Q$53,MATCH(V538,لیست‌ها!$P$3:$P$53,0))+IF(W538<=6,(W538-1)*31+X538,IF(W538<=11,186+(W538-7)*30+X538,336+X538))-1,"")) | Z538: =IF(H538="","",VALUE(LEFT(H538,FIND("/",H538)-1))) | AA538: =IF(H538="","",VALUE(MID(H538,FIND("/",H538)+1,FIND("/",H538,FIND("/",H538)+1)-FIND("/",H538)-1))) | AB538: =IF(H538="","",VALUE(MID(H538,FIND("/",H538,FIND("/",H538)+1)+1,LEN(H538)-FIND("/",H538,FIND("/",H538)+1)))) | AC538: =IF(OR(H538="",Z538=""),"",IFERROR(INDEX(لیست‌ها!$Q$3:$Q$53,MATCH(Z538,لیست‌ها!$P$3:$P$53,0))+IF(AA538<=6,(AA538-1)*31+AB538,IF(AA538<=11,186+(AA538-7)*30+AB538,336+AB538))-1,"")) | AD538: =IF(O538="","",VALUE(LEFT(O538,FIND("/",O538)-1))) | AE538: =IF(O538="","",VALUE(MID(O538,FIND("/",O538)+1,FIND("/",O538,FIND("/",O538)+1)-FIND("/",O538)-1))) | AF538: =IF(O538="","",VALUE(MID(O538,FIND("/",O538,FIND("/",O538)+1)+1,LEN(O538)-FIND("/",O538,FIND("/",O538)+1)))) | AG538: =IF(OR(O538="",AD538=""),"",IFERROR(INDEX(لیست‌ها!$Q$3:$Q$53,MATCH(AD538,لیست‌ها!$P$3:$P$53,0))+IF(AE538<=6,(AE538-1)*31+AF538,IF(AE538<=11,186+(AE538-7)*30+AF538,336+AF538))-1,"")) | AH538: =IF(V538="","",V538&"-"&TEXT(W538,"00")) | AI538: =IF(V538="","",V538*12+W538) | AJ538: =IF(T538="تاخیر",U538+ROW()/100000,"")
A539: =IF(B539="","",ROW()-3) | T539: =IF(B539="","",IF(OR(I539<>"",O539<>""),"بسته",IF(AND(L539<>"",V539=""),"خطای فرمت تاریخ ایجاد",IF(AND(H539<>"",Z539=""),"خطای فرمت مهلت",IF(AND(H539<>"",AC539<>"",TODAY()>AC539),"تاخیر",IF(L539<>"","در حال انجام","")))))) | U539: =IF(T539="تاخیر",TODAY()-AC539,IF(AND(T539="بسته",AG539<>"",AC539<>"",AG539>AC539),AG539-AC539,0)) -> 0 | V539: =IF(L539="","",VALUE(LEFT(L539,FIND("/",L539)-1))) | W539: =IF(L539="","",VALUE(MID(L539,FIND("/",L539)+1,FIND("/",L539,FIND("/",L539)+1)-FIND("/",L539)-1))) | X539: =IF(L539="","",VALUE(MID(L539,FIND("/",L539,FIND("/",L539)+1)+1,LEN(L539)-FIND("/",L539,FIND("/",L539)+1)))) | Y539: =IF(OR(L539="",V539=""),"",IFERROR(INDEX(لیست‌ها!$Q$3:$Q$53,MATCH(V539,لیست‌ها!$P$3:$P$53,0))+IF(W539<=6,(W539-1)*31+X539,IF(W539<=11,186+(W539-7)*30+X539,336+X539))-1,"")) | Z539: =IF(H539="","",VALUE(LEFT(H539,FIND("/",H539)-1))) | AA539: =IF(H539="","",VALUE(MID(H539,FIND("/",H539)+1,FIND("/",H539,FIND("/",H539)+1)-FIND("/",H539)-1))) | AB539: =IF(H539="","",VALUE(MID(H539,FIND("/",H539,FIND("/",H539)+1)+1,LEN(H539)-FIND("/",H539,FIND("/",H539)+1)))) | AC539: =IF(OR(H539="",Z539=""),"",IFERROR(INDEX(لیست‌ها!$Q$3:$Q$53,MATCH(Z539,لیست‌ها!$P$3:$P$53,0))+IF(AA539<=6,(AA539-1)*31+AB539,IF(AA539<=11,186+(AA539-7)*30+AB539,336+AB539))-1,"")) | AD539: =IF(O539="","",VALUE(LEFT(O539,FIND("/",O539)-1))) | AE539: =IF(O539="","",VALUE(MID(O539,FIND("/",O539)+1,FIND("/",O539,FIND("/",O539)+1)-FIND("/",O539)-1))) | AF539: =IF(O539="","",VALUE(MID(O539,FIND("/",O539,FIND("/",O539)+1)+1,LEN(O539)-FIND("/",O539,FIND("/",O539)+1)))) | AG539: =IF(OR(O539="",AD539=""),"",IFERROR(INDEX(لیست‌ها!$Q$3:$Q$53,MATCH(AD539,لیست‌ها!$P$3:$P$53,0))+IF(AE539<=6,(AE539-1)*31+AF539,IF(AE539<=11,186+(AE539-7)*30+AF539,336+AF539))-1,"")) | AH539: =IF(V539="","",V539&"-"&TEXT(W539,"00")) | AI539: =IF(V539="","",V539*12+W539) | AJ539: =IF(T539="تاخیر",U539+ROW()/100000,"")
A540: =IF(B540="","",ROW()-3) | T540: =IF(B540="","",IF(OR(I540<>"",O540<>""),"بسته",IF(AND(L540<>"",V540=""),"خطای فرمت تاریخ ایجاد",IF(AND(H540<>"",Z540=""),"خطای فرمت مهلت",IF(AND(H540<>"",AC540<>"",TODAY()>AC540),"تاخیر",IF(L540<>"","در حال انجام","")))))) | U540: =IF(T540="تاخیر",TODAY()-AC540,IF(AND(T540="بسته",AG540<>"",AC540<>"",AG540>AC540),AG540-AC540,0)) -> 0 | V540: =IF(L540="","",VALUE(LEFT(L540,FIND("/",L540)-1))) | W540: =IF(L540="","",VALUE(MID(L540,FIND("/",L540)+1,FIND("/",L540,FIND("/",L540)+1)-FIND("/",L540)-1))) | X540: =IF(L540="","",VALUE(MID(L540,FIND("/",L540,FIND("/",L540)+1)+1,LEN(L540)-FIND("/",L540,FIND("/",L540)+1)))) | Y540: =IF(OR(L540="",V540=""),"",IFERROR(INDEX(لیست‌ها!$Q$3:$Q$53,MATCH(V540,لیست‌ها!$P$3:$P$53,0))+IF(W540<=6,(W540-1)*31+X540,IF(W540<=11,186+(W540-7)*30+X540,336+X540))-1,"")) | Z540: =IF(H540="","",VALUE(LEFT(H540,FIND("/",H540)-1))) | AA540: =IF(H540="","",VALUE(MID(H540,FIND("/",H540)+1,FIND("/",H540,FIND("/",H540)+1)-FIND("/",H540)-1))) | AB540: =IF(H540="","",VALUE(MID(H540,FIND("/",H540,FIND("/",H540)+1)+1,LEN(H540)-FIND("/",H540,FIND("/",H540)+1)))) | AC540: =IF(OR(H540="",Z540=""),"",IFERROR(INDEX(لیست‌ها!$Q$3:$Q$53,MATCH(Z540,لیست‌ها!$P$3:$P$53,0))+IF(AA540<=6,(AA540-1)*31+AB540,IF(AA540<=11,186+(AA540-7)*30+AB540,336+AB540))-1,"")) | AD540: =IF(O540="","",VALUE(LEFT(O540,FIND("/",O540)-1))) | AE540: =IF(O540="","",VALUE(MID(O540,FIND("/",O540)+1,FIND("/",O540,FIND("/",O540)+1)-FIND("/",O540)-1))) | AF540: =IF(O540="","",VALUE(MID(O540,FIND("/",O540,FIND("/",O540)+1)+1,LEN(O540)-FIND("/",O540,FIND("/",O540)+1)))) | AG540: =IF(OR(O540="",AD540=""),"",IFERROR(INDEX(لیست‌ها!$Q$3:$Q$53,MATCH(AD540,لیست‌ها!$P$3:$P$53,0))+IF(AE540<=6,(AE540-1)*31+AF540,IF(AE540<=11,186+(AE540-7)*30+AF540,336+AF540))-1,"")) | AH540: =IF(V540="","",V540&"-"&TEXT(W540,"00")) | AI540: =IF(V540="","",V540*12+W540) | AJ540: =IF(T540="تاخیر",U540+ROW()/100000,"")
A541: =IF(B541="","",ROW()-3) | T541: =IF(B541="","",IF(OR(I541<>"",O541<>""),"بسته",IF(AND(L541<>"",V541=""),"خطای فرمت تاریخ ایجاد",IF(AND(H541<>"",Z541=""),"خطای فرمت مهلت",IF(AND(H541<>"",AC541<>"",TODAY()>AC541),"تاخیر",IF(L541<>"","در حال انجام","")))))) | U541: =IF(T541="تاخیر",TODAY()-AC541,IF(AND(T541="بسته",AG541<>"",AC541<>"",AG541>AC541),AG541-AC541,0)) -> 0 | V541: =IF(L541="","",VALUE(LEFT(L541,FIND("/",L541)-1))) | W541: =IF(L541="","",VALUE(MID(L541,FIND("/",L541)+1,FIND("/",L541,FIND("/",L541)+1)-FIND("/",L541)-1))) | X541: =IF(L541="","",VALUE(MID(L541,FIND("/",L541,FIND("/",L541)+1)+1,LEN(L541)-FIND("/",L541,FIND("/",L541)+1)))) | Y541: =IF(OR(L541="",V541=""),"",IFERROR(INDEX(لیست‌ها!$Q$3:$Q$53,MATCH(V541,لیست‌ها!$P$3:$P$53,0))+IF(W541<=6,(W541-1)*31+X541,IF(W541<=11,186+(W541-7)*30+X541,336+X541))-1,"")) | Z541: =IF(H541="","",VALUE(LEFT(H541,FIND("/",H541)-1))) | AA541: =IF(H541="","",VALUE(MID(H541,FIND("/",H541)+1,FIND("/",H541,FIND("/",H541)+1)-FIND("/",H541)-1))) | AB541: =IF(H541="","",VALUE(MID(H541,FIND("/",H541,FIND("/",H541)+1)+1,LEN(H541)-FIND("/",H541,FIND("/",H541)+1)))) | AC541: =IF(OR(H541="",Z541=""),"",IFERROR(INDEX(لیست‌ها!$Q$3:$Q$53,MATCH(Z541,لیست‌ها!$P$3:$P$53,0))+IF(AA541<=6,(AA541-1)*31+AB541,IF(AA541<=11,186+(AA541-7)*30+AB541,336+AB541))-1,"")) | AD541: =IF(O541="","",VALUE(LEFT(O541,FIND("/",O541)-1))) | AE541: =IF(O541="","",VALUE(MID(O541,FIND("/",O541)+1,FIND("/",O541,FIND("/",O541)+1)-FIND("/",O541)-1))) | AF541: =IF(O541="","",VALUE(MID(O541,FIND("/",O541,FIND("/",O541)+1)+1,LEN(O541)-FIND("/",O541,FIND("/",O541)+1)))) | AG541: =IF(OR(O541="",AD541=""),"",IFERROR(INDEX(لیست‌ها!$Q$3:$Q$53,MATCH(AD541,لیست‌ها!$P$3:$P$53,0))+IF(AE541<=6,(AE541-1)*31+AF541,IF(AE541<=11,186+(AE541-7)*30+AF541,336+AF541))-1,"")) | AH541: =IF(V541="","",V541&"-"&TEXT(W541,"00")) | AI541: =IF(V541="","",V541*12+W541) | AJ541: =IF(T541="تاخیر",U541+ROW()/100000,"")
A542: =IF(B542="","",ROW()-3) | T542: =IF(B542="","",IF(OR(I542<>"",O542<>""),"بسته",IF(AND(L542<>"",V542=""),"خطای فرمت تاریخ ایجاد",IF(AND(H542<>"",Z542=""),"خطای فرمت مهلت",IF(AND(H542<>"",AC542<>"",TODAY()>AC542),"تاخیر",IF(L542<>"","در حال انجام","")))))) | U542: =IF(T542="تاخیر",TODAY()-AC542,IF(AND(T542="بسته",AG542<>"",AC542<>"",AG542>AC542),AG542-AC542,0)) -> 0 | V542: =IF(L542="","",VALUE(LEFT(L542,FIND("/",L542)-1))) | W542: =IF(L542="","",VALUE(MID(L542,FIND("/",L542)+1,FIND("/",L542,FIND("/",L542)+1)-FIND("/",L542)-1))) | X542: =IF(L542="","",VALUE(MID(L542,FIND("/",L542,FIND("/",L542)+1)+1,LEN(L542)-FIND("/",L542,FIND("/",L542)+1)))) | Y542: =IF(OR(L542="",V542=""),"",IFERROR(INDEX(لیست‌ها!$Q$3:$Q$53,MATCH(V542,لیست‌ها!$P$3:$P$53,0))+IF(W542<=6,(W542-1)*31+X542,IF(W542<=11,186+(W542-7)*30+X542,336+X542))-1,"")) | Z542: =IF(H542="","",VALUE(LEFT(H542,FIND("/",H542)-1))) | AA542: =IF(H542="","",VALUE(MID(H542,FIND("/",H542)+1,FIND("/",H542,FIND("/",H542)+1)-FIND("/",H542)-1))) | AB542: =IF(H542="","",VALUE(MID(H542,FIND("/",H542,FIND("/",H542)+1)+1,LEN(H542)-FIND("/",H542,FIND("/",H542)+1)))) | AC542: =IF(OR(H542="",Z542=""),"",IFERROR(INDEX(لیست‌ها!$Q$3:$Q$53,MATCH(Z542,لیست‌ها!$P$3:$P$53,0))+IF(AA542<=6,(AA542-1)*31+AB542,IF(AA542<=11,186+(AA542-7)*30+AB542,336+AB542))-1,"")) | AD542: =IF(O542="","",VALUE(LEFT(O542,FIND("/",O542)-1))) | AE542: =IF(O542="","",VALUE(MID(O542,FIND("/",O542)+1,FIND("/",O542,FIND("/",O542)+1)-FIND("/",O542)-1))) | AF542: =IF(O542="","",VALUE(MID(O542,FIND("/",O542,FIND("/",O542)+1)+1,LEN(O542)-FIND("/",O542,FIND("/",O542)+1)))) | AG542: =IF(OR(O542="",AD542=""),"",IFERROR(INDEX(لیست‌ها!$Q$3:$Q$53,MATCH(AD542,لیست‌ها!$P$3:$P$53,0))+IF(AE542<=6,(AE542-1)*31+AF542,IF(AE542<=11,186+(AE542-7)*30+AF542,336+AF542))-1,"")) | AH542: =IF(V542="","",V542&"-"&TEXT(W542,"00")) | AI542: =IF(V542="","",V542*12+W542) | AJ542: =IF(T542="تاخیر",U542+ROW()/100000,"")
A543: =IF(B543="","",ROW()-3) | T543: =IF(B543="","",IF(OR(I543<>"",O543<>""),"بسته",IF(AND(L543<>"",V543=""),"خطای فرمت تاریخ ایجاد",IF(AND(H543<>"",Z543=""),"خطای فرمت مهلت",IF(AND(H543<>"",AC543<>"",TODAY()>AC543),"تاخیر",IF(L543<>"","در حال انجام","")))))) | U543: =IF(T543="تاخیر",TODAY()-AC543,IF(AND(T543="بسته",AG543<>"",AC543<>"",AG543>AC543),AG543-AC543,0)) -> 0 | V543: =IF(L543="","",VALUE(LEFT(L543,FIND("/",L543)-1))) | W543: =IF(L543="","",VALUE(MID(L543,FIND("/",L543)+1,FIND("/",L543,FIND("/",L543)+1)-FIND("/",L543)-1))) | X543: =IF(L543="","",VALUE(MID(L543,FIND("/",L543,FIND("/",L543)+1)+1,LEN(L543)-FIND("/",L543,FIND("/",L543)+1)))) | Y543: =IF(OR(L543="",V543=""),"",IFERROR(INDEX(لیست‌ها!$Q$3:$Q$53,MATCH(V543,لیست‌ها!$P$3:$P$53,0))+IF(W543<=6,(W543-1)*31+X543,IF(W543<=11,186+(W543-7)*30+X543,336+X543))-1,"")) | Z543: =IF(H543="","",VALUE(LEFT(H543,FIND("/",H543)-1))) | AA543: =IF(H543="","",VALUE(MID(H543,FIND("/",H543)+1,FIND("/",H543,FIND("/",H543)+1)-FIND("/",H543)-1))) | AB543: =IF(H543="","",VALUE(MID(H543,FIND("/",H543,FIND("/",H543)+1)+1,LEN(H543)-FIND("/",H543,FIND("/",H543)+1)))) | AC543: =IF(OR(H543="",Z543=""),"",IFERROR(INDEX(لیست‌ها!$Q$3:$Q$53,MATCH(Z543,لیست‌ها!$P$3:$P$53,0))+IF(AA543<=6,(AA543-1)*31+AB543,IF(AA543<=11,186+(AA543-7)*30+AB543,336+AB543))-1,"")) | AD543: =IF(O543="","",VALUE(LEFT(O543,FIND("/",O543)-1))) | AE543: =IF(O543="","",VALUE(MID(O543,FIND("/",O543)+1,FIND("/",O543,FIND("/",O543)+1)-FIND("/",O543)-1))) | AF543: =IF(O543="","",VALUE(MID(O543,FIND("/",O543,FIND("/",O543)+1)+1,LEN(O543)-FIND("/",O543,FIND("/",O543)+1)))) | AG543: =IF(OR(O543="",AD543=""),"",IFERROR(INDEX(لیست‌ها!$Q$3:$Q$53,MATCH(AD543,لیست‌ها!$P$3:$P$53,0))+IF(AE543<=6,(AE543-1)*31+AF543,IF(AE543<=11,186+(AE543-7)*30+AF543,336+AF543))-1,"")) | AH543: =IF(V543="","",V543&"-"&TEXT(W543,"00")) | AI543: =IF(V543="","",V543*12+W543) | AJ543: =IF(T543="تاخیر",U543+ROW()/100000,"")
A544: =IF(B544="","",ROW()-3) | T544: =IF(B544="","",IF(OR(I544<>"",O544<>""),"بسته",IF(AND(L544<>"",V544=""),"خطای فرمت تاریخ ایجاد",IF(AND(H544<>"",Z544=""),"خطای فرمت مهلت",IF(AND(H544<>"",AC544<>"",TODAY()>AC544),"تاخیر",IF(L544<>"","در حال انجام","")))))) | U544: =IF(T544="تاخیر",TODAY()-AC544,IF(AND(T544="بسته",AG544<>"",AC544<>"",AG544>AC544),AG544-AC544,0)) -> 0 | V544: =IF(L544="","",VALUE(LEFT(L544,FIND("/",L544)-1))) | W544: =IF(L544="","",VALUE(MID(L544,FIND("/",L544)+1,FIND("/",L544,FIND("/",L544)+1)-FIND("/",L544)-1))) | X544: =IF(L544="","",VALUE(MID(L544,FIND("/",L544,FIND("/",L544)+1)+1,LEN(L544)-FIND("/",L544,FIND("/",L544)+1)))) | Y544: =IF(OR(L544="",V544=""),"",IFERROR(INDEX(لیست‌ها!$Q$3:$Q$53,MATCH(V544,لیست‌ها!$P$3:$P$53,0))+IF(W544<=6,(W544-1)*31+X544,IF(W544<=11,186+(W544-7)*30+X544,336+X544))-1,"")) | Z544: =IF(H544="","",VALUE(LEFT(H544,FIND("/",H544)-1))) | AA544: =IF(H544="","",VALUE(MID(H544,FIND("/",H544)+1,FIND("/",H544,FIND("/",H544)+1)-FIND("/",H544)-1))) | AB544: =IF(H544="","",VALUE(MID(H544,FIND("/",H544,FIND("/",H544)+1)+1,LEN(H544)-FIND("/",H544,FIND("/",H544)+1)))) | AC544: =IF(OR(H544="",Z544=""),"",IFERROR(INDEX(لیست‌ها!$Q$3:$Q$53,MATCH(Z544,لیست‌ها!$P$3:$P$53,0))+IF(AA544<=6,(AA544-1)*31+AB544,IF(AA544<=11,186+(AA544-7)*30+AB544,336+AB544))-1,"")) | AD544: =IF(O544="","",VALUE(LEFT(O544,FIND("/",O544)-1))) | AE544: =IF(O544="","",VALUE(MID(O544,FIND("/",O544)+1,FIND("/",O544,FIND("/",O544)+1)-FIND("/",O544)-1))) | AF544: =IF(O544="","",VALUE(MID(O544,FIND("/",O544,FIND("/",O544)+1)+1,LEN(O544)-FIND("/",O544,FIND("/",O544)+1)))) | AG544: =IF(OR(O544="",AD544=""),"",IFERROR(INDEX(لیست‌ها!$Q$3:$Q$53,MATCH(AD544,لیست‌ها!$P$3:$P$53,0))+IF(AE544<=6,(AE544-1)*31+AF544,IF(AE544<=11,186+(AE544-7)*30+AF544,336+AF544))-1,"")) | AH544: =IF(V544="","",V544&"-"&TEXT(W544,"00")) | AI544: =IF(V544="","",V544*12+W544) | AJ544: =IF(T544="تاخیر",U544+ROW()/100000,"")
A545: =IF(B545="","",ROW()-3) | T545: =IF(B545="","",IF(OR(I545<>"",O545<>""),"بسته",IF(AND(L545<>"",V545=""),"خطای فرمت تاریخ ایجاد",IF(AND(H545<>"",Z545=""),"خطای فرمت مهلت",IF(AND(H545<>"",AC545<>"",TODAY()>AC545),"تاخیر",IF(L545<>"","در حال انجام","")))))) | U545: =IF(T545="تاخیر",TODAY()-AC545,IF(AND(T545="بسته",AG545<>"",AC545<>"",AG545>AC545),AG545-AC545,0)) -> 0 | V545: =IF(L545="","",VALUE(LEFT(L545,FIND("/",L545)-1))) | W545: =IF(L545="","",VALUE(MID(L545,FIND("/",L545)+1,FIND("/",L545,FIND("/",L545)+1)-FIND("/",L545)-1))) | X545: =IF(L545="","",VALUE(MID(L545,FIND("/",L545,FIND("/",L545)+1)+1,LEN(L545)-FIND("/",L545,FIND("/",L545)+1)))) | Y545: =IF(OR(L545="",V545=""),"",IFERROR(INDEX(لیست‌ها!$Q$3:$Q$53,MATCH(V545,لیست‌ها!$P$3:$P$53,0))+IF(W545<=6,(W545-1)*31+X545,IF(W545<=11,186+(W545-7)*30+X545,336+X545))-1,"")) | Z545: =IF(H545="","",VALUE(LEFT(H545,FIND("/",H545)-1))) | AA545: =IF(H545="","",VALUE(MID(H545,FIND("/",H545)+1,FIND("/",H545,FIND("/",H545)+1)-FIND("/",H545)-1))) | AB545: =IF(H545="","",VALUE(MID(H545,FIND("/",H545,FIND("/",H545)+1)+1,LEN(H545)-FIND("/",H545,FIND("/",H545)+1)))) | AC545: =IF(OR(H545="",Z545=""),"",IFERROR(INDEX(لیست‌ها!$Q$3:$Q$53,MATCH(Z545,لیست‌ها!$P$3:$P$53,0))+IF(AA545<=6,(AA545-1)*31+AB545,IF(AA545<=11,186+(AA545-7)*30+AB545,336+AB545))-1,"")) | AD545: =IF(O545="","",VALUE(LEFT(O545,FIND("/",O545)-1))) | AE545: =IF(O545="","",VALUE(MID(O545,FIND("/",O545)+1,FIND("/",O545,FIND("/",O545)+1)-FIND("/",O545)-1))) | AF545: =IF(O545="","",VALUE(MID(O545,FIND("/",O545,FIND("/",O545)+1)+1,LEN(O545)-FIND("/",O545,FIND("/",O545)+1)))) | AG545: =IF(OR(O545="",AD545=""),"",IFERROR(INDEX(لیست‌ها!$Q$3:$Q$53,MATCH(AD545,لیست‌ها!$P$3:$P$53,0))+IF(AE545<=6,(AE545-1)*31+AF545,IF(AE545<=11,186+(AE545-7)*30+AF545,336+AF545))-1,"")) | AH545: =IF(V545="","",V545&"-"&TEXT(W545,"00")) | AI545: =IF(V545="","",V545*12+W545) | AJ545: =IF(T545="تاخیر",U545+ROW()/100000,"")
A546: =IF(B546="","",ROW()-3) | T546: =IF(B546="","",IF(OR(I546<>"",O546<>""),"بسته",IF(AND(L546<>"",V546=""),"خطای فرمت تاریخ ایجاد",IF(AND(H546<>"",Z546=""),"خطای فرمت مهلت",IF(AND(H546<>"",AC546<>"",TODAY()>AC546),"تاخیر",IF(L546<>"","در حال انجام","")))))) | U546: =IF(T546="تاخیر",TODAY()-AC546,IF(AND(T546="بسته",AG546<>"",AC546<>"",AG546>AC546),AG546-AC546,0)) -> 0 | V546: =IF(L546="","",VALUE(LEFT(L546,FIND("/",L546)-1))) | W546: =IF(L546="","",VALUE(MID(L546,FIND("/",L546)+1,FIND("/",L546,FIND("/",L546)+1)-FIND("/",L546)-1))) | X546: =IF(L546="","",VALUE(MID(L546,FIND("/",L546,FIND("/",L546)+1)+1,LEN(L546)-FIND("/",L546,FIND("/",L546)+1)))) | Y546: =IF(OR(L546="",V546=""),"",IFERROR(INDEX(لیست‌ها!$Q$3:$Q$53,MATCH(V546,لیست‌ها!$P$3:$P$53,0))+IF(W546<=6,(W546-1)*31+X546,IF(W546<=11,186+(W546-7)*30+X546,336+X546))-1,"")) | Z546: =IF(H546="","",VALUE(LEFT(H546,FIND("/",H546)-1))) | AA546: =IF(H546="","",VALUE(MID(H546,FIND("/",H546)+1,FIND("/",H546,FIND("/",H546)+1)-FIND("/",H546)-1))) | AB546: =IF(H546="","",VALUE(MID(H546,FIND("/",H546,FIND("/",H546)+1)+1,LEN(H546)-FIND("/",H546,FIND("/",H546)+1)))) | AC546: =IF(OR(H546="",Z546=""),"",IFERROR(INDEX(لیست‌ها!$Q$3:$Q$53,MATCH(Z546,لیست‌ها!$P$3:$P$53,0))+IF(AA546<=6,(AA546-1)*31+AB546,IF(AA546<=11,186+(AA546-7)*30+AB546,336+AB546))-1,"")) | AD546: =IF(O546="","",VALUE(LEFT(O546,FIND("/",O546)-1))) | AE546: =IF(O546="","",VALUE(MID(O546,FIND("/",O546)+1,FIND("/",O546,FIND("/",O546)+1)-FIND("/",O546)-1))) | AF546: =IF(O546="","",VALUE(MID(O546,FIND("/",O546,FIND("/",O546)+1)+1,LEN(O546)-FIND("/",O546,FIND("/",O546)+1)))) | AG546: =IF(OR(O546="",AD546=""),"",IFERROR(INDEX(لیست‌ها!$Q$3:$Q$53,MATCH(AD546,لیست‌ها!$P$3:$P$53,0))+IF(AE546<=6,(AE546-1)*31+AF546,IF(AE546<=11,186+(AE546-7)*30+AF546,336+AF546))-1,"")) | AH546: =IF(V546="","",V546&"-"&TEXT(W546,"00")) | AI546: =IF(V546="","",V546*12+W546) | AJ546: =IF(T546="تاخیر",U546+ROW()/100000,"")
A547: =IF(B547="","",ROW()-3) | T547: =IF(B547="","",IF(OR(I547<>"",O547<>""),"بسته",IF(AND(L547<>"",V547=""),"خطای فرمت تاریخ ایجاد",IF(AND(H547<>"",Z547=""),"خطای فرمت مهلت",IF(AND(H547<>"",AC547<>"",TODAY()>AC547),"تاخیر",IF(L547<>"","در حال انجام","")))))) | U547: =IF(T547="تاخیر",TODAY()-AC547,IF(AND(T547="بسته",AG547<>"",AC547<>"",AG547>AC547),AG547-AC547,0)) -> 0 | V547: =IF(L547="","",VALUE(LEFT(L547,FIND("/",L547)-1))) | W547: =IF(L547="","",VALUE(MID(L547,FIND("/",L547)+1,FIND("/",L547,FIND("/",L547)+1)-FIND("/",L547)-1))) | X547: =IF(L547="","",VALUE(MID(L547,FIND("/",L547,FIND("/",L547)+1)+1,LEN(L547)-FIND("/",L547,FIND("/",L547)+1)))) | Y547: =IF(OR(L547="",V547=""),"",IFERROR(INDEX(لیست‌ها!$Q$3:$Q$53,MATCH(V547,لیست‌ها!$P$3:$P$53,0))+IF(W547<=6,(W547-1)*31+X547,IF(W547<=11,186+(W547-7)*30+X547,336+X547))-1,"")) | Z547: =IF(H547="","",VALUE(LEFT(H547,FIND("/",H547)-1))) | AA547: =IF(H547="","",VALUE(MID(H547,FIND("/",H547)+1,FIND("/",H547,FIND("/",H547)+1)-FIND("/",H547)-1))) | AB547: =IF(H547="","",VALUE(MID(H547,FIND("/",H547,FIND("/",H547)+1)+1,LEN(H547)-FIND("/",H547,FIND("/",H547)+1)))) | AC547: =IF(OR(H547="",Z547=""),"",IFERROR(INDEX(لیست‌ها!$Q$3:$Q$53,MATCH(Z547,لیست‌ها!$P$3:$P$53,0))+IF(AA547<=6,(AA547-1)*31+AB547,IF(AA547<=11,186+(AA547-7)*30+AB547,336+AB547))-1,"")) | AD547: =IF(O547="","",VALUE(LEFT(O547,FIND("/",O547)-1))) | AE547: =IF(O547="","",VALUE(MID(O547,FIND("/",O547)+1,FIND("/",O547,FIND("/",O547)+1)-FIND("/",O547)-1))) | AF547: =IF(O547="","",VALUE(MID(O547,FIND("/",O547,FIND("/",O547)+1)+1,LEN(O547)-FIND("/",O547,FIND("/",O547)+1)))) | AG547: =IF(OR(O547="",AD547=""),"",IFERROR(INDEX(لیست‌ها!$Q$3:$Q$53,MATCH(AD547,لیست‌ها!$P$3:$P$53,0))+IF(AE547<=6,(AE547-1)*31+AF547,IF(AE547<=11,186+(AE547-7)*30+AF547,336+AF547))-1,"")) | AH547: =IF(V547="","",V547&"-"&TEXT(W547,"00")) | AI547: =IF(V547="","",V547*12+W547) | AJ547: =IF(T547="تاخیر",U547+ROW()/100000,"")
A548: =IF(B548="","",ROW()-3) | T548: =IF(B548="","",IF(OR(I548<>"",O548<>""),"بسته",IF(AND(L548<>"",V548=""),"خطای فرمت تاریخ ایجاد",IF(AND(H548<>"",Z548=""),"خطای فرمت مهلت",IF(AND(H548<>"",AC548<>"",TODAY()>AC548),"تاخیر",IF(L548<>"","در حال انجام","")))))) | U548: =IF(T548="تاخیر",TODAY()-AC548,IF(AND(T548="بسته",AG548<>"",AC548<>"",AG548>AC548),AG548-AC548,0)) -> 0 | V548: =IF(L548="","",VALUE(LEFT(L548,FIND("/",L548)-1))) | W548: =IF(L548="","",VALUE(MID(L548,FIND("/",L548)+1,FIND("/",L548,FIND("/",L548)+1)-FIND("/",L548)-1))) | X548: =IF(L548="","",VALUE(MID(L548,FIND("/",L548,FIND("/",L548)+1)+1,LEN(L548)-FIND("/",L548,FIND("/",L548)+1)))) | Y548: =IF(OR(L548="",V548=""),"",IFERROR(INDEX(لیست‌ها!$Q$3:$Q$53,MATCH(V548,لیست‌ها!$P$3:$P$53,0))+IF(W548<=6,(W548-1)*31+X548,IF(W548<=11,186+(W548-7)*30+X548,336+X548))-1,"")) | Z548: =IF(H548="","",VALUE(LEFT(H548,FIND("/",H548)-1))) | AA548: =IF(H548="","",VALUE(MID(H548,FIND("/",H548)+1,FIND("/",H548,FIND("/",H548)+1)-FIND("/",H548)-1))) | AB548: =IF(H548="","",VALUE(MID(H548,FIND("/",H548,FIND("/",H548)+1)+1,LEN(H548)-FIND("/",H548,FIND("/",H548)+1)))) | AC548: =IF(OR(H548="",Z548=""),"",IFERROR(INDEX(لیست‌ها!$Q$3:$Q$53,MATCH(Z548,لیست‌ها!$P$3:$P$53,0))+IF(AA548<=6,(AA548-1)*31+AB548,IF(AA548<=11,186+(AA548-7)*30+AB548,336+AB548))-1,"")) | AD548: =IF(O548="","",VALUE(LEFT(O548,FIND("/",O548)-1))) | AE548: =IF(O548="","",VALUE(MID(O548,FIND("/",O548)+1,FIND("/",O548,FIND("/",O548)+1)-FIND("/",O548)-1))) | AF548: =IF(O548="","",VALUE(MID(O548,FIND("/",O548,FIND("/",O548)+1)+1,LEN(O548)-FIND("/",O548,FIND("/",O548)+1)))) | AG548: =IF(OR(O548="",AD548=""),"",IFERROR(INDEX(لیست‌ها!$Q$3:$Q$53,MATCH(AD548,لیست‌ها!$P$3:$P$53,0))+IF(AE548<=6,(AE548-1)*31+AF548,IF(AE548<=11,186+(AE548-7)*30+AF548,336+AF548))-1,"")) | AH548: =IF(V548="","",V548&"-"&TEXT(W548,"00")) | AI548: =IF(V548="","",V548*12+W548) | AJ548: =IF(T548="تاخیر",U548+ROW()/100000,"")
A549: =IF(B549="","",ROW()-3) | T549: =IF(B549="","",IF(OR(I549<>"",O549<>""),"بسته",IF(AND(L549<>"",V549=""),"خطای فرمت تاریخ ایجاد",IF(AND(H549<>"",Z549=""),"خطای فرمت مهلت",IF(AND(H549<>"",AC549<>"",TODAY()>AC549),"تاخیر",IF(L549<>"","در حال انجام","")))))) | U549: =IF(T549="تاخیر",TODAY()-AC549,IF(AND(T549="بسته",AG549<>"",AC549<>"",AG549>AC549),AG549-AC549,0)) -> 0 | V549: =IF(L549="","",VALUE(LEFT(L549,FIND("/",L549)-1))) | W549: =IF(L549="","",VALUE(MID(L549,FIND("/",L549)+1,FIND("/",L549,FIND("/",L549)+1)-FIND("/",L549)-1))) | X549: =IF(L549="","",VALUE(MID(L549,FIND("/",L549,FIND("/",L549)+1)+1,LEN(L549)-FIND("/",L549,FIND("/",L549)+1)))) | Y549: =IF(OR(L549="",V549=""),"",IFERROR(INDEX(لیست‌ها!$Q$3:$Q$53,MATCH(V549,لیست‌ها!$P$3:$P$53,0))+IF(W549<=6,(W549-1)*31+X549,IF(W549<=11,186+(W549-7)*30+X549,336+X549))-1,"")) | Z549: =IF(H549="","",VALUE(LEFT(H549,FIND("/",H549)-1))) | AA549: =IF(H549="","",VALUE(MID(H549,FIND("/",H549)+1,FIND("/",H549,FIND("/",H549)+1)-FIND("/",H549)-1))) | AB549: =IF(H549="","",VALUE(MID(H549,FIND("/",H549,FIND("/",H549)+1)+1,LEN(H549)-FIND("/",H549,FIND("/",H549)+1)))) | AC549: =IF(OR(H549="",Z549=""),"",IFERROR(INDEX(لیست‌ها!$Q$3:$Q$53,MATCH(Z549,لیست‌ها!$P$3:$P$53,0))+IF(AA549<=6,(AA549-1)*31+AB549,IF(AA549<=11,186+(AA549-7)*30+AB549,336+AB549))-1,"")) | AD549: =IF(O549="","",VALUE(LEFT(O549,FIND("/",O549)-1))) | AE549: =IF(O549="","",VALUE(MID(O549,FIND("/",O549)+1,FIND("/",O549,FIND("/",O549)+1)-FIND("/",O549)-1))) | AF549: =IF(O549="","",VALUE(MID(O549,FIND("/",O549,FIND("/",O549)+1)+1,LEN(O549)-FIND("/",O549,FIND("/",O549)+1)))) | AG549: =IF(OR(O549="",AD549=""),"",IFERROR(INDEX(لیست‌ها!$Q$3:$Q$53,MATCH(AD549,لیست‌ها!$P$3:$P$53,0))+IF(AE549<=6,(AE549-1)*31+AF549,IF(AE549<=11,186+(AE549-7)*30+AF549,336+AF549))-1,"")) | AH549: =IF(V549="","",V549&"-"&TEXT(W549,"00")) | AI549: =IF(V549="","",V549*12+W549) | AJ549: =IF(T549="تاخیر",U549+ROW()/100000,"")
A550: =IF(B550="","",ROW()-3) | T550: =IF(B550="","",IF(OR(I550<>"",O550<>""),"بسته",IF(AND(L550<>"",V550=""),"خطای فرمت تاریخ ایجاد",IF(AND(H550<>"",Z550=""),"خطای فرمت مهلت",IF(AND(H550<>"",AC550<>"",TODAY()>AC550),"تاخیر",IF(L550<>"","در حال انجام","")))))) | U550: =IF(T550="تاخیر",TODAY()-AC550,IF(AND(T550="بسته",AG550<>"",AC550<>"",AG550>AC550),AG550-AC550,0)) -> 0 | V550: =IF(L550="","",VALUE(LEFT(L550,FIND("/",L550)-1))) | W550: =IF(L550="","",VALUE(MID(L550,FIND("/",L550)+1,FIND("/",L550,FIND("/",L550)+1)-FIND("/",L550)-1))) | X550: =IF(L550="","",VALUE(MID(L550,FIND("/",L550,FIND("/",L550)+1)+1,LEN(L550)-FIND("/",L550,FIND("/",L550)+1)))) | Y550: =IF(OR(L550="",V550=""),"",IFERROR(INDEX(لیست‌ها!$Q$3:$Q$53,MATCH(V550,لیست‌ها!$P$3:$P$53,0))+IF(W550<=6,(W550-1)*31+X550,IF(W550<=11,186+(W550-7)*30+X550,336+X550))-1,"")) | Z550: =IF(H550="","",VALUE(LEFT(H550,FIND("/",H550)-1))) | AA550: =IF(H550="","",VALUE(MID(H550,FIND("/",H550)+1,FIND("/",H550,FIND("/",H550)+1)-FIND("/",H550)-1))) | AB550: =IF(H550="","",VALUE(MID(H550,FIND("/",H550,FIND("/",H550)+1)+1,LEN(H550)-FIND("/",H550,FIND("/",H550)+1)))) | AC550: =IF(OR(H550="",Z550=""),"",IFERROR(INDEX(لیست‌ها!$Q$3:$Q$53,MATCH(Z550,لیست‌ها!$P$3:$P$53,0))+IF(AA550<=6,(AA550-1)*31+AB550,IF(AA550<=11,186+(AA550-7)*30+AB550,336+AB550))-1,"")) | AD550: =IF(O550="","",VALUE(LEFT(O550,FIND("/",O550)-1))) | AE550: =IF(O550="","",VALUE(MID(O550,FIND("/",O550)+1,FIND("/",O550,FIND("/",O550)+1)-FIND("/",O550)-1))) | AF550: =IF(O550="","",VALUE(MID(O550,FIND("/",O550,FIND("/",O550)+1)+1,LEN(O550)-FIND("/",O550,FIND("/",O550)+1)))) | AG550: =IF(OR(O550="",AD550=""),"",IFERROR(INDEX(لیست‌ها!$Q$3:$Q$53,MATCH(AD550,لیست‌ها!$P$3:$P$53,0))+IF(AE550<=6,(AE550-1)*31+AF550,IF(AE550<=11,186+(AE550-7)*30+AF550,336+AF550))-1,"")) | AH550: =IF(V550="","",V550&"-"&TEXT(W550,"00")) | AI550: =IF(V550="","",V550*12+W550) | AJ550: =IF(T550="تاخیر",U550+ROW()/100000,"")
... A803: =IF(B803="","",ROW()-3) | T803: =IF(B803="","",IF(OR(I803<>"",O803<>""),"بسته",IF(AND(L803<>"",V803=""),"خطای فرمت تاریخ ایجاد",IF(AND(H803<>"",Z803=""),"خطای فرمت مهلت",IF(AND(H803<>"",AC803<>"",TODAY()>AC803),"تاخیر",IF(L803<>"","در حال انجام","")))))) | U803: =IF(T803="تاخیر",TODAY()-AC803,IF(AND(T803="بسته",AG803<>"",AC803<>"",AG803>AC803),AG803-AC803,0)) -> 0 | V803: =IF(L803="","",VALUE(LEFT(L803,FIND("/",L803)-1))) | W803: =IF(L803="","",VALUE(MID(L803,FIND("/",L803)+1,FIND("/",L803,FIND("/",L803)+1)-FIND("/",L803)-1))) | X803: =IF(L803="","",VALUE(MID(L803,FIND("/",L803,FIND("/",L803)+1)+1,LEN(L803)-FIND("/",L803,FIND("/",L803)+1)))) | Y803: =IF(OR(L803="",V803=""),"",IFERROR(INDEX(لیست‌ها!$Q$3:$Q$53,MATCH(V803,لیست‌ها!$P$3:$P$53,0))+IF(W803<=6,(W803-1)*31+X803,IF(W803<=11,186+(W803-7)*30+X803,336+X803))-1,"")) | Z803: =IF(H803="","",VALUE(LEFT(H803,FIND("/",H803)-1))) | AA803: =IF(H803="","",VALUE(MID(H803,FIND("/",H803)+1,FIND("/",H803,FIND("/",H803)+1)-FIND("/",H803)-1))) | AB803: =IF(H803="","",VALUE(MID(H803,FIND("/",H803,FIND("/",H803)+1)+1,LEN(H803)-FIND("/",H803,FIND("/",H803)+1)))) | AC803: =IF(OR(H803="",Z803=""),"",IFERROR(INDEX(لیست‌ها!$Q$3:$Q$53,MATCH(Z803,لیست‌ها!$P$3:$P$53,0))+IF(AA803<=6,(AA803-1)*31+AB803,IF(AA803<=11,186+(AA803-7)*30+AB803,336+AB803))-1,"")) | AD803: =IF(O803="","",VALUE(LEFT(O803,FIND("/",O803)-1))) | AE803: =IF(O803="","",VALUE(MID(O803,FIND("/",O803)+1,FIND("/",O803,FIND("/",O803)+1)-FIND("/",O803)-1))) | AF803: =IF(O803="","",VALUE(MID(O803,FIND("/",O803,FIND("/",O803)+1)+1,LEN(O803)-FIND("/",O803,FIND("/",O803)+1)))) | AG803: =IF(OR(O803="",AD803=""),"",IFERROR(INDEX(لیست‌ها!$Q$3:$Q$53,MATCH(AD803,لیست‌ها!$P$3:$P$53,0))+IF(AE803<=6,(AE803-1)*31+AF803,IF(AE803<=11,186+(AE803-7)*30+AF803,336+AF803))-1,"")) | AH803: =IF(V803="","",V803&"-"&TEXT(W803,"00")) | AI803: =IF(V803="","",V803*12+W803) | AJ803: =IF(T803="تاخیر",U803+ROW()/100000,"")

Sheet لیست‌ها
P1: جدول تقویم شمسی — فقط برای محاسبات داخلی، تغییر ندهید
B2: نوع | D2: اصلاحی (منشأ) | F2: واحد | H2: نام فرآیند مرتبط | J2: اثر بخشی | L2: وضعیت (سیستم) | P2: سال شمسی | Q2: میلادی نوروز | S2: سال جاری | T2: ماه جاری
B3: اقدام اصلاحی | D3: کلیم | F3: بازرگانی | H3: بازرسی آزمون | J3: می‌باشد | L3: جهت اطلاع | P3: 1385 | Q3: 38797 | S3: =INDEX(لیست‌ها!$P$3:$P$53,MATCH(TODAY(),لیست‌ها!$Q$3:$Q$53,1)) -> 1405 | T3: =IF((TODAY()-INDEX(لیست‌ها!$Q$3:$Q$53,MATCH(TODAY(),لیست‌ها!$Q$3:$Q$53,1))+1)<=31,1,IF((TODAY()-INDEX(لیست‌ها!$Q$3:$Q$53,MATCH(TODAY(),لیست‌ها!$Q$3:$Q$53,1))+1)<=62,2,IF((TODAY()-INDEX(لیست‌ها!$Q$3:$Q$53,MATCH(TODAY(),لیست‌ها!$Q$3:$Q$53,1))+1)<=93,3,IF((TODAY()-INDEX(لیست‌ها!$Q$3:$Q$53,MATCH(TODAY(),لیست‌ها!$Q$3:$Q$53,1))+1)<=124,4,IF((TODAY()-INDEX(لیست‌ها!$Q$3:$Q$53,MATCH(TODAY(),لیست‌ها!$Q$3:$Q$53,1))+1)<=155,5,IF((TODAY()-INDEX(لیست‌ها!$Q$3:$Q$53,MATCH(TODAY(),لیست‌ها!$Q$3:$Q$53,1))+1)<=186,6,IF((TODAY()-INDEX(لیست‌ها!$Q$3:$Q$53,MATCH(TODAY(),لیست‌ها!$Q$3:$Q$53,1))+1)<=216,7,IF((TODAY()-INDEX(لیست‌ها!$Q$3:$Q$53,MATCH(TODAY(),لیست‌ها!$Q$3:$Q$53,1))+1)<=246,8,IF((TODAY()-INDEX(لیست‌ها!$Q$3:$Q$53,MATCH(TODAY(),لیست‌ها!$Q$3:$Q$53,1))+1)<=276,9,IF((TODAY()-INDEX(لیست‌ها!$Q$3:$Q$53,MATCH(TODAY(),لیست‌ها!$Q$3:$Q$53,1))+1)<=306,10,IF((TODAY()-INDEX(لیست‌ها!$Q$3:$Q$53,MATCH(TODAY(),لیست‌ها!$Q$3:$Q$53,1))+1)<=336,11,12))))))))))) -> 7
B4: اقدام پیشگیرانه | D4: اخطار کیفی | F4: تدارکات | H4: HSE | J4: نمی‌باشد | L4: ثبت فرم | P4: 1386 | Q4: 39162
D5: ممیزی داخلی | F5: طراحی و مهندسی | H5: تولید | J5: تایید | L5: نظریه ریشه یاب | P5: 1387 | Q5: 39527
D6: ممیزی خارجی | F6: تولید | H6: مهندسی | L6: نظریه مسئول اقدام | P6: 1388 | Q6: 39893
D7: ممیزی شخص ثالث | F7: برنامه‌ریزی | H7: انبارش | L7: نظریه تیم همکار1 | P7: 1389 | Q7: 40258
D8: ممیزی مشتری | F8: مدیریت | H8: تامین | L8: نظریه تیم همکار2 | P8: 1390 | Q8: 40623
D9: کنترل محصول نامنطبق | F9: کیفیت | H9: برنامه‌ریزی | L9: نظریه نماینده مدیریت | P9: 1391 | Q9: 40988
D10: پایش فرآیندها و تجزیه و تحلیل | F10: تضمین کیفیت | H10: نگهداری و تعمیرات | L10: نظریه مدیر کارخانه | P10: 1392 | Q10: 41354
D11: ایمنی و بهداشت | F11: مهندسی کیفیت | H11: مدیریت کیفیت | L11: نظریه اثربخشی مدیر واحد | P11: 1393 | Q11: 41719
D12: بازنگری مدیریت | F12: پروژه‌ها | H12: مدیریت منابع | L12: نظریه کارشناس کیفیت | P12: 1394 | Q12: 42084
D13: پیگیری اقدام اصلاحی | F13: IT | H13: خرید داخلی | L13: نظریه نهایی نماینده مدیریت | P13: 1395 | Q13: 42449
D14: نظرات مشتری | F14: نگهداری و تعمیرات | H14: خرید خارجی | L14: ثبت اشتباه فرم | P14: 1396 | Q14: 42815
D15: شکایت مشتریان | F15: اداری | H15: فروش | P15: 1397 | Q15: 43180
D16: پیشنهاد کارکنان | F16: فروش | H16: مسئولیت مدیریت | P16: 1398 | Q16: 43545
D17: سایر | F17: مالی | H17: مالی اداری | P17: 1399 | Q17: 43910
F18: ایمنی | H18: فناوری اطلاعات | P18: 1400 | Q18: 44276
F19: آزمایشگاه | P19: 1401 | Q19: 44641
F20: آموزش | P20: 1402 | Q20: 45006
P21: 1403 | Q21: 45371
P22: 1404 | Q22: 45737
P23: 1405 | Q23: 46102
P24: 1406 | Q24: 46467
P25: 1407 | Q25: 46832
P26: 1408 | Q26: 47197
P27: 1409 | Q27: 47563
P28: 1410 | Q28: 47928
P29: 1411 | Q29: 48293
P30: 1412 | Q30: 48658
P31: 1413 | Q31: 49024
P32: 1414 | Q32: 49389
... P53: 1435 | Q53: 57059

Sheet داشبورد
A1: داشبورد مدیریتی اقدامات اصلاحی / پیشگیرانه
B4: کل اقدامات ثبت‌شده | D4: در حال انجام | F4: با تاخیر | H4: بسته‌شده | J4: درصد انجام به‌موقع *
B5: =COUNTIF('ورودی اقدامات'!$B$4:$B$803,"<>") -> 255 | D5: =COUNTIF('ورودی اقدامات'!$T$4:$T$803,"در حال انجام") -> 0 | F5: =COUNTIF('ورودی اقدامات'!$T$4:$T$803,"تاخیر") -> 0 | H5: =COUNTIF('ورودی اقدامات'!$T$4:$T$803,"بسته") -> 4 | J5: =IFERROR(COUNTIFS('ورودی اقدامات'!$T$4:$T$803,"بسته",'ورودی اقدامات'!$O$4:$O$803,"<>",'ورودی اقدامات'!$U$4:$U$803,0)/COUNTIFS('ورودی اقدامات'!$T$4:$T$803,"بسته",'ورودی اقدامات'!$O$4:$O$803,"<>"),"—") -> 0
B7: * درصد انجام به‌موقع فقط برای اقداماتی محاسبه می‌شود که «تاریخ تکمیل اقدام» ثبت شده باشد. اقدام «بسته» یعنی ستون «اثر بخشی» پر شده یا تاریخ تکمیل ثبت شده است.
B9: ="از مجموع "&TEXT(COUNTIF('ورودی اقدامات'!$B$4:$B$803,"<>"),"#,##0")&" اقدام ثبت‌شده، "&TEXT(COUNTIF('ورودی اقدامات'!$T$4:$T$803,"بسته"),"#,##0")&" مورد ("&TEXT(IFERROR(COUNTIF('ورودی اقدامات'!$T$4:$T$803,"بسته")/COUNTIF('ورودی اقدامات'!$B$4:$B$803,"<>"),0),"0%")&") بسته شده و "&TEXT(COUNTIF('ورودی اقدامات'!$T$4:$T$803,"تاخیر"),"#,##0")&" مورد ("&TEXT(IFERROR(COUNTIF('ورودی اقدامات'!$T$4:$T$803,"تاخیر")/COUNTIF('ورودی اقدامات'!$B$4:$B$803,"<>"),0),"0%")&") با تاخیر مواجه هستند. "&TEXT(COUNTIF('ورودی اقدامات'!$T$4:$T$803,"در حال انجام"),"#,##0")&" مورد در حال انجام (بدون تاخیر) است. اثربخشی "&TEXT(IFERROR(COUNTIF('ورودی اقدامات'!$I$4:$I$803,"می‌باشد")/COUNTIF('ورودی اقدامات'!$I$4:$I$803,"<>"),0),"0%")&" از اقدامات بسته‌شده تایید شده است." -> از مجموع 255 اقدام ثبت‌شده، 4 مورد (2%) بسته شده و 0 مورد (0%) با تاخیر مواجه هستند. 0 مورد در حال انجام (بدون تاخیر) است. اثربخشی 100% از اقدامات بسته‌شده تایید شده است.
B12: وضعیت پایش | E12: نوع اقدام | H12: تعداد اقدامات به تفکیک واحد
B13: وضعیت | C13: تعداد | E13: نوع | F13: تعداد | H13: واحد | I13: تعداد
B14: در حال انجام | C14: =COUNTIF('ورودی اقدامات'!$T$4:$T$803,B14) -> 0 | E14: اقدام اصلاحی | F14: =COUNTIF('ورودی اقدامات'!$C$4:$C$803,E14) -> 241 | H14: =لیست‌ها!F3 -> بازرگانی | I14: =COUNTIF('ورودی اقدامات'!$N$4:$N$803,H14) -> 0
B15: تاخیر | C15: =COUNTIF('ورودی اقدامات'!$T$4:$T$803,B15) -> 0 | E15: اقدام پیشگیرانه | F15: =COUNTIF('ورودی اقدامات'!$C$4:$C$803,E15) -> 14 | H15: =لیست‌ها!F4 -> تدارکات | I15: =COUNTIF('ورودی اقدامات'!$N$4:$N$803,H15) -> 0
B16: بسته | C16: =COUNTIF('ورودی اقدامات'!$T$4:$T$803,B16) -> 4 | H16: =لیست‌ها!F5 -> طراحی و مهندسی | I16: =COUNTIF('ورودی اقدامات'!$N$4:$N$803,H16) -> 0
H17: =لیست‌ها!F6 -> تولید | I17: =COUNTIF('ورودی اقدامات'!$N$4:$N$803,H17) -> 0
H18: =لیست‌ها!F7 -> برنامه‌ریزی | I18: =COUNTIF('ورودی اقدامات'!$N$4:$N$803,H18) -> 1
H19: =لیست‌ها!F8 -> مدیریت | I19: =COUNTIF('ورودی اقدامات'!$N$4:$N$803,H19) -> 0
H20: =لیست‌ها!F9 -> کیفیت | I20: =COUNTIF('ورودی اقدامات'!$N$4:$N$803,H20) -> 0
H21: =لیست‌ها!F10 -> تضمین کیفیت | I21: =COUNTIF('ورودی اقدامات'!$N$4:$N$803,H21) -> 0
H22: =لیست‌ها!F11 -> مهندسی کیفیت | I22: =COUNTIF('ورودی اقدامات'!$N$4:$N$803,H22) -> 0
H23: =لیست‌ها!F12 -> پروژه‌ها | I23: =COUNTIF('ورودی اقدامات'!$N$4:$N$803,H23) -> 0
H24: =لیست‌ها!F13 -> IT | I24: =COUNTIF('ورودی اقدامات'!$N$4:$N$803,H24) -> 0
H25: =لیست‌ها!F14 -> نگهداری و تعمیرات | I25: =COUNTIF('ورودی اقدامات'!$N$4:$N$803,H25) -> 0
H26: =لیست‌ها!F15 -> اداری | I26: =COUNTIF('ورودی اقدامات'!$N$4:$N$803,H26) -> 0
H27: =لیست‌ها!F16 -> فروش | I27: =COUNTIF('ورودی اقدامات'!$N$4:$N$803,H27) -> 3
H28: =لیست‌ها!F17 -> مالی | I28: =COUNTIF('ورودی اقدامات'!$N$4:$N$803,H28) -> 0
... H31: =لیست‌ها!F20 -> آموزش | I31: =COUNTIF('ورودی اقدامات'!$N$4:$N$803,H31) -> 0
B34: اصلاحی (منشأ اقدامات) | E34: روند ثبت (۱۲ ماه منتهی به آخرین فرم)
B35: منشأ | C35: تعداد | E35: ماه (شمسی) | F35: تعداد
B36: کلیم | C36: =COUNTIF('ورودی اقدامات'!$D$4:$D$803,B36) -> 143 | E36: =INT((((IF(MAX('ورودی اقدامات'!$AI$4:$AI$803)=0,(لیست‌ها!$S$3*12+لیست‌ها!$T$3),MAX('ورودی اقدامات'!$AI$4:$AI$803)))+(-11))-1)/12)&"-"&TEXT(MOD(((IF(MAX('ورودی اقدامات'!$AI$4:$AI$803)=0,(لیست‌ها!$S$3*12+لیست‌ها!$T$3),MAX('ورودی اقدامات'!$AI$4:$AI$803)))+(-11))-1,12)+1,"00") -> 1404-02 | F36: =COUNTIF('ورودی اقدامات'!$AH$4:$AH$803,E36) -> 0
B37: اخطار کیفی | C37: =COUNTIF('ورودی اقدامات'!$D$4:$D$803,B37) -> 0 | E37: =INT((((IF(MAX('ورودی اقدامات'!$AI$4:$AI$803)=0,(لیست‌ها!$S$3*12+لیست‌ها!$T$3),MAX('ورودی اقدامات'!$AI$4:$AI$803)))+(-10))-1)/12)&"-"&TEXT(MOD(((IF(MAX('ورودی اقدامات'!$AI$4:$AI$803)=0,(لیست‌ها!$S$3*12+لیست‌ها!$T$3),MAX('ورودی اقدامات'!$AI$4:$AI$803)))+(-10))-1,12)+1,"00") -> 1404-03 | F37: =COUNTIF('ورودی اقدامات'!$AH$4:$AH$803,E37) -> 0
B38: ممیزی داخلی | C38: =COUNTIF('ورودی اقدامات'!$D$4:$D$803,B38) -> 29 | E38: =INT((((IF(MAX('ورودی اقدامات'!$AI$4:$AI$803)=0,(لیست‌ها!$S$3*12+لیست‌ها!$T$3),MAX('ورودی اقدامات'!$AI$4:$AI$803)))+(-9))-1)/12)&"-"&TEXT(MOD(((IF(MAX('ورودی اقدامات'!$AI$4:$AI$803)=0,(لیست‌ها!$S$3*12+لیست‌ها!$T$3),MAX('ورودی اقدامات'!$AI$4:$AI$803)))+(-9))-1,12)+1,"00") -> 1404-04 | F38: =COUNTIF('ورودی اقدامات'!$AH$4:$AH$803,E38) -> 0
B39: ممیزی خارجی | C39: =COUNTIF('ورودی اقدامات'!$D$4:$D$803,B39) -> 1 | E39: =INT((((IF(MAX('ورودی اقدامات'!$AI$4:$AI$803)=0,(لیست‌ها!$S$3*12+لیست‌ها!$T$3),MAX('ورودی اقدامات'!$AI$4:$AI$803)))+(-8))-1)/12)&"-"&TEXT(MOD(((IF(MAX('ورودی اقدامات'!$AI$4:$AI$803)=0,(لیست‌ها!$S$3*12+لیست‌ها!$T$3),MAX('ورودی اقدامات'!$AI$4:$AI$803)))+(-8))-1,12)+1,"00") -> 1404-05 | F39: =COUNTIF('ورودی اقدامات'!$AH$4:$AH$803,E39) -> 0
B40: ممیزی شخص ثالث | C40: =COUNTIF('ورودی اقدامات'!$D$4:$D$803,B40) -> 0 | E40: =INT((((IF(MAX('ورودی اقدامات'!$AI$4:$AI$803)=0,(لیست‌ها!$S$3*12+لیست‌ها!$T$3),MAX('ورودی اقدامات'!$AI$4:$AI$803)))+(-7))-1)/12)&"-"&TEXT(MOD(((IF(MAX('ورودی اقدامات'!$AI$4:$AI$803)=0,(لیست‌ها!$S$3*12+لیست‌ها!$T$3),MAX('ورودی اقدامات'!$AI$4:$AI$803)))+(-7))-1,12)+1,"00") -> 1404-06 | F40: =COUNTIF('ورودی اقدامات'!$AH$4:$AH$803,E40) -> 0
B41: ممیزی مشتری | C41: =COUNTIF('ورودی اقدامات'!$D$4:$D$803,B41) -> 0 | E41: =INT((((IF(MAX('ورودی اقدامات'!$AI$4:$AI$803)=0,(لیست‌ها!$S$3*12+لیست‌ها!$T$3),MAX('ورودی اقدامات'!$AI$4:$AI$803)))+(-6))-1)/12)&"-"&TEXT(MOD(((IF(MAX('ورودی اقدامات'!$AI$4:$AI$803)=0,(لیست‌ها!$S$3*12+لیست‌ها!$T$3),MAX('ورودی اقدامات'!$AI$4:$AI$803)))+(-6))-1,12)+1,"00") -> 1404-07 | F41: =COUNTIF('ورودی اقدامات'!$AH$4:$AH$803,E41) -> 0
B42: کنترل محصول نامنطبق | C42: =COUNTIF('ورودی اقدامات'!$D$4:$D$803,B42) -> 0 | E42: =INT((((IF(MAX('ورودی اقدامات'!$AI$4:$AI$803)=0,(لیست‌ها!$S$3*12+لیست‌ها!$T$3),MAX('ورودی اقدامات'!$AI$4:$AI$803)))+(-5))-1)/12)&"-"&TEXT(MOD(((IF(MAX('ورودی اقدامات'!$AI$4:$AI$803)=0,(لیست‌ها!$S$3*12+لیست‌ها!$T$3),MAX('ورودی اقدامات'!$AI$4:$AI$803)))+(-5))-1,12)+1,"00") -> 1404-08 | F42: =COUNTIF('ورودی اقدامات'!$AH$4:$AH$803,E42) -> 0
B43: پایش فرآیندها و تجزیه و تحلیل | C43: =COUNTIF('ورودی اقدامات'!$D$4:$D$803,B43) -> 31 | E43: =INT((((IF(MAX('ورودی اقدامات'!$AI$4:$AI$803)=0,(لیست‌ها!$S$3*12+لیست‌ها!$T$3),MAX('ورودی اقدامات'!$AI$4:$AI$803)))+(-4))-1)/12)&"-"&TEXT(MOD(((IF(MAX('ورودی اقدامات'!$AI$4:$AI$803)=0,(لیست‌ها!$S$3*12+لیست‌ها!$T$3),MAX('ورودی اقدامات'!$AI$4:$AI$803)))+(-4))-1,12)+1,"00") -> 1404-09 | F43: =COUNTIF('ورودی اقدامات'!$AH$4:$AH$803,E43) -> 0
B44: ایمنی و بهداشت | C44: =COUNTIF('ورودی اقدامات'!$D$4:$D$803,B44) -> 27 | E44: =INT((((IF(MAX('ورودی اقدامات'!$AI$4:$AI$803)=0,(لیست‌ها!$S$3*12+لیست‌ها!$T$3),MAX('ورودی اقدامات'!$AI$4:$AI$803)))+(-3))-1)/12)&"-"&TEXT(MOD(((IF(MAX('ورودی اقدامات'!$AI$4:$AI$803)=0,(لیست‌ها!$S$3*12+لیست‌ها!$T$3),MAX('ورودی اقدامات'!$AI$4:$AI$803)))+(-3))-1,12)+1,"00") -> 1404-10 | F44: =COUNTIF('ورودی اقدامات'!$AH$4:$AH$803,E44) -> 0
B45: بازنگری مدیریت | C45: =COUNTIF('ورودی اقدامات'!$D$4:$D$803,B45) -> 0 | E45: =INT((((IF(MAX('ورودی اقدامات'!$AI$4:$AI$803)=0,(لیست‌ها!$S$3*12+لیست‌ها!$T$3),MAX('ورودی اقدامات'!$AI$4:$AI$803)))+(-2))-1)/12)&"-"&TEXT(MOD(((IF(MAX('ورودی اقدامات'!$AI$4:$AI$803)=0,(لیست‌ها!$S$3*12+لیست‌ها!$T$3),MAX('ورودی اقدامات'!$AI$4:$AI$803)))+(-2))-1,12)+1,"00") -> 1404-11 | F45: =COUNTIF('ورودی اقدامات'!$AH$4:$AH$803,E45) -> 0
B46: پیگیری اقدام اصلاحی | C46: =COUNTIF('ورودی اقدامات'!$D$4:$D$803,B46) -> 0 | E46: =INT((((IF(MAX('ورودی اقدامات'!$AI$4:$AI$803)=0,(لیست‌ها!$S$3*12+لیست‌ها!$T$3),MAX('ورودی اقدامات'!$AI$4:$AI$803)))+(-1))-1)/12)&"-"&TEXT(MOD(((IF(MAX('ورودی اقدامات'!$AI$4:$AI$803)=0,(لیست‌ها!$S$3*12+لیست‌ها!$T$3),MAX('ورودی اقدامات'!$AI$4:$AI$803)))+(-1))-1,12)+1,"00") -> 1404-12 | F46: =COUNTIF('ورودی اقدامات'!$AH$4:$AH$803,E46) -> 0
B47: نظرات مشتری | C47: =COUNTIF('ورودی اقدامات'!$D$4:$D$803,B47) -> 0 | E47: =INT((((IF(MAX('ورودی اقدامات'!$AI$4:$AI$803)=0,(لیست‌ها!$S$3*12+لیست‌ها!$T$3),MAX('ورودی اقدامات'!$AI$4:$AI$803)))+(0))-1)/12)&"-"&TEXT(MOD(((IF(MAX('ورودی اقدامات'!$AI$4:$AI$803)=0,(لیست‌ها!$S$3*12+لیست‌ها!$T$3),MAX('ورودی اقدامات'!$AI$4:$AI$803)))+(0))-1,12)+1,"00") -> 1405-01 | F47: =COUNTIF('ورودی اقدامات'!$AH$4:$AH$803,E47) -> 4
B48: شکایت مشتریان | C48: =COUNTIF('ورودی اقدامات'!$D$4:$D$803,B48) -> 0
B49: پیشنهاد کارکنان | C49: =COUNTIF('ورودی اقدامات'!$D$4:$D$803,B49) -> 0
B50: سایر | C50: =COUNTIF('ورودی اقدامات'!$D$4:$D$803,B50) -> 23 | E50: اثر بخشی
E51: مقدار | F51: تعداد
E52: می‌باشد | F52: =COUNTIF('ورودی اقدامات'!$I$4:$I$803,E52) -> 3
B53: نام فرآیند مرتبط | E53: نمی‌باشد | F53: =COUNTIF('ورودی اقدامات'!$I$4:$I$803,E53) -> 0
B54: فرآیند | C54: تعداد | E54: تایید | F54: =COUNTIF('ورودی اقدامات'!$I$4:$I$803,E54) -> 0
B55: بازرسی آزمون | C55: =COUNTIF('ورودی اقدامات'!$G$4:$G$803,B55) -> 3
B56: HSE | C56: =COUNTIF('ورودی اقدامات'!$G$4:$G$803,B56) -> 0
B57: تولید | C57: =COUNTIF('ورودی اقدامات'!$G$4:$G$803,B57) -> 0
B58: مهندسی | C58: =COUNTIF('ورودی اقدامات'!$G$4:$G$803,B58) -> 0
B59: انبارش | C59: =COUNTIF('ورودی اقدامات'!$G$4:$G$803,B59) -> 0
B60: تامین | C60: =COUNTIF('ورودی اقدامات'!$G$4:$G$803,B60) -> 0
B61: برنامه‌ریزی | C61: =COUNTIF('ورودی اقدامات'!$G$4:$G$803,B61) -> 1
B62: نگهداری و تعمیرات | C62: =COUNTIF('ورودی اقدامات'!$G$4:$G$803,B62) -> 0
B63: مدیریت کیفیت | C63: =COUNTIF('ورودی اقدامات'!$G$4:$G$803,B63) -> 0
B64: مدیریت منابع | C64: =COUNTIF('ورودی اقدامات'!$G$4:$G$803,B64) -> 0
B65: خرید داخلی | C65: =COUNTIF('ورودی اقدامات'!$G$4:$G$803,B65) -> 0
B66: خرید خارجی | C66: =COUNTIF('ورودی اقدامات'!$G$4:$G$803,B66) -> 0
... B70: فناوری اطلاعات | C70: =COUNTIF('ورودی اقدامات'!$G$4:$G$803,B70) -> 0
B73: تفکیک تاخیرها بر اساس مدت (روز)
B74: بازه تاخیر | C74: تعداد
B75: ۱ تا ۳۰ روز | C75: =COUNTIFS('ورودی اقدامات'!$T$4:$T$803,"تاخیر",'ورودی اقدامات'!$U$4:$U$803,">="&1,'ورودی اقدامات'!$U$4:$U$803,"<="&30) -> 0
B76: ۳۱ تا ۶۰ روز | C76: =COUNTIFS('ورودی اقدامات'!$T$4:$T$803,"تاخیر",'ورودی اقدامات'!$U$4:$U$803,">="&31,'ورودی اقدامات'!$U$4:$U$803,"<="&60) -> 0
B77: ۶۱ تا ۹۰ روز | C77: =COUNTIFS('ورودی اقدامات'!$T$4:$T$803,"تاخیر",'ورودی اقدامات'!$U$4:$U$803,">="&61,'ورودی اقدامات'!$U$4:$U$803,"<="&90) -> 0
B78: بیش از ۹۰ روز | C78: =COUNTIFS('ورودی اقدامات'!$T$4:$T$803,"تاخیر",'ورودی اقدامات'!$U$4:$U$803,">="&91) -> 0
B81: ۱۰ اقدام با بیشترین تاخیر (نیازمند پیگیری فوری)
B82: شماره فرم | C82: واحد | D82: فرآیند مرتبط | E82: مهلت انجام | F82: روزهای تاخیر
B83: =IF(IFERROR(LARGE('ورودی اقدامات'!$AJ$4:$AJ$803,1),"")="","",INDEX('ورودی اقدامات'!$B$4:$B$803,IFERROR(MATCH(IFERROR(LARGE('ورودی اقدامات'!$AJ$4:$AJ$803,1),""),'ورودی اقدامات'!$AJ$4:$AJ$803,0),""))) | C83: =IF(IFERROR(LARGE('ورودی اقدامات'!$AJ$4:$AJ$803,1),"")="","",INDEX('ورودی اقدامات'!$N$4:$N$803,IFERROR(MATCH(IFERROR(LARGE('ورودی اقدامات'!$AJ$4:$AJ$803,1),""),'ورودی اقدامات'!$AJ$4:$AJ$803,0),""))) | D83: =IF(IFERROR(LARGE('ورودی اقدامات'!$AJ$4:$AJ$803,1),"")="","",INDEX('ورودی اقدامات'!$G$4:$G$803,IFERROR(MATCH(IFERROR(LARGE('ورودی اقدامات'!$AJ$4:$AJ$803,1),""),'ورودی اقدامات'!$AJ$4:$AJ$803,0),""))) | E83: =IF(IFERROR(LARGE('ورودی اقدامات'!$AJ$4:$AJ$803,1),"")="","",INDEX('ورودی اقدامات'!$H$4:$H$803,IFERROR(MATCH(IFERROR(LARGE('ورودی اقدامات'!$AJ$4:$AJ$803,1),""),'ورودی اقدامات'!$AJ$4:$AJ$803,0),""))) | F83: =IF(IFERROR(LARGE('ورودی اقدامات'!$AJ$4:$AJ$803,1),"")="","",INDEX('ورودی اقدامات'!$U$4:$U$803,IFERROR(MATCH(IFERROR(LARGE('ورودی اقدامات'!$AJ$4:$AJ$803,1),""),'ورودی اقدامات'!$AJ$4:$AJ$803,0),"")))
B84: =IF(IFERROR(LARGE('ورودی اقدامات'!$AJ$4:$AJ$803,2),"")="","",INDEX('ورودی اقدامات'!$B$4:$B$803,IFERROR(MATCH(IFERROR(LARGE('ورودی اقدامات'!$AJ$4:$AJ$803,2),""),'ورودی اقدامات'!$AJ$4:$AJ$803,0),""))) | C84: =IF(IFERROR(LARGE('ورودی اقدامات'!$AJ$4:$AJ$803,2),"")="","",INDEX('ورودی اقدامات'!$N$4:$N$803,IFERROR(MATCH(IFERROR(LARGE('ورودی اقدامات'!$AJ$4:$AJ$803,2),""),'ورودی اقدامات'!$AJ$4:$AJ$803,0),""))) | D84: =IF(IFERROR(LARGE('ورودی اقدامات'!$AJ$4:$AJ$803,2),"")="","",INDEX('ورودی اقدامات'!$G$4:$G$803,IFERROR(MATCH(IFERROR(LARGE('ورودی اقدامات'!$AJ$4:$AJ$803,2),""),'ورودی اقدامات'!$AJ$4:$AJ$803,0),""))) | E84: =IF(IFERROR(LARGE('ورودی اقدامات'!$AJ$4:$AJ$803,2),"")="","",INDEX('ورودی اقدامات'!$H$4:$H$803,IFERROR(MATCH(IFERROR(LARGE('ورودی اقدامات'!$AJ$4:$AJ$803,2),""),'ورودی اقدامات'!$AJ$4:$AJ$803,0),""))) | F84: =IF(IFERROR(LARGE('ورودی اقدامات'!$AJ$4:$AJ$803,2),"")="","",INDEX('ورودی اقدامات'!$U$4:$U$803,IFERROR(MATCH(IFERROR(LARGE('ورودی اقدامات'!$AJ$4:$AJ$803,2),""),'ورودی اقدامات'!$AJ$4:$AJ$803,0),"")))
B85: =IF(IFERROR(LARGE('ورودی اقدامات'!$AJ$4:$AJ$803,3),"")="","",INDEX('ورودی اقدامات'!$B$4:$B$803,IFERROR(MATCH(IFERROR(LARGE('ورودی اقدامات'!$AJ$4:$AJ$803,3),""),'ورودی اقدامات'!$AJ$4:$AJ$803,0),""))) | C85: =IF(IFERROR(LARGE('ورودی اقدامات'!$AJ$4:$AJ$803,3),"")="","",INDEX('ورودی اقدامات'!$N$4:$N$803,IFERROR(MATCH(IFERROR(LARGE('ورودی اقدامات'!$AJ$4:$AJ$803,3),""),'ورودی اقدامات'!$AJ$4:$AJ$803,0),""))) | D85: =IF(IFERROR(LARGE('ورودی اقدامات'!$AJ$4:$AJ$803,3),"")="","",INDEX('ورودی اقدامات'!$G$4:$G$803,IFERROR(MATCH(IFERROR(LARGE('ورودی اقدامات'!$AJ$4:$AJ$803,3),""),'ورودی اقدامات'!$AJ$4:$AJ$803,0),""))) | E85: =IF(IFERROR(LARGE('ورودی اقدامات'!$AJ$4:$AJ$803,3),"")="","",INDEX('ورودی اقدامات'!$H$4:$H$803,IFERROR(MATCH(IFERROR(LARGE('ورودی اقدامات'!$AJ$4:$AJ$803,3),""),'ورودی اقدامات'!$AJ$4:$AJ$803,0),""))) | F85: =IF(IFERROR(LARGE('ورودی اقدامات'!$AJ$4:$AJ$803,3),"")="","",INDEX('ورودی اقدامات'!$U$4:$U$803,IFERROR(MATCH(IFERROR(LARGE('ورودی اقدامات'!$AJ$4:$AJ$803,3),""),'ورودی اقدامات'!$AJ$4:$AJ$803,0),"")))
B86: =IF(IFERROR(LARGE('ورودی اقدامات'!$AJ$4:$AJ$803,4),"")="","",INDEX('ورودی اقدامات'!$B$4:$B$803,IFERROR(MATCH(IFERROR(LARGE('ورودی اقدامات'!$AJ$4:$AJ$803,4),""),'ورودی اقدامات'!$AJ$4:$AJ$803,0),""))) | C86: =IF(IFERROR(LARGE('ورودی اقدامات'!$AJ$4:$AJ$803,4),"")="","",INDEX('ورودی اقدامات'!$N$4:$N$803,IFERROR(MATCH(IFERROR(LARGE('ورودی اقدامات'!$AJ$4:$AJ$803,4),""),'ورودی اقدامات'!$AJ$4:$AJ$803,0),""))) | D86: =IF(IFERROR(LARGE('ورودی اقدامات'!$AJ$4:$AJ$803,4),"")="","",INDEX('ورودی اقدامات'!$G$4:$G$803,IFERROR(MATCH(IFERROR(LARGE('ورودی اقدامات'!$AJ$4:$AJ$803,4),""),'ورودی اقدامات'!$AJ$4:$AJ$803,0),""))) | E86: =IF(IFERROR(LARGE('ورودی اقدامات'!$AJ$4:$AJ$803,4),"")="","",INDEX('ورودی اقدامات'!$H$4:$H$803,IFERROR(MATCH(IFERROR(LARGE('ورودی اقدامات'!$AJ$4:$AJ$803,4),""),'ورودی اقدامات'!$AJ$4:$AJ$803,0),""))) | F86: =IF(IFERROR(LARGE('ورودی اقدامات'!$AJ$4:$AJ$803,4),"")="","",INDEX('ورودی اقدامات'!$U$4:$U$803,IFERROR(MATCH(IFERROR(LARGE('ورودی اقدامات'!$AJ$4:$AJ$803,4),""),'ورودی اقدامات'!$AJ$4:$AJ$803,0),"")))
B87: =IF(IFERROR(LARGE('ورودی اقدامات'!$AJ$4:$AJ$803,5),"")="","",INDEX('ورودی اقدامات'!$B$4:$B$803,IFERROR(MATCH(IFERROR(LARGE('ورودی اقدامات'!$AJ$4:$AJ$803,5),""),'ورودی اقدامات'!$AJ$4:$AJ$803,0),""))) | C87: =IF(IFERROR(LARGE('ورودی اقدامات'!$AJ$4:$AJ$803,5),"")="","",INDEX('ورودی اقدامات'!$N$4:$N$803,IFERROR(MATCH(IFERROR(LARGE('ورودی اقدامات'!$AJ$4:$AJ$803,5),""),'ورودی اقدامات'!$AJ$4:$AJ$803,0),""))) | D87: =IF(IFERROR(LARGE('ورودی اقدامات'!$AJ$4:$AJ$803,5),"")="","",INDEX('ورودی اقدامات'!$G$4:$G$803,IFERROR(MATCH(IFERROR(LARGE('ورودی اقدامات'!$AJ$4:$AJ$803,5),""),'ورودی اقدامات'!$AJ$4:$AJ$803,0),""))) | E87: =IF(IFERROR(LARGE('ورودی اقدامات'!$AJ$4:$AJ$803,5),"")="","",INDEX('ورودی اقدامات'!$H$4:$H$803,IFERROR(MATCH(IFERROR(LARGE('ورودی اقدامات'!$AJ$4:$AJ$803,5),""),'ورودی اقدامات'!$AJ$4:$AJ$803,0),""))) | F87: =IF(IFERROR(LARGE('ورودی اقدامات'!$AJ$4:$AJ$803,5),"")="","",INDEX('ورودی اقدامات'!$U$4:$U$803,IFERROR(MATCH(IFERROR(LARGE('ورودی اقدامات'!$AJ$4:$AJ$803,5),""),'ورودی اقدامات'!$AJ$4:$AJ$803,0),"")))
B88: =IF(IFERROR(LARGE('ورودی اقدامات'!$AJ$4:$AJ$803,6),"")="","",INDEX('ورودی اقدامات'!$B$4:$B$803,IFERROR(MATCH(IFERROR(LARGE('ورودی اقدامات'!$AJ$4:$AJ$803,6),""),'ورودی اقدامات'!$AJ$4:$AJ$803,0),""))) | C88: =IF(IFERROR(LARGE('ورودی اقدامات'!$AJ$4:$AJ$803,6),"")="","",INDEX('ورودی اقدامات'!$N$4:$N$803,IFERROR(MATCH(IFERROR(LARGE('ورودی اقدامات'!$AJ$4:$AJ$803,6),""),'ورودی اقدامات'!$AJ$4:$AJ$803,0),""))) | D88: =IF(IFERROR(LARGE('ورودی اقدامات'!$AJ$4:$AJ$803,6),"")="","",INDEX('ورودی اقدامات'!$G$4:$G$803,IFERROR(MATCH(IFERROR(LARGE('ورودی اقدامات'!$AJ$4:$AJ$803,6),""),'ورودی اقدامات'!$AJ$4:$AJ$803,0),""))) | E88: =IF(IFERROR(LARGE('ورودی اقدامات'!$AJ$4:$AJ$803,6),"")="","",INDEX('ورودی اقدامات'!$H$4:$H$803,IFERROR(MATCH(IFERROR(LARGE('ورودی اقدامات'!$AJ$4:$AJ$803,6),""),'ورودی اقدامات'!$AJ$4:$AJ$803,0),""))) | F88: =IF(IFERROR(LARGE('ورودی اقدامات'!$AJ$4:$AJ$803,6),"")="","",INDEX('ورودی اقدامات'!$U$4:$U$803,IFERROR(MATCH(IFERROR(LARGE('ورودی اقدامات'!$AJ$4:$AJ$803,6),""),'ورودی اقدامات'!$AJ$4:$AJ$803,0),"")))
B89: =IF(IFERROR(LARGE('ورودی اقدامات'!$AJ$4:$AJ$803,7),"")="","",INDEX('ورودی اقدامات'!$B$4:$B$803,IFERROR(MATCH(IFERROR(LARGE('ورودی اقدامات'!$AJ$4:$AJ$803,7),""),'ورودی اقدامات'!$AJ$4:$AJ$803,0),""))) | C89: =IF(IFERROR(LARGE('ورودی اقدامات'!$AJ$4:$AJ$803,7),"")="","",INDEX('ورودی اقدامات'!$N$4:$N$803,IFERROR(MATCH(IFERROR(LARGE('ورودی اقدامات'!$AJ$4:$AJ$803,7),""),'ورودی اقدامات'!$AJ$4:$AJ$803,0),""))) | D89: =IF(IFERROR(LARGE('ورودی اقدامات'!$AJ$4:$AJ$803,7),"")="","",INDEX('ورودی اقدامات'!$G$4:$G$803,IFERROR(MATCH(IFERROR(LARGE('ورودی اقدامات'!$AJ$4:$AJ$803,7),""),'ورودی اقدامات'!$AJ$4:$AJ$803,0),""))) | E89: =IF(IFERROR(LARGE('ورودی اقدامات'!$AJ$4:$AJ$803,7),"")="","",INDEX('ورودی اقدامات'!$H$4:$H$803,IFERROR(MATCH(IFERROR(LARGE('ورودی اقدامات'!$AJ$4:$AJ$803,7),""),'ورودی اقدامات'!$AJ$4:$AJ$803,0),""))) | F89: =IF(IFERROR(LARGE('ورودی اقدامات'!$AJ$4:$AJ$803,7),"")="","",INDEX('ورودی اقدامات'!$U$4:$U$803,IFERROR(MATCH(IFERROR(LARGE('ورودی اقدامات'!$AJ$4:$AJ$803,7),""),'ورودی اقدامات'!$AJ$4:$AJ$803,0),"")))
B90: =IF(IFERROR(LARGE('ورودی اقدامات'!$AJ$4:$AJ$803,8),"")="","",INDEX('ورودی اقدامات'!$B$4:$B$803,IFERROR(MATCH(IFERROR(LARGE('ورودی اقدامات'!$AJ$4:$AJ$803,8),""),'ورودی اقدامات'!$AJ$4:$AJ$803,0),""))) | C90: =IF(IFERROR(LARGE('ورودی اقدامات'!$AJ$4:$AJ$803,8),"")="","",INDEX('ورودی اقدامات'!$N$4:$N$803,IFERROR(MATCH(IFERROR(LARGE('ورودی اقدامات'!$AJ$4:$AJ$803,8),""),'ورودی اقدامات'!$AJ$4:$AJ$803,0),""))) | D90: =IF(IFERROR(LARGE('ورودی اقدامات'!$AJ$4:$AJ$803,8),"")="","",INDEX('ورودی اقدامات'!$G$4:$G$803,IFERROR(MATCH(IFERROR(LARGE('ورودی اقدامات'!$AJ$4:$AJ$803,8),""),'ورودی اقدامات'!$AJ$4:$AJ$803,0),""))) | E90: =IF(IFERROR(LARGE('ورودی اقدامات'!$AJ$4:$AJ$803,8),"")="","",INDEX('ورودی اقدامات'!$H$4:$H$803,IFERROR(MATCH(IFERROR(LARGE('ورودی اقدامات'!$AJ$4:$AJ$803,8),""),'ورودی اقدامات'!$AJ$4:$AJ$803,0),""))) | F90: =IF(IFERROR(LARGE('ورودی اقدامات'!$AJ$4:$AJ$803,8),"")="","",INDEX('ورودی اقدامات'!$U$4:$U$803,IFERROR(MATCH(IFERROR(LARGE('ورودی اقدامات'!$AJ$4:$AJ$803,8),""),'ورودی اقدامات'!$AJ$4:$AJ$803,0),"")))
B91: =IF(IFERROR(LARGE('ورودی اقدامات'!$AJ$4:$AJ$803,9),"")="","",INDEX('ورودی اقدامات'!$B$4:$B$803,IFERROR(MATCH(IFERROR(LARGE('ورودی اقدامات'!$AJ$4:$AJ$803,9),""),'ورودی اقدامات'!$AJ$4:$AJ$803,0),""))) | C91: =IF(IFERROR(LARGE('ورودی اقدامات'!$AJ$4:$AJ$803,9),"")="","",INDEX('ورودی اقدامات'!$N$4:$N$803,IFERROR(MATCH(IFERROR(LARGE('ورودی اقدامات'!$AJ$4:$AJ$803,9),""),'ورودی اقدامات'!$AJ$4:$AJ$803,0),""))) | D91: =IF(IFERROR(LARGE('ورودی اقدامات'!$AJ$4:$AJ$803,9),"")="","",INDEX('ورودی اقدامات'!$G$4:$G$803,IFERROR(MATCH(IFERROR(LARGE('ورودی اقدامات'!$AJ$4:$AJ$803,9),""),'ورودی اقدامات'!$AJ$4:$AJ$803,0),""))) | E91: =IF(IFERROR(LARGE('ورودی اقدامات'!$AJ$4:$AJ$803,9),"")="","",INDEX('ورودی اقدامات'!$H$4:$H$803,IFERROR(MATCH(IFERROR(LARGE('ورودی اقدامات'!$AJ$4:$AJ$803,9),""),'ورودی اقدامات'!$AJ$4:$AJ$803,0),""))) | F91: =IF(IFERROR(LARGE('ورودی اقدامات'!$AJ$4:$AJ$803,9),"")="","",INDEX('ورودی اقدامات'!$U$4:$U$803,IFERROR(MATCH(IFERROR(LARGE('ورودی اقدامات'!$AJ$4:$AJ$803,9),""),'ورودی اقدامات'!$AJ$4:$AJ$803,0),"")))
B92: =IF(IFERROR(LARGE('ورودی اقدامات'!$AJ$4:$AJ$803,10),"")="","",INDEX('ورودی اقدامات'!$B$4:$B$803,IFERROR(MATCH(IFERROR(LARGE('ورودی اقدامات'!$AJ$4:$AJ$803,10),""),'ورودی اقدامات'!$AJ$4:$AJ$803,0),""))) | C92: =IF(IFERROR(LARGE('ورودی اقدامات'!$AJ$4:$AJ$803,10),"")="","",INDEX('ورودی اقدامات'!$N$4:$N$803,IFERROR(MATCH(IFERROR(LARGE('ورودی اقدامات'!$AJ$4:$AJ$803,10),""),'ورودی اقدامات'!$AJ$4:$AJ$803,0),""))) | D92: =IF(IFERROR(LARGE('ورودی اقدامات'!$AJ$4:$AJ$803,10),"")="","",INDEX('ورودی اقدامات'!$G$4:$G$803,IFERROR(MATCH(IFERROR(LARGE('ورودی اقدامات'!$AJ$4:$AJ$803,10),""),'ورودی اقدامات'!$AJ$4:$AJ$803,0),""))) | E92: =IF(IFERROR(LARGE('ورودی اقدامات'!$AJ$4:$AJ$803,10),"")="","",INDEX('ورودی اقدامات'!$H$4:$H$803,IFERROR(MATCH(IFERROR(LARGE('ورودی اقدامات'!$AJ$4:$AJ$803,10),""),'ورودی اقدامات'!$AJ$4:$AJ$803,0),""))) | F92: =IF(IFERROR(LARGE('ورودی اقدامات'!$AJ$4:$AJ$803,10),"")="","",INDEX('ورودی اقدامات'!$U$4:$U$803,IFERROR(MATCH(IFERROR(LARGE('ورودی اقدامات'!$AJ$4:$AJ$803,10),""),'ورودی اقدامات'!$AJ$4:$AJ$803,0),"")))
