Workbook

Sheet راهنما
B2: راهنمای فایل پایش اقدامات اصلاحی / پیشگیرانه
B4: ساختار ستون‌ها
B5: ستون‌های اول شیت «ورودی اقدامات» دقیقاً همان ستون‌های گرید سیستم هستند: شماره فرم، نوع، اصلاحی (منشأ)، موضوع عدم تطابق، درخواست‌کننده، نام فرآیند مرتبط، مهلت انجام اقدام، اثر بخشی، نظریه نهایی نماینده مدیریت، شماره اقدام مجدد، تاریخ ایجاد فرم، وضعیت (سیستم) و نسخه. ستون‌های واحد، تاریخ تکمیل، مسئول/نظریه ریشه‌یابی، مسئول اقدام و شرح اقدامات برای تحلیل تکمیلی اضافه شده‌اند.
B7: تاریخ‌ها
B8: همه تاریخ‌ها شمسی و به‌صورت متن سال/ماه/روز وارد می‌شوند (مثال 1404/7/4). تبدیل به میلادی برای محاسبه تاخیر به‌صورت خودکار و در ستون‌های پنهان (W تا AJ) انجام می‌شود.
B10: وضعیت پایش (خودکار)
B11: «بسته»: ستون اثر بخشی پر باشد یا تاریخ تکمیل ثبت شده باشد. «تاخیر»: مهلت گذشته و بسته نشده. «در حال انجام»: بقیه. این ستون با ستون «وضعیت (سیستم)» که مرحله گردش‌کار در سیستم است فرق دارد.
B13: اثر بخشی
B14: مقدارهای «می‌باشد»، «نمی‌باشد» و «تایید» مطابق مقادیر دیده‌شده در سیستم است و هر مقدار ثبت‌شده، اقدام را بسته می‌کند. اگر معنای «می‌باشد» در سیستم شما متفاوت است، فرمول ستون U را اصلاح کنید.
B16: لیست‌ها و داشبورد
B17: فهرست‌های کشویی از شیت «لیست‌ها» می‌آیند (ستون‌های P تا T پنهان و فقط برای تقویم شمسی است). داشبورد به‌صورت خودکار به‌روز می‌شود. ظرفیت فایل ۱۲۰۰ ردیف است. این فایل فقط اقدامات سال ۱۴۰۵ را شامل می‌شود.
B19: داشبورد مدیریتی
B20: بالای داشبورد یک جمله خلاصه خودکار (خلاصه مدیریتی)، شاخص‌های کلیدی، جدول «۱۰ اقدام با بیشترین تاخیر» برای پیگیری فوری و تفکیک تاخیرها بر اساس مدت (۱ تا ۳۰، ۳۱ تا ۶۰، ۶۱ تا ۹۰ و بیش از ۹۰ روز) اضافه شده است. این شیت برای چاپ/خروجی PDF تنظیم شده (Landscape، تناسب با عرض صفحه) — کافیست از منوی File در اکسل گزینه Export یا Print to PDF را روی همین شیت بزنید.

Sheet ورودی اقدامات
A1: پایش اقدامات اصلاحی / پیشگیرانه — ستون‌ها مطابق گرید سیستم «فرم اقدام اصلاحی/پیشگیرانه»
A2: خودکار | B2: ورودی | C2: ورودی | D2: ورودی | E2: ورودی | F2: ورودی | G2: ورودی | H2: ورودی | I2: ورودی | J2: ورودی | K2: ورودی | L2: ورودی | M2: ورودی | N2: ورودی | O2: ورودی | P2: ورودی | Q2: ورودی | R2: ورودی | S2: ورودی | T2: ورودی | U2: خودکار | V2: خودکار
A3: ردیف | B3: شماره فرم | C3: نوع | D3: اصلاحی (منشأ) | E3: موضوع عدم تطابق | F3: درخواست‌کننده | G3: نام فرآیند مرتبط | H3: مهلت انجام اقدام | I3: اثر بخشی | J3: نظریه نهایی نماینده مدیریت | K3: شماره اقدام مجدد | L3: تاریخ ایجاد فرم | M3: وضعیت (سیستم) | N3: نسخه | O3: واحد درخواست‌کننده | P3: تاریخ تکمیل اقدام | Q3: مسئول ریشه‌یابی | R3: نظریه ریشه‌یابی | S3: مسئول اقدام | T3: شرح اقدامات | U3: وضعیت پایش | V3: روزهای تاخیر
A4: =IF(B4="","",ROW()-3) -> 1 | B4: PL\05\1 | C4: اقدام اصلاحی | D4: سایر | E4: انحراف از مصرف مواد smc به میزان2.2... | F4: حمید بیات | G4: برنامه‌ریزی | L4: 1405/1/19 | M4: جهت اطلاع | U4: =IF(B4="","",IF(OR(P4<>"",I4="می‌باشد"),"بسته",IF(AND(L4<>"",W4=""),"خطای فرمت تاریخ ایجاد",IF(AND(H4<>"",AA4=""),"خطای فرمت مهلت",IF(AND(H4<>"",AD4<>"",TODAY()>AD4),"تاخیر",IF(L4<>"","در حال انجام","")))))) -> در حال انجام | V4: =IF(U4="تاخیر",TODAY()-AD4,IF(AND(U4="بسته",AH4<>"",AD4<>"",AH4>AD4),AH4-AD4,0)) -> 0 | W4: =IF(L4="","",VALUE(LEFT(L4,FIND("/",L4)-1))) -> 1405 | X4: =IF(L4="","",VALUE(MID(L4,FIND("/",L4)+1,FIND("/",L4,FIND("/",L4)+1)-FIND("/",L4)-1))) -> 1 | Y4: =IF(L4="","",VALUE(MID(L4,FIND("/",L4,FIND("/",L4)+1)+1,LEN(L4)-FIND("/",L4,FIND("/",L4)+1)))) -> 19 | Z4: =IF(OR(L4="",W4=""),"",IFERROR(INDEX('لیست‌ها'!$Q$3:$Q$53,MATCH(W4,'لیست‌ها'!$P$3:$P$53,0))+IF(X4<=6,(X4-1)*31+Y4,IF(X4<=11,186+(X4-7)*30+Y4,336+Y4))-1,"")) -> 46120 | AA4: =IF(H4="","",VALUE(LEFT(H4,FIND("/",H4)-1))) | AB4: =IF(H4="","",VALUE(MID(H4,FIND("/",H4)+1,FIND("/",H4,FIND("/",H4)+1)-FIND("/",H4)-1))) | AC4: =IF(H4="","",VALUE(MID(H4,FIND("/",H4,FIND("/",H4)+1)+1,LEN(H4)-FIND("/",H4,FIND("/",H4)+1)))) | AD4: =IF(OR(H4="",AA4=""),"",IFERROR(INDEX('لیست‌ها'!$Q$3:$Q$53,MATCH(AA4,'لیست‌ها'!$P$3:$P$53,0))+IF(AB4<=6,(AB4-1)*31+AC4,IF(AB4<=11,186+(AB4-7)*30+AC4,336+AC4))-1,"")) | AE4: =IF(P4="","",VALUE(LEFT(P4,FIND("/",P4)-1))) | AF4: =IF(P4="","",VALUE(MID(P4,FIND("/",P4)+1,FIND("/",P4,FIND("/",P4)+1)-FIND("/",P4)-1))) | AG4: =IF(P4="","",VALUE(MID(P4,FIND("/",P4,FIND("/",P4)+1)+1,LEN(P4)-FIND("/",P4,FIND("/",P4)+1)))) | AH4: =IF(OR(P4="",AE4=""),"",IFERROR(INDEX('لیست‌ها'!$Q$3:$Q$53,MATCH(AE4,'لیست‌ها'!$P$3:$P$53,0))+IF(AF4<=6,(AF4-1)*31+AG4,IF(AF4<=11,186+(AF4-7)*30+AG4,336+AG4))-1,"")) | AI4: =IF(W4="","",W4&"-"&TEXT(X4,"00")) -> 1405-01 | AJ4: =IF(W4="","",W4*12+X4) -> 16861 | AK4: =IF(U4="تاخیر",V4+ROW()/100000,"")
A5: =IF(B5="","",ROW()-3) -> 2 | B5: SALE\05\2 | C5: اقدام اصلاحی | D5: کلیم | E5: کلیم 1 قطعه سینی فن سمند در سایت کر... | F5: میلاد زارع | G5: بازرسی آزمون | H5: 1405/2/31 | I5: می‌باشد | L5: 1405/1/22 | M5: جهت اطلاع | U5: =IF(B5="","",IF(OR(P5<>"",I5="می‌باشد"),"بسته",IF(AND(L5<>"",W5=""),"خطای فرمت تاریخ ایجاد",IF(AND(H5<>"",AA5=""),"خطای فرمت مهلت",IF(AND(H5<>"",AD5<>"",TODAY()>AD5),"تاخیر",IF(L5<>"","در حال انجام","")))))) -> بسته | V5: =IF(U5="تاخیر",TODAY()-AD5,IF(AND(U5="بسته",AH5<>"",AD5<>"",AH5>AD5),AH5-AD5,0)) -> 0 | W5: =IF(L5="","",VALUE(LEFT(L5,FIND("/",L5)-1))) -> 1405 | X5: =IF(L5="","",VALUE(MID(L5,FIND("/",L5)+1,FIND("/",L5,FIND("/",L5)+1)-FIND("/",L5)-1))) -> 1 | Y5: =IF(L5="","",VALUE(MID(L5,FIND("/",L5,FIND("/",L5)+1)+1,LEN(L5)-FIND("/",L5,FIND("/",L5)+1)))) -> 22 | Z5: =IF(OR(L5="",W5=""),"",IFERROR(INDEX('لیست‌ها'!$Q$3:$Q$53,MATCH(W5,'لیست‌ها'!$P$3:$P$53,0))+IF(X5<=6,(X5-1)*31+Y5,IF(X5<=11,186+(X5-7)*30+Y5,336+Y5))-1,"")) -> 46123 | AA5: =IF(H5="","",VALUE(LEFT(H5,FIND("/",H5)-1))) -> 1405 | AB5: =IF(H5="","",VALUE(MID(H5,FIND("/",H5)+1,FIND("/",H5,FIND("/",H5)+1)-FIND("/",H5)-1))) -> 2 | AC5: =IF(H5="","",VALUE(MID(H5,FIND("/",H5,FIND("/",H5)+1)+1,LEN(H5)-FIND("/",H5,FIND("/",H5)+1)))) -> 31 | AD5: =IF(OR(H5="",AA5=""),"",IFERROR(INDEX('لیست‌ها'!$Q$3:$Q$53,MATCH(AA5,'لیست‌ها'!$P$3:$P$53,0))+IF(AB5<=6,(AB5-1)*31+AC5,IF(AB5<=11,186+(AB5-7)*30+AC5,336+AC5))-1,"")) -> 46163 | AE5: =IF(P5="","",VALUE(LEFT(P5,FIND("/",P5)-1))) | AF5: =IF(P5="","",VALUE(MID(P5,FIND("/",P5)+1,FIND("/",P5,FIND("/",P5)+1)-FIND("/",P5)-1))) | AG5: =IF(P5="","",VALUE(MID(P5,FIND("/",P5,FIND("/",P5)+1)+1,LEN(P5)-FIND("/",P5,FIND("/",P5)+1)))) | AH5: =IF(OR(P5="",AE5=""),"",IFERROR(INDEX('لیست‌ها'!$Q$3:$Q$53,MATCH(AE5,'لیست‌ها'!$P$3:$P$53,0))+IF(AF5<=6,(AF5-1)*31+AG5,IF(AF5<=11,186+(AF5-7)*30+AG5,336+AG5))-1,"")) | AI5: =IF(W5="","",W5&"-"&TEXT(X5,"00")) -> 1405-01 | AJ5: =IF(W5="","",W5*12+X5) -> 16861 | AK5: =IF(U5="تاخیر",V5+ROW()/100000,"")
A6: =IF(B6="","",ROW()-3) -> 3 | B6: SALE\05\3 | C6: اقدام اصلاحی | D6: کلیم | E6: کلیم 1 قطعه سینی فن سمند در سایت ته... | F6: میلاد زارع | G6: بازرسی آزمون | H6: 1405/2/31 | I6: می‌باشد | L6: 1405/1/22 | M6: جهت اطلاع | U6: =IF(B6="","",IF(OR(P6<>"",I6="می‌باشد"),"بسته",IF(AND(L6<>"",W6=""),"خطای فرمت تاریخ ایجاد",IF(AND(H6<>"",AA6=""),"خطای فرمت مهلت",IF(AND(H6<>"",AD6<>"",TODAY()>AD6),"تاخیر",IF(L6<>"","در حال انجام","")))))) -> بسته | V6: =IF(U6="تاخیر",TODAY()-AD6,IF(AND(U6="بسته",AH6<>"",AD6<>"",AH6>AD6),AH6-AD6,0)) -> 0 | W6: =IF(L6="","",VALUE(LEFT(L6,FIND("/",L6)-1))) -> 1405 | X6: =IF(L6="","",VALUE(MID(L6,FIND("/",L6)+1,FIND("/",L6,FIND("/",L6)+1)-FIND("/",L6)-1))) -> 1 | Y6: =IF(L6="","",VALUE(MID(L6,FIND("/",L6,FIND("/",L6)+1)+1,LEN(L6)-FIND("/",L6,FIND("/",L6)+1)))) -> 22 | Z6: =IF(OR(L6="",W6=""),"",IFERROR(INDEX('لیست‌ها'!$Q$3:$Q$53,MATCH(W6,'لیست‌ها'!$P$3:$P$53,0))+IF(X6<=6,(X6-1)*31+Y6,IF(X6<=11,186+(X6-7)*30+Y6,336+Y6))-1,"")) -> 46123 | AA6: =IF(H6="","",VALUE(LEFT(H6,FIND("/",H6)-1))) -> 1405 | AB6: =IF(H6="","",VALUE(MID(H6,FIND("/",H6)+1,FIND("/",H6,FIND("/",H6)+1)-FIND("/",H6)-1))) -> 2 | AC6: =IF(H6="","",VALUE(MID(H6,FIND("/",H6,FIND("/",H6)+1)+1,LEN(H6)-FIND("/",H6,FIND("/",H6)+1)))) -> 31 | AD6: =IF(OR(H6="",AA6=""),"",IFERROR(INDEX('لیست‌ها'!$Q$3:$Q$53,MATCH(AA6,'لیست‌ها'!$P$3:$P$53,0))+IF(AB6<=6,(AB6-1)*31+AC6,IF(AB6<=11,186+(AB6-7)*30+AC6,336+AC6))-1,"")) -> 46163 | AE6: =IF(P6="","",VALUE(LEFT(P6,FIND("/",P6)-1))) | AF6: =IF(P6="","",VALUE(MID(P6,FIND("/",P6)+1,FIND("/",P6,FIND("/",P6)+1)-FIND("/",P6)-1))) | AG6: =IF(P6="","",VALUE(MID(P6,FIND("/",P6,FIND("/",P6)+1)+1,LEN(P6)-FIND("/",P6,FIND("/",P6)+1)))) | AH6: =IF(OR(P6="",AE6=""),"",IFERROR(INDEX('لیست‌ها'!$Q$3:$Q$53,MATCH(AE6,'لیست‌ها'!$P$3:$P$53,0))+IF(AF6<=6,(AF6-1)*31+AG6,IF(AF6<=11,186+(AF6-7)*30+AG6,336+AG6))-1,"")) | AI6: =IF(W6="","",W6&"-"&TEXT(X6,"00")) -> 1405-01 | AJ6: =IF(W6="","",W6*12+X6) -> 16861 | AK6: =IF(U6="تاخیر",V6+ROW()/100000,"")
A7: =IF(B7="","",ROW()-3) -> 4 | B7: SALE\05\4 | C7: اقدام اصلاحی | D7: کلیم | E7: کلیم 6 قطعه سینی فن سمند در سایت ته... | F7: میلاد زارع | G7: بازرسی آزمون | H7: 1405/2/20 | I7: می‌باشد | L7: 1405/1/24 | M7: جهت اطلاع | U7: =IF(B7="","",IF(OR(P7<>"",I7="می‌باشد"),"بسته",IF(AND(L7<>"",W7=""),"خطای فرمت تاریخ ایجاد",IF(AND(H7<>"",AA7=""),"خطای فرمت مهلت",IF(AND(H7<>"",AD7<>"",TODAY()>AD7),"تاخیر",IF(L7<>"","در حال انجام","")))))) -> بسته | V7: =IF(U7="تاخیر",TODAY()-AD7,IF(AND(U7="بسته",AH7<>"",AD7<>"",AH7>AD7),AH7-AD7,0)) -> 0 | W7: =IF(L7="","",VALUE(LEFT(L7,FIND("/",L7)-1))) -> 1405 | X7: =IF(L7="","",VALUE(MID(L7,FIND("/",L7)+1,FIND("/",L7,FIND("/",L7)+1)-FIND("/",L7)-1))) -> 1 | Y7: =IF(L7="","",VALUE(MID(L7,FIND("/",L7,FIND("/",L7)+1)+1,LEN(L7)-FIND("/",L7,FIND("/",L7)+1)))) -> 24 | Z7: =IF(OR(L7="",W7=""),"",IFERROR(INDEX('لیست‌ها'!$Q$3:$Q$53,MATCH(W7,'لیست‌ها'!$P$3:$P$53,0))+IF(X7<=6,(X7-1)*31+Y7,IF(X7<=11,186+(X7-7)*30+Y7,336+Y7))-1,"")) -> 46125 | AA7: =IF(H7="","",VALUE(LEFT(H7,FIND("/",H7)-1))) -> 1405 | AB7: =IF(H7="","",VALUE(MID(H7,FIND("/",H7)+1,FIND("/",H7,FIND("/",H7)+1)-FIND("/",H7)-1))) -> 2 | AC7: =IF(H7="","",VALUE(MID(H7,FIND("/",H7,FIND("/",H7)+1)+1,LEN(H7)-FIND("/",H7,FIND("/",H7)+1)))) -> 20 | AD7: =IF(OR(H7="",AA7=""),"",IFERROR(INDEX('لیست‌ها'!$Q$3:$Q$53,MATCH(AA7,'لیست‌ها'!$P$3:$P$53,0))+IF(AB7<=6,(AB7-1)*31+AC7,IF(AB7<=11,186+(AB7-7)*30+AC7,336+AC7))-1,"")) -> 46152 | AE7: =IF(P7="","",VALUE(LEFT(P7,FIND("/",P7)-1))) | AF7: =IF(P7="","",VALUE(MID(P7,FIND("/",P7)+1,FIND("/",P7,FIND("/",P7)+1)-FIND("/",P7)-1))) | AG7: =IF(P7="","",VALUE(MID(P7,FIND("/",P7,FIND("/",P7)+1)+1,LEN(P7)-FIND("/",P7,FIND("/",P7)+1)))) | AH7: =IF(OR(P7="",AE7=""),"",IFERROR(INDEX('لیست‌ها'!$Q$3:$Q$53,MATCH(AE7,'لیست‌ها'!$P$3:$P$53,0))+IF(AF7<=6,(AF7-1)*31+AG7,IF(AF7<=11,186+(AF7-7)*30+AG7,336+AG7))-1,"")) | AI7: =IF(W7="","",W7&"-"&TEXT(X7,"00")) -> 1405-01 | AJ7: =IF(W7="","",W7*12+X7) -> 16861 | AK7: =IF(U7="تاخیر",V7+ROW()/100000,"")
A8: =IF(B8="","",ROW()-3) -> 5 | B8: SALE\05\5 | C8: اقدام اصلاحی | D8: کلیم | E8: کلیم 40 قطعه سینی فن 206 پلاس در... | F8: میلاد زارع | G8: بازرسی آزمون | H8: 1405/2/15 | I8: می‌باشد | L8: 1405/1/24 | M8: جهت اطلاع | U8: =IF(B8="","",IF(OR(P8<>"",I8="می‌باشد"),"بسته",IF(AND(L8<>"",W8=""),"خطای فرمت تاریخ ایجاد",IF(AND(H8<>"",AA8=""),"خطای فرمت مهلت",IF(AND(H8<>"",AD8<>"",TODAY()>AD8),"تاخیر",IF(L8<>"","در حال انجام","")))))) -> بسته | V8: =IF(U8="تاخیر",TODAY()-AD8,IF(AND(U8="بسته",AH8<>"",AD8<>"",AH8>AD8),AH8-AD8,0)) -> 0 | W8: =IF(L8="","",VALUE(LEFT(L8,FIND("/",L8)-1))) -> 1405 | X8: =IF(L8="","",VALUE(MID(L8,FIND("/",L8)+1,FIND("/",L8,FIND("/",L8)+1)-FIND("/",L8)-1))) -> 1 | Y8: =IF(L8="","",VALUE(MID(L8,FIND("/",L8,FIND("/",L8)+1)+1,LEN(L8)-FIND("/",L8,FIND("/",L8)+1)))) -> 24 | Z8: =IF(OR(L8="",W8=""),"",IFERROR(INDEX('لیست‌ها'!$Q$3:$Q$53,MATCH(W8,'لیست‌ها'!$P$3:$P$53,0))+IF(X8<=6,(X8-1)*31+Y8,IF(X8<=11,186+(X8-7)*30+Y8,336+Y8))-1,"")) -> 46125 | AA8: =IF(H8="","",VALUE(LEFT(H8,FIND("/",H8)-1))) -> 1405 | AB8: =IF(H8="","",VALUE(MID(H8,FIND("/",H8)+1,FIND("/",H8,FIND("/",H8)+1)-FIND("/",H8)-1))) -> 2 | AC8: =IF(H8="","",VALUE(MID(H8,FIND("/",H8,FIND("/",H8)+1)+1,LEN(H8)-FIND("/",H8,FIND("/",H8)+1)))) -> 15 | AD8: =IF(OR(H8="",AA8=""),"",IFERROR(INDEX('لیست‌ها'!$Q$3:$Q$53,MATCH(AA8,'لیست‌ها'!$P$3:$P$53,0))+IF(AB8<=6,(AB8-1)*31+AC8,IF(AB8<=11,186+(AB8-7)*30+AC8,336+AC8))-1,"")) -> 46147 | AE8: =IF(P8="","",VALUE(LEFT(P8,FIND("/",P8)-1))) | AF8: =IF(P8="","",VALUE(MID(P8,FIND("/",P8)+1,FIND("/",P8,FIND("/",P8)+1)-FIND("/",P8)-1))) | AG8: =IF(P8="","",VALUE(MID(P8,FIND("/",P8,FIND("/",P8)+1)+1,LEN(P8)-FIND("/",P8,FIND("/",P8)+1)))) | AH8: =IF(OR(P8="",AE8=""),"",IFERROR(INDEX('لیست‌ها'!$Q$3:$Q$53,MATCH(AE8,'لیست‌ها'!$P$3:$P$53,0))+IF(AF8<=6,(AF8-1)*31+AG8,IF(AF8<=11,186+(AF8-7)*30+AG8,336+AG8))-1,"")) | AI8: =IF(W8="","",W8&"-"&TEXT(X8,"00")) -> 1405-01 | AJ8: =IF(W8="","",W8*12+X8) -> 16861 | AK8: =IF(U8="تاخیر",V8+ROW()/100000,"")
A9: =IF(B9="","",ROW()-3) -> 6 | B9: SALE\05\6 | C9: اقدام اصلاحی | D9: کلیم | E9: کلیم 1 قطعه سینی فن دنا پلاس توربو... | F9: میلاد زارع | G9: بازرسی آزمون | H9: 1405/2/31 | I9: می‌باشد | L9: 1405/1/24 | M9: جهت اطلاع | U9: =IF(B9="","",IF(OR(P9<>"",I9="می‌باشد"),"بسته",IF(AND(L9<>"",W9=""),"خطای فرمت تاریخ ایجاد",IF(AND(H9<>"",AA9=""),"خطای فرمت مهلت",IF(AND(H9<>"",AD9<>"",TODAY()>AD9),"تاخیر",IF(L9<>"","در حال انجام","")))))) -> بسته | V9: =IF(U9="تاخیر",TODAY()-AD9,IF(AND(U9="بسته",AH9<>"",AD9<>"",AH9>AD9),AH9-AD9,0)) -> 0 | W9: =IF(L9="","",VALUE(LEFT(L9,FIND("/",L9)-1))) -> 1405 | X9: =IF(L9="","",VALUE(MID(L9,FIND("/",L9)+1,FIND("/",L9,FIND("/",L9)+1)-FIND("/",L9)-1))) -> 1 | Y9: =IF(L9="","",VALUE(MID(L9,FIND("/",L9,FIND("/",L9)+1)+1,LEN(L9)-FIND("/",L9,FIND("/",L9)+1)))) -> 24 | Z9: =IF(OR(L9="",W9=""),"",IFERROR(INDEX('لیست‌ها'!$Q$3:$Q$53,MATCH(W9,'لیست‌ها'!$P$3:$P$53,0))+IF(X9<=6,(X9-1)*31+Y9,IF(X9<=11,186+(X9-7)*30+Y9,336+Y9))-1,"")) -> 46125 | AA9: =IF(H9="","",VALUE(LEFT(H9,FIND("/",H9)-1))) -> 1405 | AB9: =IF(H9="","",VALUE(MID(H9,FIND("/",H9)+1,FIND("/",H9,FIND("/",H9)+1)-FIND("/",H9)-1))) -> 2 | AC9: =IF(H9="","",VALUE(MID(H9,FIND("/",H9,FIND("/",H9)+1)+1,LEN(H9)-FIND("/",H9,FIND("/",H9)+1)))) -> 31 | AD9: =IF(OR(H9="",AA9=""),"",IFERROR(INDEX('لیست‌ها'!$Q$3:$Q$53,MATCH(AA9,'لیست‌ها'!$P$3:$P$53,0))+IF(AB9<=6,(AB9-1)*31+AC9,IF(AB9<=11,186+(AB9-7)*30+AC9,336+AC9))-1,"")) -> 46163 | AE9: =IF(P9="","",VALUE(LEFT(P9,FIND("/",P9)-1))) | AF9: =IF(P9="","",VALUE(MID(P9,FIND("/",P9)+1,FIND("/",P9,FIND("/",P9)+1)-FIND("/",P9)-1))) | AG9: =IF(P9="","",VALUE(MID(P9,FIND("/",P9,FIND("/",P9)+1)+1,LEN(P9)-FIND("/",P9,FIND("/",P9)+1)))) | AH9: =IF(OR(P9="",AE9=""),"",IFERROR(INDEX('لیست‌ها'!$Q$3:$Q$53,MATCH(AE9,'لیست‌ها'!$P$3:$P$53,0))+IF(AF9<=6,(AF9-1)*31+AG9,IF(AF9<=11,186+(AF9-7)*30+AG9,336+AG9))-1,"")) | AI9: =IF(W9="","",W9&"-"&TEXT(X9,"00")) -> 1405-01 | AJ9: =IF(W9="","",W9*12+X9) -> 16861 | AK9: =IF(U9="تاخیر",V9+ROW()/100000,"")
A10: =IF(B10="","",ROW()-3) -> 7 | B10: SALE\05\7 | C10: اقدام اصلاحی | D10: کلیم | E10: کلیم 4 قطعه سینی فن دنا در سایت تهر... | F10: میلاد زارع | G10: بازرسی آزمون | H10: 1405/2/31 | I10: می‌باشد | L10: 1405/1/24 | M10: جهت اطلاع | U10: =IF(B10="","",IF(OR(P10<>"",I10="می‌باشد"),"بسته",IF(AND(L10<>"",W10=""),"خطای فرمت تاریخ ایجاد",IF(AND(H10<>"",AA10=""),"خطای فرمت مهلت",IF(AND(H10<>"",AD10<>"",TODAY()>AD10),"تاخیر",IF(L10<>"","در حال انجام","")))))) -> بسته | V10: =IF(U10="تاخیر",TODAY()-AD10,IF(AND(U10="بسته",AH10<>"",AD10<>"",AH10>AD10),AH10-AD10,0)) -> 0 | W10: =IF(L10="","",VALUE(LEFT(L10,FIND("/",L10)-1))) -> 1405 | X10: =IF(L10="","",VALUE(MID(L10,FIND("/",L10)+1,FIND("/",L10,FIND("/",L10)+1)-FIND("/",L10)-1))) -> 1 | Y10: =IF(L10="","",VALUE(MID(L10,FIND("/",L10,FIND("/",L10)+1)+1,LEN(L10)-FIND("/",L10,FIND("/",L10)+1)))) -> 24 | Z10: =IF(OR(L10="",W10=""),"",IFERROR(INDEX('لیست‌ها'!$Q$3:$Q$53,MATCH(W10,'لیست‌ها'!$P$3:$P$53,0))+IF(X10<=6,(X10-1)*31+Y10,IF(X10<=11,186+(X10-7)*30+Y10,336+Y10))-1,"")) -> 46125 | AA10: =IF(H10="","",VALUE(LEFT(H10,FIND("/",H10)-1))) -> 1405 | AB10: =IF(H10="","",VALUE(MID(H10,FIND("/",H10)+1,FIND("/",H10,FIND("/",H10)+1)-FIND("/",H10)-1))) -> 2 | AC10: =IF(H10="","",VALUE(MID(H10,FIND("/",H10,FIND("/",H10)+1)+1,LEN(H10)-FIND("/",H10,FIND("/",H10)+1)))) -> 31 | AD10: =IF(OR(H10="",AA10=""),"",IFERROR(INDEX('لیست‌ها'!$Q$3:$Q$53,MATCH(AA10,'لیست‌ها'!$P$3:$P$53,0))+IF(AB10<=6,(AB10-1)*31+AC10,IF(AB10<=11,186+(AB10-7)*30+AC10,336+AC10))-1,"")) -> 46163 | AE10: =IF(P10="","",VALUE(LEFT(P10,FIND("/",P10)-1))) | AF10: =IF(P10="","",VALUE(MID(P10,FIND("/",P10)+1,FIND("/",P10,FIND("/",P10)+1)-FIND("/",P10)-1))) | AG10: =IF(P10="","",VALUE(MID(P10,FIND("/",P10,FIND("/",P10)+1)+1,LEN(P10)-FIND("/",P10,FIND("/",P10)+1)))) | AH10: =IF(OR(P10="",AE10=""),"",IFERROR(INDEX('لیست‌ها'!$Q$3:$Q$53,MATCH(AE10,'لیست‌ها'!$P$3:$P$53,0))+IF(AF10<=6,(AF10-1)*31+AG10,IF(AF10<=11,186+(AF10-7)*30+AG10,336+AG10))-1,"")) | AI10: =IF(W10="","",W10&"-"&TEXT(X10,"00")) -> 1405-01 | AJ10: =IF(W10="","",W10*12+X10) -> 16861 | AK10: =IF(U10="تاخیر",V10+ROW()/100000,"")
A11: =IF(B11="","",ROW()-3) -> 8 | B11: SALE\05\8 | C11: اقدام اصلاحی | D11: کلیم | E11: کلیم 1 قطعه سینی زیرموتور XU در سایت... | F11: میلاد زارع | G11: بازرسی آزمون | H11: 1405/2/15 | L11: 1405/1/24 | M11: نظریه مسئول اقدام | U11: =IF(B11="","",IF(OR(P11<>"",I11="می‌باشد"),"بسته",IF(AND(L11<>"",W11=""),"خطای فرمت تاریخ ایجاد",IF(AND(H11<>"",AA11=""),"خطای فرمت مهلت",IF(AND(H11<>"",AD11<>"",TODAY()>AD11),"تاخیر",IF(L11<>"","در حال انجام","")))))) -> تاخیر | V11: =IF(U11="تاخیر",TODAY()-AD11,IF(AND(U11="بسته",AH11<>"",AD11<>"",AH11>AD11),AH11-AD11,0)) -> 148 | W11: =IF(L11="","",VALUE(LEFT(L11,FIND("/",L11)-1))) -> 1405 | X11: =IF(L11="","",VALUE(MID(L11,FIND("/",L11)+1,FIND("/",L11,FIND("/",L11)+1)-FIND("/",L11)-1))) -> 1 | Y11: =IF(L11="","",VALUE(MID(L11,FIND("/",L11,FIND("/",L11)+1)+1,LEN(L11)-FIND("/",L11,FIND("/",L11)+1)))) -> 24 | Z11: =IF(OR(L11="",W11=""),"",IFERROR(INDEX('لیست‌ها'!$Q$3:$Q$53,MATCH(W11,'لیست‌ها'!$P$3:$P$53,0))+IF(X11<=6,(X11-1)*31+Y11,IF(X11<=11,186+(X11-7)*30+Y11,336+Y11))-1,"")) -> 46125 | AA11: =IF(H11="","",VALUE(LEFT(H11,FIND("/",H11)-1))) -> 1405 | AB11: =IF(H11="","",VALUE(MID(H11,FIND("/",H11)+1,FIND("/",H11,FIND("/",H11)+1)-FIND("/",H11)-1))) -> 2 | AC11: =IF(H11="","",VALUE(MID(H11,FIND("/",H11,FIND("/",H11)+1)+1,LEN(H11)-FIND("/",H11,FIND("/",H11)+1)))) -> 15 | AD11: =IF(OR(H11="",AA11=""),"",IFERROR(INDEX('لیست‌ها'!$Q$3:$Q$53,MATCH(AA11,'لیست‌ها'!$P$3:$P$53,0))+IF(AB11<=6,(AB11-1)*31+AC11,IF(AB11<=11,186+(AB11-7)*30+AC11,336+AC11))-1,"")) -> 46147 | AE11: =IF(P11="","",VALUE(LEFT(P11,FIND("/",P11)-1))) | AF11: =IF(P11="","",VALUE(MID(P11,FIND("/",P11)+1,FIND("/",P11,FIND("/",P11)+1)-FIND("/",P11)-1))) | AG11: =IF(P11="","",VALUE(MID(P11,FIND("/",P11,FIND("/",P11)+1)+1,LEN(P11)-FIND("/",P11,FIND("/",P11)+1)))) | AH11: =IF(OR(P11="",AE11=""),"",IFERROR(INDEX('لیست‌ها'!$Q$3:$Q$53,MATCH(AE11,'لیست‌ها'!$P$3:$P$53,0))+IF(AF11<=6,(AF11-1)*31+AG11,IF(AF11<=11,186+(AF11-7)*30+AG11,336+AG11))-1,"")) | AI11: =IF(W11="","",W11&"-"&TEXT(X11,"00")) -> 1405-01 | AJ11: =IF(W11="","",W11*12+X11) -> 16861 | AK11: =IF(U11="تاخیر",V11+ROW()/100000,"") -> 148.00011
A12: =IF(B12="","",ROW()-3) -> 9 | B12: SALE\05\9 | C12: اقدام اصلاحی | D12: کلیم | E12: کلیم 4 قطعه سینی نگهدارنده رک را در... | F12: میلاد زارع | G12: بازرسی آزمون | H12: 1405/2/20 | I12: می‌باشد | L12: 1405/1/29 | M12: جهت اطلاع | U12: =IF(B12="","",IF(OR(P12<>"",I12="می‌باشد"),"بسته",IF(AND(L12<>"",W12=""),"خطای فرمت تاریخ ایجاد",IF(AND(H12<>"",AA12=""),"خطای فرمت مهلت",IF(AND(H12<>"",AD12<>"",TODAY()>AD12),"تاخیر",IF(L12<>"","در حال انجام","")))))) -> بسته | V12: =IF(U12="تاخیر",TODAY()-AD12,IF(AND(U12="بسته",AH12<>"",AD12<>"",AH12>AD12),AH12-AD12,0)) -> 0 | W12: =IF(L12="","",VALUE(LEFT(L12,FIND("/",L12)-1))) -> 1405 | X12: =IF(L12="","",VALUE(MID(L12,FIND("/",L12)+1,FIND("/",L12,FIND("/",L12)+1)-FIND("/",L12)-1))) -> 1 | Y12: =IF(L12="","",VALUE(MID(L12,FIND("/",L12,FIND("/",L12)+1)+1,LEN(L12)-FIND("/",L12,FIND("/",L12)+1)))) -> 29 | Z12: =IF(OR(L12="",W12=""),"",IFERROR(INDEX('لیست‌ها'!$Q$3:$Q$53,MATCH(W12,'لیست‌ها'!$P$3:$P$53,0))+IF(X12<=6,(X12-1)*31+Y12,IF(X12<=11,186+(X12-7)*30+Y12,336+Y12))-1,"")) -> 46130 | AA12: =IF(H12="","",VALUE(LEFT(H12,FIND("/",H12)-1))) -> 1405 | AB12: =IF(H12="","",VALUE(MID(H12,FIND("/",H12)+1,FIND("/",H12,FIND("/",H12)+1)-FIND("/",H12)-1))) -> 2 | AC12: =IF(H12="","",VALUE(MID(H12,FIND("/",H12,FIND("/",H12)+1)+1,LEN(H12)-FIND("/",H12,FIND("/",H12)+1)))) -> 20 | AD12: =IF(OR(H12="",AA12=""),"",IFERROR(INDEX('لیست‌ها'!$Q$3:$Q$53,MATCH(AA12,'لیست‌ها'!$P$3:$P$53,0))+IF(AB12<=6,(AB12-1)*31+AC12,IF(AB12<=11,186+(AB12-7)*30+AC12,336+AC12))-1,"")) -> 46152 | AE12: =IF(P12="","",VALUE(LEFT(P12,FIND("/",P12)-1))) | AF12: =IF(P12="","",VALUE(MID(P12,FIND("/",P12)+1,FIND("/",P12,FIND("/",P12)+1)-FIND("/",P12)-1))) | AG12: =IF(P12="","",VALUE(MID(P12,FIND("/",P12,FIND("/",P12)+1)+1,LEN(P12)-FIND("/",P12,FIND("/",P12)+1)))) | AH12: =IF(OR(P12="",AE12=""),"",IFERROR(INDEX('لیست‌ها'!$Q$3:$Q$53,MATCH(AE12,'لیست‌ها'!$P$3:$P$53,0))+IF(AF12<=6,(AF12-1)*31+AG12,IF(AF12<=11,186+(AF12-7)*30+AG12,336+AG12))-1,"")) | AI12: =IF(W12="","",W12&"-"&TEXT(X12,"00")) -> 1405-01 | AJ12: =IF(W12="","",W12*12+X12) -> 16861 | AK12: =IF(U12="تاخیر",V12+ROW()/100000,"")
A13: =IF(B13="","",ROW()-3) -> 10 | B13: SALE\05\10 | C13: اقدام اصلاحی | D13: کلیم | E13: کلیم 1 قطعه سینی زیر موتور تارا (K)... | F13: میلاد زارع | G13: بازرسی آزمون | H13: 1405/2/20 | I13: می‌باشد | L13: 1405/1/30 | M13: جهت اطلاع | U13: =IF(B13="","",IF(OR(P13<>"",I13="می‌باشد"),"بسته",IF(AND(L13<>"",W13=""),"خطای فرمت تاریخ ایجاد",IF(AND(H13<>"",AA13=""),"خطای فرمت مهلت",IF(AND(H13<>"",AD13<>"",TODAY()>AD13),"تاخیر",IF(L13<>"","در حال انجام","")))))) -> بسته | V13: =IF(U13="تاخیر",TODAY()-AD13,IF(AND(U13="بسته",AH13<>"",AD13<>"",AH13>AD13),AH13-AD13,0)) -> 0 | W13: =IF(L13="","",VALUE(LEFT(L13,FIND("/",L13)-1))) -> 1405 | X13: =IF(L13="","",VALUE(MID(L13,FIND("/",L13)+1,FIND("/",L13,FIND("/",L13)+1)-FIND("/",L13)-1))) -> 1 | Y13: =IF(L13="","",VALUE(MID(L13,FIND("/",L13,FIND("/",L13)+1)+1,LEN(L13)-FIND("/",L13,FIND("/",L13)+1)))) -> 30 | Z13: =IF(OR(L13="",W13=""),"",IFERROR(INDEX('لیست‌ها'!$Q$3:$Q$53,MATCH(W13,'لیست‌ها'!$P$3:$P$53,0))+IF(X13<=6,(X13-1)*31+Y13,IF(X13<=11,186+(X13-7)*30+Y13,336+Y13))-1,"")) -> 46131 | AA13: =IF(H13="","",VALUE(LEFT(H13,FIND("/",H13)-1))) -> 1405 | AB13: =IF(H13="","",VALUE(MID(H13,FIND("/",H13)+1,FIND("/",H13,FIND("/",H13)+1)-FIND("/",H13)-1))) -> 2 | AC13: =IF(H13="","",VALUE(MID(H13,FIND("/",H13,FIND("/",H13)+1)+1,LEN(H13)-FIND("/",H13,FIND("/",H13)+1)))) -> 20 | AD13: =IF(OR(H13="",AA13=""),"",IFERROR(INDEX('لیست‌ها'!$Q$3:$Q$53,MATCH(AA13,'لیست‌ها'!$P$3:$P$53,0))+IF(AB13<=6,(AB13-1)*31+AC13,IF(AB13<=11,186+(AB13-7)*30+AC13,336+AC13))-1,"")) -> 46152 | AE13: =IF(P13="","",VALUE(LEFT(P13,FIND("/",P13)-1))) | AF13: =IF(P13="","",VALUE(MID(P13,FIND("/",P13)+1,FIND("/",P13,FIND("/",P13)+1)-FIND("/",P13)-1))) | AG13: =IF(P13="","",VALUE(MID(P13,FIND("/",P13,FIND("/",P13)+1)+1,LEN(P13)-FIND("/",P13,FIND("/",P13)+1)))) | AH13: =IF(OR(P13="",AE13=""),"",IFERROR(INDEX('لیست‌ها'!$Q$3:$Q$53,MATCH(AE13,'لیست‌ها'!$P$3:$P$53,0))+IF(AF13<=6,(AF13-1)*31+AG13,IF(AF13<=11,186+(AF13-7)*30+AG13,336+AG13))-1,"")) | AI13: =IF(W13="","",W13&"-"&TEXT(X13,"00")) -> 1405-01 | AJ13: =IF(W13="","",W13*12+X13) -> 16861 | AK13: =IF(U13="تاخیر",V13+ROW()/100000,"")
A14: =IF(B14="","",ROW()-3) -> 11 | B14: SALE\05\11 | C14: اقدام اصلاحی | D14: کلیم | E14: کلیم 1 قطعه سینی فن سمند در سایت کر... | F14: میلاد زارع | G14: بازرسی آزمون | H14: 1405/2/20 | I14: می‌باشد | L14: 1405/1/31 | M14: جهت اطلاع | U14: =IF(B14="","",IF(OR(P14<>"",I14="می‌باشد"),"بسته",IF(AND(L14<>"",W14=""),"خطای فرمت تاریخ ایجاد",IF(AND(H14<>"",AA14=""),"خطای فرمت مهلت",IF(AND(H14<>"",AD14<>"",TODAY()>AD14),"تاخیر",IF(L14<>"","در حال انجام","")))))) -> بسته | V14: =IF(U14="تاخیر",TODAY()-AD14,IF(AND(U14="بسته",AH14<>"",AD14<>"",AH14>AD14),AH14-AD14,0)) -> 0 | W14: =IF(L14="","",VALUE(LEFT(L14,FIND("/",L14)-1))) -> 1405 | X14: =IF(L14="","",VALUE(MID(L14,FIND("/",L14)+1,FIND("/",L14,FIND("/",L14)+1)-FIND("/",L14)-1))) -> 1 | Y14: =IF(L14="","",VALUE(MID(L14,FIND("/",L14,FIND("/",L14)+1)+1,LEN(L14)-FIND("/",L14,FIND("/",L14)+1)))) -> 31 | Z14: =IF(OR(L14="",W14=""),"",IFERROR(INDEX('لیست‌ها'!$Q$3:$Q$53,MATCH(W14,'لیست‌ها'!$P$3:$P$53,0))+IF(X14<=6,(X14-1)*31+Y14,IF(X14<=11,186+(X14-7)*30+Y14,336+Y14))-1,"")) -> 46132 | AA14: =IF(H14="","",VALUE(LEFT(H14,FIND("/",H14)-1))) -> 1405 | AB14: =IF(H14="","",VALUE(MID(H14,FIND("/",H14)+1,FIND("/",H14,FIND("/",H14)+1)-FIND("/",H14)-1))) -> 2 | AC14: =IF(H14="","",VALUE(MID(H14,FIND("/",H14,FIND("/",H14)+1)+1,LEN(H14)-FIND("/",H14,FIND("/",H14)+1)))) -> 20 | AD14: =IF(OR(H14="",AA14=""),"",IFERROR(INDEX('لیست‌ها'!$Q$3:$Q$53,MATCH(AA14,'لیست‌ها'!$P$3:$P$53,0))+IF(AB14<=6,(AB14-1)*31+AC14,IF(AB14<=11,186+(AB14-7)*30+AC14,336+AC14))-1,"")) -> 46152 | AE14: =IF(P14="","",VALUE(LEFT(P14,FIND("/",P14)-1))) | AF14: =IF(P14="","",VALUE(MID(P14,FIND("/",P14)+1,FIND("/",P14,FIND("/",P14)+1)-FIND("/",P14)-1))) | AG14: =IF(P14="","",VALUE(MID(P14,FIND("/",P14,FIND("/",P14)+1)+1,LEN(P14)-FIND("/",P14,FIND("/",P14)+1)))) | AH14: =IF(OR(P14="",AE14=""),"",IFERROR(INDEX('لیست‌ها'!$Q$3:$Q$53,MATCH(AE14,'لیست‌ها'!$P$3:$P$53,0))+IF(AF14<=6,(AF14-1)*31+AG14,IF(AF14<=11,186+(AF14-7)*30+AG14,336+AG14))-1,"")) | AI14: =IF(W14="","",W14&"-"&TEXT(X14,"00")) -> 1405-01 | AJ14: =IF(W14="","",W14*12+X14) -> 16861 | AK14: =IF(U14="تاخیر",V14+ROW()/100000,"")
A15: =IF(B15="","",ROW()-3) -> 12 | B15: SALE\05\12 | C15: اقدام اصلاحی | D15: کلیم | E15: کلیم 1 قطعه سینی فن سمند در سایت فا... | F15: میلاد زارع | G15: بازرسی آزمون | H15: 1405/2/20 | I15: می‌باشد | L15: 1405/2/1 | M15: جهت اطلاع | U15: =IF(B15="","",IF(OR(P15<>"",I15="می‌باشد"),"بسته",IF(AND(L15<>"",W15=""),"خطای فرمت تاریخ ایجاد",IF(AND(H15<>"",AA15=""),"خطای فرمت مهلت",IF(AND(H15<>"",AD15<>"",TODAY()>AD15),"تاخیر",IF(L15<>"","در حال انجام","")))))) -> بسته | V15: =IF(U15="تاخیر",TODAY()-AD15,IF(AND(U15="بسته",AH15<>"",AD15<>"",AH15>AD15),AH15-AD15,0)) -> 0 | W15: =IF(L15="","",VALUE(LEFT(L15,FIND("/",L15)-1))) -> 1405 | X15: =IF(L15="","",VALUE(MID(L15,FIND("/",L15)+1,FIND("/",L15,FIND("/",L15)+1)-FIND("/",L15)-1))) -> 2 | Y15: =IF(L15="","",VALUE(MID(L15,FIND("/",L15,FIND("/",L15)+1)+1,LEN(L15)-FIND("/",L15,FIND("/",L15)+1)))) -> 1 | Z15: =IF(OR(L15="",W15=""),"",IFERROR(INDEX('لیست‌ها'!$Q$3:$Q$53,MATCH(W15,'لیست‌ها'!$P$3:$P$53,0))+IF(X15<=6,(X15-1)*31+Y15,IF(X15<=11,186+(X15-7)*30+Y15,336+Y15))-1,"")) -> 46133 | AA15: =IF(H15="","",VALUE(LEFT(H15,FIND("/",H15)-1))) -> 1405 | AB15: =IF(H15="","",VALUE(MID(H15,FIND("/",H15)+1,FIND("/",H15,FIND("/",H15)+1)-FIND("/",H15)-1))) -> 2 | AC15: =IF(H15="","",VALUE(MID(H15,FIND("/",H15,FIND("/",H15)+1)+1,LEN(H15)-FIND("/",H15,FIND("/",H15)+1)))) -> 20 | AD15: =IF(OR(H15="",AA15=""),"",IFERROR(INDEX('لیست‌ها'!$Q$3:$Q$53,MATCH(AA15,'لیست‌ها'!$P$3:$P$53,0))+IF(AB15<=6,(AB15-1)*31+AC15,IF(AB15<=11,186+(AB15-7)*30+AC15,336+AC15))-1,"")) -> 46152 | AE15: =IF(P15="","",VALUE(LEFT(P15,FIND("/",P15)-1))) | AF15: =IF(P15="","",VALUE(MID(P15,FIND("/",P15)+1,FIND("/",P15,FIND("/",P15)+1)-FIND("/",P15)-1))) | AG15: =IF(P15="","",VALUE(MID(P15,FIND("/",P15,FIND("/",P15)+1)+1,LEN(P15)-FIND("/",P15,FIND("/",P15)+1)))) | AH15: =IF(OR(P15="",AE15=""),"",IFERROR(INDEX('لیست‌ها'!$Q$3:$Q$53,MATCH(AE15,'لیست‌ها'!$P$3:$P$53,0))+IF(AF15<=6,(AF15-1)*31+AG15,IF(AF15<=11,186+(AF15-7)*30+AG15,336+AG15))-1,"")) | AI15: =IF(W15="","",W15&"-"&TEXT(X15,"00")) -> 1405-02 | AJ15: =IF(W15="","",W15*12+X15) -> 16862 | AK15: =IF(U15="تاخیر",V15+ROW()/100000,"")
A16: =IF(B16="","",ROW()-3) -> 13 | B16: SALE\05\13 | C16: اقدام اصلاحی | D16: کلیم | E16: کلیم 1 قطعه سینی زیرموتور XU در سایت... | F16: میلاد زارع | G16: بازرسی آزمون | H16: 1405/2/20 | I16: می‌باشد | L16: 1405/2/1 | M16: جهت اطلاع | U16: =IF(B16="","",IF(OR(P16<>"",I16="می‌باشد"),"بسته",IF(AND(L16<>"",W16=""),"خطای فرمت تاریخ ایجاد",IF(AND(H16<>"",AA16=""),"خطای فرمت مهلت",IF(AND(H16<>"",AD16<>"",TODAY()>AD16),"تاخیر",IF(L16<>"","در حال انجام","")))))) -> بسته | V16: =IF(U16="تاخیر",TODAY()-AD16,IF(AND(U16="بسته",AH16<>"",AD16<>"",AH16>AD16),AH16-AD16,0)) -> 0 | W16: =IF(L16="","",VALUE(LEFT(L16,FIND("/",L16)-1))) -> 1405 | X16: =IF(L16="","",VALUE(MID(L16,FIND("/",L16)+1,FIND("/",L16,FIND("/",L16)+1)-FIND("/",L16)-1))) -> 2 | Y16: =IF(L16="","",VALUE(MID(L16,FIND("/",L16,FIND("/",L16)+1)+1,LEN(L16)-FIND("/",L16,FIND("/",L16)+1)))) -> 1 | Z16: =IF(OR(L16="",W16=""),"",IFERROR(INDEX('لیست‌ها'!$Q$3:$Q$53,MATCH(W16,'لیست‌ها'!$P$3:$P$53,0))+IF(X16<=6,(X16-1)*31+Y16,IF(X16<=11,186+(X16-7)*30+Y16,336+Y16))-1,"")) -> 46133 | AA16: =IF(H16="","",VALUE(LEFT(H16,FIND("/",H16)-1))) -> 1405 | AB16: =IF(H16="","",VALUE(MID(H16,FIND("/",H16)+1,FIND("/",H16,FIND("/",H16)+1)-FIND("/",H16)-1))) -> 2 | AC16: =IF(H16="","",VALUE(MID(H16,FIND("/",H16,FIND("/",H16)+1)+1,LEN(H16)-FIND("/",H16,FIND("/",H16)+1)))) -> 20 | AD16: =IF(OR(H16="",AA16=""),"",IFERROR(INDEX('لیست‌ها'!$Q$3:$Q$53,MATCH(AA16,'لیست‌ها'!$P$3:$P$53,0))+IF(AB16<=6,(AB16-1)*31+AC16,IF(AB16<=11,186+(AB16-7)*30+AC16,336+AC16))-1,"")) -> 46152 | AE16: =IF(P16="","",VALUE(LEFT(P16,FIND("/",P16)-1))) | AF16: =IF(P16="","",VALUE(MID(P16,FIND("/",P16)+1,FIND("/",P16,FIND("/",P16)+1)-FIND("/",P16)-1))) | AG16: =IF(P16="","",VALUE(MID(P16,FIND("/",P16,FIND("/",P16)+1)+1,LEN(P16)-FIND("/",P16,FIND("/",P16)+1)))) | AH16: =IF(OR(P16="",AE16=""),"",IFERROR(INDEX('لیست‌ها'!$Q$3:$Q$53,MATCH(AE16,'لیست‌ها'!$P$3:$P$53,0))+IF(AF16<=6,(AF16-1)*31+AG16,IF(AF16<=11,186+(AF16-7)*30+AG16,336+AG16))-1,"")) | AI16: =IF(W16="","",W16&"-"&TEXT(X16,"00")) -> 1405-02 | AJ16: =IF(W16="","",W16*12+X16) -> 16862 | AK16: =IF(U16="تاخیر",V16+ROW()/100000,"")
A17: =IF(B17="","",ROW()-3) -> 14 | B17: PL\05\14 | C17: اقدام پیشگیرانه | D17: کلیم | E17: توقف خط به علت نبود منابع (خار کنسو...) | F17: حمید بیات | G17: برنامه‌ریزی | L17: 1405/2/2 | M17: ثبت فرم | U17: =IF(B17="","",IF(OR(P17<>"",I17="می‌باشد"),"بسته",IF(AND(L17<>"",W17=""),"خطای فرمت تاریخ ایجاد",IF(AND(H17<>"",AA17=""),"خطای فرمت مهلت",IF(AND(H17<>"",AD17<>"",TODAY()>AD17),"تاخیر",IF(L17<>"","در حال انجام","")))))) -> در حال انجام | V17: =IF(U17="تاخیر",TODAY()-AD17,IF(AND(U17="بسته",AH17<>"",AD17<>"",AH17>AD17),AH17-AD17,0)) -> 0 | W17: =IF(L17="","",VALUE(LEFT(L17,FIND("/",L17)-1))) -> 1405 | X17: =IF(L17="","",VALUE(MID(L17,FIND("/",L17)+1,FIND("/",L17,FIND("/",L17)+1)-FIND("/",L17)-1))) -> 2 | Y17: =IF(L17="","",VALUE(MID(L17,FIND("/",L17,FIND("/",L17)+1)+1,LEN(L17)-FIND("/",L17,FIND("/",L17)+1)))) -> 2 | Z17: =IF(OR(L17="",W17=""),"",IFERROR(INDEX('لیست‌ها'!$Q$3:$Q$53,MATCH(W17,'لیست‌ها'!$P$3:$P$53,0))+IF(X17<=6,(X17-1)*31+Y17,IF(X17<=11,186+(X17-7)*30+Y17,336+Y17))-1,"")) -> 46134 | AA17: =IF(H17="","",VALUE(LEFT(H17,FIND("/",H17)-1))) | AB17: =IF(H17="","",VALUE(MID(H17,FIND("/",H17)+1,FIND("/",H17,FIND("/",H17)+1)-FIND("/",H17)-1))) | AC17: =IF(H17="","",VALUE(MID(H17,FIND("/",H17,FIND("/",H17)+1)+1,LEN(H17)-FIND("/",H17,FIND("/",H17)+1)))) | AD17: =IF(OR(H17="",AA17=""),"",IFERROR(INDEX('لیست‌ها'!$Q$3:$Q$53,MATCH(AA17,'لیست‌ها'!$P$3:$P$53,0))+IF(AB17<=6,(AB17-1)*31+AC17,IF(AB17<=11,186+(AB17-7)*30+AC17,336+AC17))-1,"")) | AE17: =IF(P17="","",VALUE(LEFT(P17,FIND("/",P17)-1))) | AF17: =IF(P17="","",VALUE(MID(P17,FIND("/",P17)+1,FIND("/",P17,FIND("/",P17)+1)-FIND("/",P17)-1))) | AG17: =IF(P17="","",VALUE(MID(P17,FIND("/",P17,FIND("/",P17)+1)+1,LEN(P17)-FIND("/",P17,FIND("/",P17)+1)))) | AH17: =IF(OR(P17="",AE17=""),"",IFERROR(INDEX('لیست‌ها'!$Q$3:$Q$53,MATCH(AE17,'لیست‌ها'!$P$3:$P$53,0))+IF(AF17<=6,(AF17-1)*31+AG17,IF(AF17<=11,186+(AF17-7)*30+AG17,336+AG17))-1,"")) | AI17: =IF(W17="","",W17&"-"&TEXT(X17,"00")) -> 1405-02 | AJ17: =IF(W17="","",W17*12+X17) -> 16862 | AK17: =IF(U17="تاخیر",V17+ROW()/100000,"")
A18: =IF(B18="","",ROW()-3) -> 15 | B18: PL\05\15 | C18: اقدام اصلاحی | D18: سایر | E18: انحراف از مصرف مواد smc به میزان0.7... | F18: حمید بیات | G18: برنامه‌ریزی | L18: 1405/2/2 | M18: ثبت فرم | U18: =IF(B18="","",IF(OR(P18<>"",I18="می‌باشد"),"بسته",IF(AND(L18<>"",W18=""),"خطای فرمت تاریخ ایجاد",IF(AND(H18<>"",AA18=""),"خطای فرمت مهلت",IF(AND(H18<>"",AD18<>"",TODAY()>AD18),"تاخیر",IF(L18<>"","در حال انجام","")))))) -> در حال انجام | V18: =IF(U18="تاخیر",TODAY()-AD18,IF(AND(U18="بسته",AH18<>"",AD18<>"",AH18>AD18),AH18-AD18,0)) -> 0 | W18: =IF(L18="","",VALUE(LEFT(L18,FIND("/",L18)-1))) -> 1405 | X18: =IF(L18="","",VALUE(MID(L18,FIND("/",L18)+1,FIND("/",L18,FIND("/",L18)+1)-FIND("/",L18)-1))) -> 2 | Y18: =IF(L18="","",VALUE(MID(L18,FIND("/",L18,FIND("/",L18)+1)+1,LEN(L18)-FIND("/",L18,FIND("/",L18)+1)))) -> 2 | Z18: =IF(OR(L18="",W18=""),"",IFERROR(INDEX('لیست‌ها'!$Q$3:$Q$53,MATCH(W18,'لیست‌ها'!$P$3:$P$53,0))+IF(X18<=6,(X18-1)*31+Y18,IF(X18<=11,186+(X18-7)*30+Y18,336+Y18))-1,"")) -> 46134 | AA18: =IF(H18="","",VALUE(LEFT(H18,FIND("/",H18)-1))) | AB18: =IF(H18="","",VALUE(MID(H18,FIND("/",H18)+1,FIND("/",H18,FIND("/",H18)+1)-FIND("/",H18)-1))) | AC18: =IF(H18="","",VALUE(MID(H18,FIND("/",H18,FIND("/",H18)+1)+1,LEN(H18)-FIND("/",H18,FIND("/",H18)+1)))) | AD18: =IF(OR(H18="",AA18=""),"",IFERROR(INDEX('لیست‌ها'!$Q$3:$Q$53,MATCH(AA18,'لیست‌ها'!$P$3:$P$53,0))+IF(AB18<=6,(AB18-1)*31+AC18,IF(AB18<=11,186+(AB18-7)*30+AC18,336+AC18))-1,"")) | AE18: =IF(P18="","",VALUE(LEFT(P18,FIND("/",P18)-1))) | AF18: =IF(P18="","",VALUE(MID(P18,FIND("/",P18)+1,FIND("/",P18,FIND("/",P18)+1)-FIND("/",P18)-1))) | AG18: =IF(P18="","",VALUE(MID(P18,FIND("/",P18,FIND("/",P18)+1)+1,LEN(P18)-FIND("/",P18,FIND("/",P18)+1)))) | AH18: =IF(OR(P18="",AE18=""),"",IFERROR(INDEX('لیست‌ها'!$Q$3:$Q$53,MATCH(AE18,'لیست‌ها'!$P$3:$P$53,0))+IF(AF18<=6,(AF18-1)*31+AG18,IF(AF18<=11,186+(AF18-7)*30+AG18,336+AG18))-1,"")) | AI18: =IF(W18="","",W18&"-"&TEXT(X18,"00")) -> 1405-02 | AJ18: =IF(W18="","",W18*12+X18) -> 16862 | AK18: =IF(U18="تاخیر",V18+ROW()/100000,"")
A19: =IF(B19="","",ROW()-3) -> 16 | B19: des\05\16 | C19: اقدام اصلاحی | D19: پایش فرآیندها و تجزیه و تحلیل | E19: امپر 212B - MTTR (عقب بهمن ماه) | F19: مرضیه کاظم‌زاده | G19: مهندسی | H19: 1405/2/31 | I19: می‌باشد | L19: 1405/2/6 | M19: جهت اطلاع | U19: =IF(B19="","",IF(OR(P19<>"",I19="می‌باشد"),"بسته",IF(AND(L19<>"",W19=""),"خطای فرمت تاریخ ایجاد",IF(AND(H19<>"",AA19=""),"خطای فرمت مهلت",IF(AND(H19<>"",AD19<>"",TODAY()>AD19),"تاخیر",IF(L19<>"","در حال انجام","")))))) -> بسته | V19: =IF(U19="تاخیر",TODAY()-AD19,IF(AND(U19="بسته",AH19<>"",AD19<>"",AH19>AD19),AH19-AD19,0)) -> 0 | W19: =IF(L19="","",VALUE(LEFT(L19,FIND("/",L19)-1))) -> 1405 | X19: =IF(L19="","",VALUE(MID(L19,FIND("/",L19)+1,FIND("/",L19,FIND("/",L19)+1)-FIND("/",L19)-1))) -> 2 | Y19: =IF(L19="","",VALUE(MID(L19,FIND("/",L19,FIND("/",L19)+1)+1,LEN(L19)-FIND("/",L19,FIND("/",L19)+1)))) -> 6 | Z19: =IF(OR(L19="",W19=""),"",IFERROR(INDEX('لیست‌ها'!$Q$3:$Q$53,MATCH(W19,'لیست‌ها'!$P$3:$P$53,0))+IF(X19<=6,(X19-1)*31+Y19,IF(X19<=11,186+(X19-7)*30+Y19,336+Y19))-1,"")) -> 46138 | AA19: =IF(H19="","",VALUE(LEFT(H19,FIND("/",H19)-1))) -> 1405 | AB19: =IF(H19="","",VALUE(MID(H19,FIND("/",H19)+1,FIND("/",H19,FIND("/",H19)+1)-FIND("/",H19)-1))) -> 2 | AC19: =IF(H19="","",VALUE(MID(H19,FIND("/",H19,FIND("/",H19)+1)+1,LEN(H19)-FIND("/",H19,FIND("/",H19)+1)))) -> 31 | AD19: =IF(OR(H19="",AA19=""),"",IFERROR(INDEX('لیست‌ها'!$Q$3:$Q$53,MATCH(AA19,'لیست‌ها'!$P$3:$P$53,0))+IF(AB19<=6,(AB19-1)*31+AC19,IF(AB19<=11,186+(AB19-7)*30+AC19,336+AC19))-1,"")) -> 46163 | AE19: =IF(P19="","",VALUE(LEFT(P19,FIND("/",P19)-1))) | AF19: =IF(P19="","",VALUE(MID(P19,FIND("/",P19)+1,FIND("/",P19,FIND("/",P19)+1)-FIND("/",P19)-1))) | AG19: =IF(P19="","",VALUE(MID(P19,FIND("/",P19,FIND("/",P19)+1)+1,LEN(P19)-FIND("/",P19,FIND("/",P19)+1)))) | AH19: =IF(OR(P19="",AE19=""),"",IFERROR(INDEX('لیست‌ها'!$Q$3:$Q$53,MATCH(AE19,'لیست‌ها'!$P$3:$P$53,0))+IF(AF19<=6,(AF19-1)*31+AG19,IF(AF19<=11,186+(AF19-7)*30+AG19,336+AG19))-1,"")) | AI19: =IF(W19="","",W19&"-"&TEXT(X19,"00")) -> 1405-02 | AJ19: =IF(W19="","",W19*12+X19) -> 16862 | AK19: =IF(U19="تاخیر",V19+ROW()/100000,"")
A20: =IF(B20="","",ROW()-3) -> 17 | B20: des\05\17 | C20: اقدام اصلاحی | D20: پایش فرآیندها و تجزیه و تحلیل | E20: 405D - MTTR بهمن 1404 | F20: مرضیه کاظم‌زاده | G20: مهندسی | H20: 1405/2/31 | I20: می‌باشد | L20: 1405/2/6 | M20: جهت اطلاع | U20: =IF(B20="","",IF(OR(P20<>"",I20="می‌باشد"),"بسته",IF(AND(L20<>"",W20=""),"خطای فرمت تاریخ ایجاد",IF(AND(H20<>"",AA20=""),"خطای فرمت مهلت",IF(AND(H20<>"",AD20<>"",TODAY()>AD20),"تاخیر",IF(L20<>"","در حال انجام","")))))) -> بسته | V20: =IF(U20="تاخیر",TODAY()-AD20,IF(AND(U20="بسته",AH20<>"",AD20<>"",AH20>AD20),AH20-AD20,0)) -> 0 | W20: =IF(L20="","",VALUE(LEFT(L20,FIND("/",L20)-1))) -> 1405 | X20: =IF(L20="","",VALUE(MID(L20,FIND("/",L20)+1,FIND("/",L20,FIND("/",L20)+1)-FIND("/",L20)-1))) -> 2 | Y20: =IF(L20="","",VALUE(MID(L20,FIND("/",L20,FIND("/",L20)+1)+1,LEN(L20)-FIND("/",L20,FIND("/",L20)+1)))) -> 6 | Z20: =IF(OR(L20="",W20=""),"",IFERROR(INDEX('لیست‌ها'!$Q$3:$Q$53,MATCH(W20,'لیست‌ها'!$P$3:$P$53,0))+IF(X20<=6,(X20-1)*31+Y20,IF(X20<=11,186+(X20-7)*30+Y20,336+Y20))-1,"")) -> 46138 | AA20: =IF(H20="","",VALUE(LEFT(H20,FIND("/",H20)-1))) -> 1405 | AB20: =IF(H20="","",VALUE(MID(H20,FIND("/",H20)+1,FIND("/",H20,FIND("/",H20)+1)-FIND("/",H20)-1))) -> 2 | AC20: =IF(H20="","",VALUE(MID(H20,FIND("/",H20,FIND("/",H20)+1)+1,LEN(H20)-FIND("/",H20,FIND("/",H20)+1)))) -> 31 | AD20: =IF(OR(H20="",AA20=""),"",IFERROR(INDEX('لیست‌ها'!$Q$3:$Q$53,MATCH(AA20,'لیست‌ها'!$P$3:$P$53,0))+IF(AB20<=6,(AB20-1)*31+AC20,IF(AB20<=11,186+(AB20-7)*30+AC20,336+AC20))-1,"")) -> 46163 | AE20: =IF(P20="","",VALUE(LEFT(P20,FIND("/",P20)-1))) | AF20: =IF(P20="","",VALUE(MID(P20,FIND("/",P20)+1,FIND("/",P20,FIND("/",P20)+1)-FIND("/",P20)-1))) | AG20: =IF(P20="","",VALUE(MID(P20,FIND("/",P20,FIND("/",P20)+1)+1,LEN(P20)-FIND("/",P20,FIND("/",P20)+1)))) | AH20: =IF(OR(P20="",AE20=""),"",IFERROR(INDEX('لیست‌ها'!$Q$3:$Q$53,MATCH(AE20,'لیست‌ها'!$P$3:$P$53,0))+IF(AF20<=6,(AF20-1)*31+AG20,IF(AF20<=11,186+(AF20-7)*30+AG20,336+AG20))-1,"")) | AI20: =IF(W20="","",W20&"-"&TEXT(X20,"00")) -> 1405-02 | AJ20: =IF(W20="","",W20*12+X20) -> 16862 | AK20: =IF(U20="تاخیر",V20+ROW()/100000,"")
A21: =IF(B21="","",ROW()-3) -> 18 | B21: des\05\18 | C21: اقدام اصلاحی | D21: پایش فرآیندها و تجزیه و تحلیل | E21: سینی فن آریسان (PU1 اسفند 1404) - MTTR | F21: مرضیه کاظم‌زاده | G21: مهندسی | H21: 1405/2/31 | I21: می‌باشد | L21: 1405/2/6 | M21: جهت اطلاع | U21: =IF(B21="","",IF(OR(P21<>"",I21="می‌باشد"),"بسته",IF(AND(L21<>"",W21=""),"خطای فرمت تاریخ ایجاد",IF(AND(H21<>"",AA21=""),"خطای فرمت مهلت",IF(AND(H21<>"",AD21<>"",TODAY()>AD21),"تاخیر",IF(L21<>"","در حال انجام","")))))) -> بسته | V21: =IF(U21="تاخیر",TODAY()-AD21,IF(AND(U21="بسته",AH21<>"",AD21<>"",AH21>AD21),AH21-AD21,0)) -> 0 | W21: =IF(L21="","",VALUE(LEFT(L21,FIND("/",L21)-1))) -> 1405 | X21: =IF(L21="","",VALUE(MID(L21,FIND("/",L21)+1,FIND("/",L21,FIND("/",L21)+1)-FIND("/",L21)-1))) -> 2 | Y21: =IF(L21="","",VALUE(MID(L21,FIND("/",L21,FIND("/",L21)+1)+1,LEN(L21)-FIND("/",L21,FIND("/",L21)+1)))) -> 6 | Z21: =IF(OR(L21="",W21=""),"",IFERROR(INDEX('لیست‌ها'!$Q$3:$Q$53,MATCH(W21,'لیست‌ها'!$P$3:$P$53,0))+IF(X21<=6,(X21-1)*31+Y21,IF(X21<=11,186+(X21-7)*30+Y21,336+Y21))-1,"")) -> 46138 | AA21: =IF(H21="","",VALUE(LEFT(H21,FIND("/",H21)-1))) -> 1405 | AB21: =IF(H21="","",VALUE(MID(H21,FIND("/",H21)+1,FIND("/",H21,FIND("/",H21)+1)-FIND("/",H21)-1))) -> 2 | AC21: =IF(H21="","",VALUE(MID(H21,FIND("/",H21,FIND("/",H21)+1)+1,LEN(H21)-FIND("/",H21,FIND("/",H21)+1)))) -> 31 | AD21: =IF(OR(H21="",AA21=""),"",IFERROR(INDEX('لیست‌ها'!$Q$3:$Q$53,MATCH(AA21,'لیست‌ها'!$P$3:$P$53,0))+IF(AB21<=6,(AB21-1)*31+AC21,IF(AB21<=11,186+(AB21-7)*30+AC21,336+AC21))-1,"")) -> 46163 | AE21: =IF(P21="","",VALUE(LEFT(P21,FIND("/",P21)-1))) | AF21: =IF(P21="","",VALUE(MID(P21,FIND("/",P21)+1,FIND("/",P21,FIND("/",P21)+1)-FIND("/",P21)-1))) | AG21: =IF(P21="","",VALUE(MID(P21,FIND("/",P21,FIND("/",P21)+1)+1,LEN(P21)-FIND("/",P21,FIND("/",P21)+1)))) | AH21: =IF(OR(P21="",AE21=""),"",IFERROR(INDEX('لیست‌ها'!$Q$3:$Q$53,MATCH(AE21,'لیست‌ها'!$P$3:$P$53,0))+IF(AF21<=6,(AF21-1)*31+AG21,IF(AF21<=11,186+(AF21-7)*30+AG21,336+AG21))-1,"")) | AI21: =IF(W21="","",W21&"-"&TEXT(X21,"00")) -> 1405-02 | AJ21: =IF(W21="","",W21*12+X21) -> 16862 | AK21: =IF(U21="تاخیر",V21+ROW()/100000,"")
A22: =IF(B22="","",ROW()-3) -> 19 | B22: des\05\19 | C22: اقدام اصلاحی | D22: پایش فرآیندها و تجزیه و تحلیل | E22: سمند X7 اسفند 1404 - MTTR | F22: مرضیه کاظم‌زاده | G22: مهندسی | H22: 1405/2/31 | I22: می‌باشد | L22: 1405/2/6 | M22: جهت اطلاع | U22: =IF(B22="","",IF(OR(P22<>"",I22="می‌باشد"),"بسته",IF(AND(L22<>"",W22=""),"خطای فرمت تاریخ ایجاد",IF(AND(H22<>"",AA22=""),"خطای فرمت مهلت",IF(AND(H22<>"",AD22<>"",TODAY()>AD22),"تاخیر",IF(L22<>"","در حال انجام","")))))) -> بسته | V22: =IF(U22="تاخیر",TODAY()-AD22,IF(AND(U22="بسته",AH22<>"",AD22<>"",AH22>AD22),AH22-AD22,0)) -> 0 | W22: =IF(L22="","",VALUE(LEFT(L22,FIND("/",L22)-1))) -> 1405 | X22: =IF(L22="","",VALUE(MID(L22,FIND("/",L22)+1,FIND("/",L22,FIND("/",L22)+1)-FIND("/",L22)-1))) -> 2 | Y22: =IF(L22="","",VALUE(MID(L22,FIND("/",L22,FIND("/",L22)+1)+1,LEN(L22)-FIND("/",L22,FIND("/",L22)+1)))) -> 6 | Z22: =IF(OR(L22="",W22=""),"",IFERROR(INDEX('لیست‌ها'!$Q$3:$Q$53,MATCH(W22,'لیست‌ها'!$P$3:$P$53,0))+IF(X22<=6,(X22-1)*31+Y22,IF(X22<=11,186+(X22-7)*30+Y22,336+Y22))-1,"")) -> 46138 | AA22: =IF(H22="","",VALUE(LEFT(H22,FIND("/",H22)-1))) -> 1405 | AB22: =IF(H22="","",VALUE(MID(H22,FIND("/",H22)+1,FIND("/",H22,FIND("/",H22)+1)-FIND("/",H22)-1))) -> 2 | AC22: =IF(H22="","",VALUE(MID(H22,FIND("/",H22,FIND("/",H22)+1)+1,LEN(H22)-FIND("/",H22,FIND("/",H22)+1)))) -> 31 | AD22: =IF(OR(H22="",AA22=""),"",IFERROR(INDEX('لیست‌ها'!$Q$3:$Q$53,MATCH(AA22,'لیست‌ها'!$P$3:$P$53,0))+IF(AB22<=6,(AB22-1)*31+AC22,IF(AB22<=11,186+(AB22-7)*30+AC22,336+AC22))-1,"")) -> 46163 | AE22: =IF(P22="","",VALUE(LEFT(P22,FIND("/",P22)-1))) | AF22: =IF(P22="","",VALUE(MID(P22,FIND("/",P22)+1,FIND("/",P22,FIND("/",P22)+1)-FIND("/",P22)-1))) | AG22: =IF(P22="","",VALUE(MID(P22,FIND("/",P22,FIND("/",P22)+1)+1,LEN(P22)-FIND("/",P22,FIND("/",P22)+1)))) | AH22: =IF(OR(P22="",AE22=""),"",IFERROR(INDEX('لیست‌ها'!$Q$3:$Q$53,MATCH(AE22,'لیست‌ها'!$P$3:$P$53,0))+IF(AF22<=6,(AF22-1)*31+AG22,IF(AF22<=11,186+(AF22-7)*30+AG22,336+AG22))-1,"")) | AI22: =IF(W22="","",W22&"-"&TEXT(X22,"00")) -> 1405-02 | AJ22: =IF(W22="","",W22*12+X22) -> 16862 | AK22: =IF(U22="تاخیر",V22+ROW()/100000,"")
A23: =IF(B23="","",ROW()-3) -> 20 | B23: des\05\20 | C23: اقدام اصلاحی | D23: پایش فرآیندها و تجزیه و تحلیل | E23: رات 4 (بهمن ماه 1404) - MTTR | F23: مرضیه کاظم‌زاده | G23: مهندسی | H23: 1405/2/31 | L23: 1405/2/6 | M23: نظریه ریشه یاب | U23: =IF(B23="","",IF(OR(P23<>"",I23="می‌باشد"),"بسته",IF(AND(L23<>"",W23=""),"خطای فرمت تاریخ ایجاد",IF(AND(H23<>"",AA23=""),"خطای فرمت مهلت",IF(AND(H23<>"",AD23<>"",TODAY()>AD23),"تاخیر",IF(L23<>"","در حال انجام","")))))) -> تاخیر | V23: =IF(U23="تاخیر",TODAY()-AD23,IF(AND(U23="بسته",AH23<>"",AD23<>"",AH23>AD23),AH23-AD23,0)) -> 132 | W23: =IF(L23="","",VALUE(LEFT(L23,FIND("/",L23)-1))) -> 1405 | X23: =IF(L23="","",VALUE(MID(L23,FIND("/",L23)+1,FIND("/",L23,FIND("/",L23)+1)-FIND("/",L23)-1))) -> 2 | Y23: =IF(L23="","",VALUE(MID(L23,FIND("/",L23,FIND("/",L23)+1)+1,LEN(L23)-FIND("/",L23,FIND("/",L23)+1)))) -> 6 | Z23: =IF(OR(L23="",W23=""),"",IFERROR(INDEX('لیست‌ها'!$Q$3:$Q$53,MATCH(W23,'لیست‌ها'!$P$3:$P$53,0))+IF(X23<=6,(X23-1)*31+Y23,IF(X23<=11,186+(X23-7)*30+Y23,336+Y23))-1,"")) -> 46138 | AA23: =IF(H23="","",VALUE(LEFT(H23,FIND("/",H23)-1))) -> 1405 | AB23: =IF(H23="","",VALUE(MID(H23,FIND("/",H23)+1,FIND("/",H23,FIND("/",H23)+1)-FIND("/",H23)-1))) -> 2 | AC23: =IF(H23="","",VALUE(MID(H23,FIND("/",H23,FIND("/",H23)+1)+1,LEN(H23)-FIND("/",H23,FIND("/",H23)+1)))) -> 31 | AD23: =IF(OR(H23="",AA23=""),"",IFERROR(INDEX('لیست‌ها'!$Q$3:$Q$53,MATCH(AA23,'لیست‌ها'!$P$3:$P$53,0))+IF(AB23<=6,(AB23-1)*31+AC23,IF(AB23<=11,186+(AB23-7)*30+AC23,336+AC23))-1,"")) -> 46163 | AE23: =IF(P23="","",VALUE(LEFT(P23,FIND("/",P23)-1))) | AF23: =IF(P23="","",VALUE(MID(P23,FIND("/",P23)+1,FIND("/",P23,FIND("/",P23)+1)-FIND("/",P23)-1))) | AG23: =IF(P23="","",VALUE(MID(P23,FIND("/",P23,FIND("/",P23)+1)+1,LEN(P23)-FIND("/",P23,FIND("/",P23)+1)))) | AH23: =IF(OR(P23="",AE23=""),"",IFERROR(INDEX('لیست‌ها'!$Q$3:$Q$53,MATCH(AE23,'لیست‌ها'!$P$3:$P$53,0))+IF(AF23<=6,(AF23-1)*31+AG23,IF(AF23<=11,186+(AF23-7)*30+AG23,336+AG23))-1,"")) | AI23: =IF(W23="","",W23&"-"&TEXT(X23,"00")) -> 1405-02 | AJ23: =IF(W23="","",W23*12+X23) -> 16862 | AK23: =IF(U23="تاخیر",V23+ROW()/100000,"") -> 132.00029
A24: =IF(B24="","",ROW()-3) -> 21 | B24: des\05\21 | C24: اقدام اصلاحی | D24: پایش فرآیندها و تجزیه و تحلیل | E24: رات 4 (بهمن ماه 1404) - MTBF | F24: مرضیه کاظم‌زاده | G24: مهندسی | H24: 1405/2/31 | L24: 1405/2/6 | M24: نظریه ریشه یاب | U24: =IF(B24="","",IF(OR(P24<>"",I24="می‌باشد"),"بسته",IF(AND(L24<>"",W24=""),"خطای فرمت تاریخ ایجاد",IF(AND(H24<>"",AA24=""),"خطای فرمت مهلت",IF(AND(H24<>"",AD24<>"",TODAY()>AD24),"تاخیر",IF(L24<>"","در حال انجام","")))))) -> تاخیر | V24: =IF(U24="تاخیر",TODAY()-AD24,IF(AND(U24="بسته",AH24<>"",AD24<>"",AH24>AD24),AH24-AD24,0)) -> 132 | W24: =IF(L24="","",VALUE(LEFT(L24,FIND("/",L24)-1))) -> 1405 | X24: =IF(L24="","",VALUE(MID(L24,FIND("/",L24)+1,FIND("/",L24,FIND("/",L24)+1)-FIND("/",L24)-1))) -> 2 | Y24: =IF(L24="","",VALUE(MID(L24,FIND("/",L24,FIND("/",L24)+1)+1,LEN(L24)-FIND("/",L24,FIND("/",L24)+1)))) -> 6 | Z24: =IF(OR(L24="",W24=""),"",IFERROR(INDEX('لیست‌ها'!$Q$3:$Q$53,MATCH(W24,'لیست‌ها'!$P$3:$P$53,0))+IF(X24<=6,(X24-1)*31+Y24,IF(X24<=11,186+(X24-7)*30+Y24,336+Y24))-1,"")) -> 46138 | AA24: =IF(H24="","",VALUE(LEFT(H24,FIND("/",H24)-1))) -> 1405 | AB24: =IF(H24="","",VALUE(MID(H24,FIND("/",H24)+1,FIND("/",H24,FIND("/",H24)+1)-FIND("/",H24)-1))) -> 2 | AC24: =IF(H24="","",VALUE(MID(H24,FIND("/",H24,FIND("/",H24)+1)+1,LEN(H24)-FIND("/",H24,FIND("/",H24)+1)))) -> 31 | AD24: =IF(OR(H24="",AA24=""),"",IFERROR(INDEX('لیست‌ها'!$Q$3:$Q$53,MATCH(AA24,'لیست‌ها'!$P$3:$P$53,0))+IF(AB24<=6,(AB24-1)*31+AC24,IF(AB24<=11,186+(AB24-7)*30+AC24,336+AC24))-1,"")) -> 46163 | AE24: =IF(P24="","",VALUE(LEFT(P24,FIND("/",P24)-1))) | AF24: =IF(P24="","",VALUE(MID(P24,FIND("/",P24)+1,FIND("/",P24,FIND("/",P24)+1)-FIND("/",P24)-1))) | AG24: =IF(P24="","",VALUE(MID(P24,FIND("/",P24,FIND("/",P24)+1)+1,LEN(P24)-FIND("/",P24,FIND("/",P24)+1)))) | AH24: =IF(OR(P24="",AE24=""),"",IFERROR(INDEX('لیست‌ها'!$Q$3:$Q$53,MATCH(AE24,'لیست‌ها'!$P$3:$P$53,0))+IF(AF24<=6,(AF24-1)*31+AG24,IF(AF24<=11,186+(AF24-7)*30+AG24,336+AG24))-1,"")) | AI24: =IF(W24="","",W24&"-"&TEXT(X24,"00")) -> 1405-02 | AJ24: =IF(W24="","",W24*12+X24) -> 16862 | AK24: =IF(U24="تاخیر",V24+ROW()/100000,"") -> 132.00028
A25: =IF(B25="","",ROW()-3) -> 22 | B25: des\05\22 | C25: اقدام اصلاحی | D25: پایش فرآیندها و تجزیه و تحلیل | E25: رات 5 (بهمن ماه 1404) - MTTR | F25: مرضیه کاظم‌زاده | G25: مهندسی | H25: 1405/2/31 | L25: 1405/2/6 | M25: نظریه ریشه یاب | U25: =IF(B25="","",IF(OR(P25<>"",I25="می‌باشد"),"بسته",IF(AND(L25<>"",W25=""),"خطای فرمت تاریخ ایجاد",IF(AND(H25<>"",AA25=""),"خطای فرمت مهلت",IF(AND(H25<>"",AD25<>"",TODAY()>AD25),"تاخیر",IF(L25<>"","در حال انجام","")))))) -> تاخیر | V25: =IF(U25="تاخیر",TODAY()-AD25,IF(AND(U25="بسته",AH25<>"",AD25<>"",AH25>AD25),AH25-AD25,0)) -> 132 | W25: =IF(L25="","",VALUE(LEFT(L25,FIND("/",L25)-1))) -> 1405 | X25: =IF(L25="","",VALUE(MID(L25,FIND("/",L25)+1,FIND("/",L25,FIND("/",L25)+1)-FIND("/",L25)-1))) -> 2 | Y25: =IF(L25="","",VALUE(MID(L25,FIND("/",L25,FIND("/",L25)+1)+1,LEN(L25)-FIND("/",L25,FIND("/",L25)+1)))) -> 6 | Z25: =IF(OR(L25="",W25=""),"",IFERROR(INDEX('لیست‌ها'!$Q$3:$Q$53,MATCH(W25,'لیست‌ها'!$P$3:$P$53,0))+IF(X25<=6,(X25-1)*31+Y25,IF(X25<=11,186+(X25-7)*30+Y25,336+Y25))-1,"")) -> 46138 | AA25: =IF(H25="","",VALUE(LEFT(H25,FIND("/",H25)-1))) -> 1405 | AB25: =IF(H25="","",VALUE(MID(H25,FIND("/",H25)+1,FIND("/",H25,FIND("/",H25)+1)-FIND("/",H25)-1))) -> 2 | AC25: =IF(H25="","",VALUE(MID(H25,FIND("/",H25,FIND("/",H25)+1)+1,LEN(H25)-FIND("/",H25,FIND("/",H25)+1)))) -> 31 | AD25: =IF(OR(H25="",AA25=""),"",IFERROR(INDEX('لیست‌ها'!$Q$3:$Q$53,MATCH(AA25,'لیست‌ها'!$P$3:$P$53,0))+IF(AB25<=6,(AB25-1)*31+AC25,IF(AB25<=11,186+(AB25-7)*30+AC25,336+AC25))-1,"")) -> 46163 | AE25: =IF(P25="","",VALUE(LEFT(P25,FIND("/",P25)-1))) | AF25: =IF(P25="","",VALUE(MID(P25,FIND("/",P25)+1,FIND("/",P25,FIND("/",P25)+1)-FIND("/",P25)-1))) | AG25: =IF(P25="","",VALUE(MID(P25,FIND("/",P25,FIND("/",P25)+1)+1,LEN(P25)-FIND("/",P25,FIND("/",P25)+1)))) | AH25: =IF(OR(P25="",AE25=""),"",IFERROR(INDEX('لیست‌ها'!$Q$3:$Q$53,MATCH(AE25,'لیست‌ها'!$P$3:$P$53,0))+IF(AF25<=6,(AF25-1)*31+AG25,IF(AF25<=11,186+(AF25-7)*30+AG25,336+AG25))-1,"")) | AI25: =IF(W25="","",W25&"-"&TEXT(X25,"00")) -> 1405-02 | AJ25: =IF(W25="","",W25*12+X25) -> 16862 | AK25: =IF(U25="تاخیر",V25+ROW()/100000,"") -> 132.00027
A26: =IF(B26="","",ROW()-3) -> 23 | B26: des\05\23 | C26: اقدام اصلاحی | D26: پایش فرآیندها و تجزیه و تحلیل | E26: رات 7 (بهمن ماه 1404) - MTBF | F26: مرضیه کاظم‌زاده | G26: مهندسی | H26: 1405/2/31 | L26: 1405/2/6 | M26: نظریه ریشه یاب | U26: =IF(B26="","",IF(OR(P26<>"",I26="می‌باشد"),"بسته",IF(AND(L26<>"",W26=""),"خطای فرمت تاریخ ایجاد",IF(AND(H26<>"",AA26=""),"خطای فرمت مهلت",IF(AND(H26<>"",AD26<>"",TODAY()>AD26),"تاخیر",IF(L26<>"","در حال انجام","")))))) -> تاخیر | V26: =IF(U26="تاخیر",TODAY()-AD26,IF(AND(U26="بسته",AH26<>"",AD26<>"",AH26>AD26),AH26-AD26,0)) -> 132 | W26: =IF(L26="","",VALUE(LEFT(L26,FIND("/",L26)-1))) -> 1405 | X26: =IF(L26="","",VALUE(MID(L26,FIND("/",L26)+1,FIND("/",L26,FIND("/",L26)+1)-FIND("/",L26)-1))) -> 2 | Y26: =IF(L26="","",VALUE(MID(L26,FIND("/",L26,FIND("/",L26)+1)+1,LEN(L26)-FIND("/",L26,FIND("/",L26)+1)))) -> 6 | Z26: =IF(OR(L26="",W26=""),"",IFERROR(INDEX('لیست‌ها'!$Q$3:$Q$53,MATCH(W26,'لیست‌ها'!$P$3:$P$53,0))+IF(X26<=6,(X26-1)*31+Y26,IF(X26<=11,186+(X26-7)*30+Y26,336+Y26))-1,"")) -> 46138 | AA26: =IF(H26="","",VALUE(LEFT(H26,FIND("/",H26)-1))) -> 1405 | AB26: =IF(H26="","",VALUE(MID(H26,FIND("/",H26)+1,FIND("/",H26,FIND("/",H26)+1)-FIND("/",H26)-1))) -> 2 | AC26: =IF(H26="","",VALUE(MID(H26,FIND("/",H26,FIND("/",H26)+1)+1,LEN(H26)-FIND("/",H26,FIND("/",H26)+1)))) -> 31 | AD26: =IF(OR(H26="",AA26=""),"",IFERROR(INDEX('لیست‌ها'!$Q$3:$Q$53,MATCH(AA26,'لیست‌ها'!$P$3:$P$53,0))+IF(AB26<=6,(AB26-1)*31+AC26,IF(AB26<=11,186+(AB26-7)*30+AC26,336+AC26))-1,"")) -> 46163 | AE26: =IF(P26="","",VALUE(LEFT(P26,FIND("/",P26)-1))) | AF26: =IF(P26="","",VALUE(MID(P26,FIND("/",P26)+1,FIND("/",P26,FIND("/",P26)+1)-FIND("/",P26)-1))) | AG26: =IF(P26="","",VALUE(MID(P26,FIND("/",P26,FIND("/",P26)+1)+1,LEN(P26)-FIND("/",P26,FIND("/",P26)+1)))) | AH26: =IF(OR(P26="",AE26=""),"",IFERROR(INDEX('لیست‌ها'!$Q$3:$Q$53,MATCH(AE26,'لیست‌ها'!$P$3:$P$53,0))+IF(AF26<=6,(AF26-1)*31+AG26,IF(AF26<=11,186+(AF26-7)*30+AG26,336+AG26))-1,"")) | AI26: =IF(W26="","",W26&"-"&TEXT(X26,"00")) -> 1405-02 | AJ26: =IF(W26="","",W26*12+X26) -> 16862 | AK26: =IF(U26="تاخیر",V26+ROW()/100000,"") -> 132.00026
A27: =IF(B27="","",ROW()-3) -> 24 | B27: des\05\24 | C27: اقدام اصلاحی | D27: پایش فرآیندها و تجزیه و تحلیل | E27: رات 8 - MTTR | F27: مرضیه کاظم‌زاده | G27: مهندسی | H27: 1405/1/31 | L27: 1405/2/6 | M27: نظریه ریشه یاب | U27: =IF(B27="","",IF(OR(P27<>"",I27="می‌باشد"),"بسته",IF(AND(L27<>"",W27=""),"خطای فرمت تاریخ ایجاد",IF(AND(H27<>"",AA27=""),"خطای فرمت مهلت",IF(AND(H27<>"",AD27<>"",TODAY()>AD27),"تاخیر",IF(L27<>"","در حال انجام","")))))) -> تاخیر | V27: =IF(U27="تاخیر",TODAY()-AD27,IF(AND(U27="بسته",AH27<>"",AD27<>"",AH27>AD27),AH27-AD27,0)) -> 163 | W27: =IF(L27="","",VALUE(LEFT(L27,FIND("/",L27)-1))) -> 1405 | X27: =IF(L27="","",VALUE(MID(L27,FIND("/",L27)+1,FIND("/",L27,FIND("/",L27)+1)-FIND("/",L27)-1))) -> 2 | Y27: =IF(L27="","",VALUE(MID(L27,FIND("/",L27,FIND("/",L27)+1)+1,LEN(L27)-FIND("/",L27,FIND("/",L27)+1)))) -> 6 | Z27: =IF(OR(L27="",W27=""),"",IFERROR(INDEX('لیست‌ها'!$Q$3:$Q$53,MATCH(W27,'لیست‌ها'!$P$3:$P$53,0))+IF(X27<=6,(X27-1)*31+Y27,IF(X27<=11,186+(X27-7)*30+Y27,336+Y27))-1,"")) -> 46138 | AA27: =IF(H27="","",VALUE(LEFT(H27,FIND("/",H27)-1))) -> 1405 | AB27: =IF(H27="","",VALUE(MID(H27,FIND("/",H27)+1,FIND("/",H27,FIND("/",H27)+1)-FIND("/",H27)-1))) -> 1 | AC27: =IF(H27="","",VALUE(MID(H27,FIND("/",H27,FIND("/",H27)+1)+1,LEN(H27)-FIND("/",H27,FIND("/",H27)+1)))) -> 31 | AD27: =IF(OR(H27="",AA27=""),"",IFERROR(INDEX('لیست‌ها'!$Q$3:$Q$53,MATCH(AA27,'لیست‌ها'!$P$3:$P$53,0))+IF(AB27<=6,(AB27-1)*31+AC27,IF(AB27<=11,186+(AB27-7)*30+AC27,336+AC27))-1,"")) -> 46132 | AE27: =IF(P27="","",VALUE(LEFT(P27,FIND("/",P27)-1))) | AF27: =IF(P27="","",VALUE(MID(P27,FIND("/",P27)+1,FIND("/",P27,FIND("/",P27)+1)-FIND("/",P27)-1))) | AG27: =IF(P27="","",VALUE(MID(P27,FIND("/",P27,FIND("/",P27)+1)+1,LEN(P27)-FIND("/",P27,FIND("/",P27)+1)))) | AH27: =IF(OR(P27="",AE27=""),"",IFERROR(INDEX('لیست‌ها'!$Q$3:$Q$53,MATCH(AE27,'لیست‌ها'!$P$3:$P$53,0))+IF(AF27<=6,(AF27-1)*31+AG27,IF(AF27<=11,186+(AF27-7)*30+AG27,336+AG27))-1,"")) | AI27: =IF(W27="","",W27&"-"&TEXT(X27,"00")) -> 1405-02 | AJ27: =IF(W27="","",W27*12+X27) -> 16862 | AK27: =IF(U27="تاخیر",V27+ROW()/100000,"") -> 163.00025
A28: =IF(B28="","",ROW()-3) -> 25 | B28: SALE\05\25 | C28: اقدام اصلاحی | D28: کلیم | E28: کلیم 5 قطعه سینی فن سمند در سایت فا... | F28: میلاد زارع | G28: بازرسی آزمون | H28: 1405/2/31 | I28: می‌باشد | L28: 1405/2/8 | M28: جهت اطلاع | U28: =IF(B28="","",IF(OR(P28<>"",I28="می‌باشد"),"بسته",IF(AND(L28<>"",W28=""),"خطای فرمت تاریخ ایجاد",IF(AND(H28<>"",AA28=""),"خطای فرمت مهلت",IF(AND(H28<>"",AD28<>"",TODAY()>AD28),"تاخیر",IF(L28<>"","در حال انجام","")))))) -> بسته | V28: =IF(U28="تاخیر",TODAY()-AD28,IF(AND(U28="بسته",AH28<>"",AD28<>"",AH28>AD28),AH28-AD28,0)) -> 0 | W28: =IF(L28="","",VALUE(LEFT(L28,FIND("/",L28)-1))) -> 1405 | X28: =IF(L28="","",VALUE(MID(L28,FIND("/",L28)+1,FIND("/",L28,FIND("/",L28)+1)-FIND("/",L28)-1))) -> 2 | Y28: =IF(L28="","",VALUE(MID(L28,FIND("/",L28,FIND("/",L28)+1)+1,LEN(L28)-FIND("/",L28,FIND("/",L28)+1)))) -> 8 | Z28: =IF(OR(L28="",W28=""),"",IFERROR(INDEX('لیست‌ها'!$Q$3:$Q$53,MATCH(W28,'لیست‌ها'!$P$3:$P$53,0))+IF(X28<=6,(X28-1)*31+Y28,IF(X28<=11,186+(X28-7)*30+Y28,336+Y28))-1,"")) -> 46140 | AA28: =IF(H28="","",VALUE(LEFT(H28,FIND("/",H28)-1))) -> 1405 | AB28: =IF(H28="","",VALUE(MID(H28,FIND("/",H28)+1,FIND("/",H28,FIND("/",H28)+1)-FIND("/",H28)-1))) -> 2 | AC28: =IF(H28="","",VALUE(MID(H28,FIND("/",H28,FIND("/",H28)+1)+1,LEN(H28)-FIND("/",H28,FIND("/",H28)+1)))) -> 31 | AD28: =IF(OR(H28="",AA28=""),"",IFERROR(INDEX('لیست‌ها'!$Q$3:$Q$53,MATCH(AA28,'لیست‌ها'!$P$3:$P$53,0))+IF(AB28<=6,(AB28-1)*31+AC28,IF(AB28<=11,186+(AB28-7)*30+AC28,336+AC28))-1,"")) -> 46163 | AE28: =IF(P28="","",VALUE(LEFT(P28,FIND("/",P28)-1))) | AF28: =IF(P28="","",VALUE(MID(P28,FIND("/",P28)+1,FIND("/",P28,FIND("/",P28)+1)-FIND("/",P28)-1))) | AG28: =IF(P28="","",VALUE(MID(P28,FIND("/",P28,FIND("/",P28)+1)+1,LEN(P28)-FIND("/",P28,FIND("/",P28)+1)))) | AH28: =IF(OR(P28="",AE28=""),"",IFERROR(INDEX('لیست‌ها'!$Q$3:$Q$53,MATCH(AE28,'لیست‌ها'!$P$3:$P$53,0))+IF(AF28<=6,(AF28-1)*31+AG28,IF(AF28<=11,186+(AF28-7)*30+AG28,336+AG28))-1,"")) | AI28: =IF(W28="","",W28&"-"&TEXT(X28,"00")) -> 1405-02 | AJ28: =IF(W28="","",W28*12+X28) -> 16862 | AK28: =IF(U28="تاخیر",V28+ROW()/100000,"")
A29: =IF(B29="","",ROW()-3) -> 26 | B29: SALE\05\26 | C29: اقدام اصلاحی | D29: کلیم | E29: کلیم 1 قطعه سینی زیرموتور 206 در سا... | F29: میلاد زارع | G29: بازرسی آزمون | H29: 1405/2/26 | I29: می‌باشد | L29: 1405/2/8 | M29: جهت اطلاع | U29: =IF(B29="","",IF(OR(P29<>"",I29="می‌باشد"),"بسته",IF(AND(L29<>"",W29=""),"خطای فرمت تاریخ ایجاد",IF(AND(H29<>"",AA29=""),"خطای فرمت مهلت",IF(AND(H29<>"",AD29<>"",TODAY()>AD29),"تاخیر",IF(L29<>"","در حال انجام","")))))) -> بسته | V29: =IF(U29="تاخیر",TODAY()-AD29,IF(AND(U29="بسته",AH29<>"",AD29<>"",AH29>AD29),AH29-AD29,0)) -> 0 | W29: =IF(L29="","",VALUE(LEFT(L29,FIND("/",L29)-1))) -> 1405 | X29: =IF(L29="","",VALUE(MID(L29,FIND("/",L29)+1,FIND("/",L29,FIND("/",L29)+1)-FIND("/",L29)-1))) -> 2 | Y29: =IF(L29="","",VALUE(MID(L29,FIND("/",L29,FIND("/",L29)+1)+1,LEN(L29)-FIND("/",L29,FIND("/",L29)+1)))) -> 8 | Z29: =IF(OR(L29="",W29=""),"",IFERROR(INDEX('لیست‌ها'!$Q$3:$Q$53,MATCH(W29,'لیست‌ها'!$P$3:$P$53,0))+IF(X29<=6,(X29-1)*31+Y29,IF(X29<=11,186+(X29-7)*30+Y29,336+Y29))-1,"")) -> 46140 | AA29: =IF(H29="","",VALUE(LEFT(H29,FIND("/",H29)-1))) -> 1405 | AB29: =IF(H29="","",VALUE(MID(H29,FIND("/",H29)+1,FIND("/",H29,FIND("/",H29)+1)-FIND("/",H29)-1))) -> 2 | AC29: =IF(H29="","",VALUE(MID(H29,FIND("/",H29,FIND("/",H29)+1)+1,LEN(H29)-FIND("/",H29,FIND("/",H29)+1)))) -> 26 | AD29: =IF(OR(H29="",AA29=""),"",IFERROR(INDEX('لیست‌ها'!$Q$3:$Q$53,MATCH(AA29,'لیست‌ها'!$P$3:$P$53,0))+IF(AB29<=6,(AB29-1)*31+AC29,IF(AB29<=11,186+(AB29-7)*30+AC29,336+AC29))-1,"")) -> 46158 | AE29: =IF(P29="","",VALUE(LEFT(P29,FIND("/",P29)-1))) | AF29: =IF(P29="","",VALUE(MID(P29,FIND("/",P29)+1,FIND("/",P29,FIND("/",P29)+1)-FIND("/",P29)-1))) | AG29: =IF(P29="","",VALUE(MID(P29,FIND("/",P29,FIND("/",P29)+1)+1,LEN(P29)-FIND("/",P29,FIND("/",P29)+1)))) | AH29: =IF(OR(P29="",AE29=""),"",IFERROR(INDEX('لیست‌ها'!$Q$3:$Q$53,MATCH(AE29,'لیست‌ها'!$P$3:$P$53,0))+IF(AF29<=6,(AF29-1)*31+AG29,IF(AF29<=11,186+(AF29-7)*30+AG29,336+AG29))-1,"")) | AI29: =IF(W29="","",W29&"-"&TEXT(X29,"00")) -> 1405-02 | AJ29: =IF(W29="","",W29*12+X29) -> 16862 | AK29: =IF(U29="تاخیر",V29+ROW()/100000,"")
A30: =IF(B30="","",ROW()-3) -> 27 | B30: SALE\05\27 | C30: اقدام اصلاحی | D30: کلیم | E30: کلیم 1 قطعه سینی نگهدارنده رک را در... | F30: میلاد زارع | G30: بازرسی آزمون | H30: 1405/2/31 | I30: می‌باشد | L30: 1405/2/8 | M30: جهت اطلاع | U30: =IF(B30="","",IF(OR(P30<>"",I30="می‌باشد"),"بسته",IF(AND(L30<>"",W30=""),"خطای فرمت تاریخ ایجاد",IF(AND(H30<>"",AA30=""),"خطای فرمت مهلت",IF(AND(H30<>"",AD30<>"",TODAY()>AD30),"تاخیر",IF(L30<>"","در حال انجام","")))))) -> بسته | V30: =IF(U30="تاخیر",TODAY()-AD30,IF(AND(U30="بسته",AH30<>"",AD30<>"",AH30>AD30),AH30-AD30,0)) -> 0 | W30: =IF(L30="","",VALUE(LEFT(L30,FIND("/",L30)-1))) -> 1405 | X30: =IF(L30="","",VALUE(MID(L30,FIND("/",L30)+1,FIND("/",L30,FIND("/",L30)+1)-FIND("/",L30)-1))) -> 2 | Y30: =IF(L30="","",VALUE(MID(L30,FIND("/",L30,FIND("/",L30)+1)+1,LEN(L30)-FIND("/",L30,FIND("/",L30)+1)))) -> 8 | Z30: =IF(OR(L30="",W30=""),"",IFERROR(INDEX('لیست‌ها'!$Q$3:$Q$53,MATCH(W30,'لیست‌ها'!$P$3:$P$53,0))+IF(X30<=6,(X30-1)*31+Y30,IF(X30<=11,186+(X30-7)*30+Y30,336+Y30))-1,"")) -> 46140 | AA30: =IF(H30="","",VALUE(LEFT(H30,FIND("/",H30)-1))) -> 1405 | AB30: =IF(H30="","",VALUE(MID(H30,FIND("/",H30)+1,FIND("/",H30,FIND("/",H30)+1)-FIND("/",H30)-1))) -> 2 | AC30: =IF(H30="","",VALUE(MID(H30,FIND("/",H30,FIND("/",H30)+1)+1,LEN(H30)-FIND("/",H30,FIND("/",H30)+1)))) -> 31 | AD30: =IF(OR(H30="",AA30=""),"",IFERROR(INDEX('لیست‌ها'!$Q$3:$Q$53,MATCH(AA30,'لیست‌ها'!$P$3:$P$53,0))+IF(AB30<=6,(AB30-1)*31+AC30,IF(AB30<=11,186+(AB30-7)*30+AC30,336+AC30))-1,"")) -> 46163 | AE30: =IF(P30="","",VALUE(LEFT(P30,FIND("/",P30)-1))) | AF30: =IF(P30="","",VALUE(MID(P30,FIND("/",P30)+1,FIND("/",P30,FIND("/",P30)+1)-FIND("/",P30)-1))) | AG30: =IF(P30="","",VALUE(MID(P30,FIND("/",P30,FIND("/",P30)+1)+1,LEN(P30)-FIND("/",P30,FIND("/",P30)+1)))) | AH30: =IF(OR(P30="",AE30=""),"",IFERROR(INDEX('لیست‌ها'!$Q$3:$Q$53,MATCH(AE30,'لیست‌ها'!$P$3:$P$53,0))+IF(AF30<=6,(AF30-1)*31+AG30,IF(AF30<=11,186+(AF30-7)*30+AG30,336+AG30))-1,"")) | AI30: =IF(W30="","",W30&"-"&TEXT(X30,"00")) -> 1405-02 | AJ30: =IF(W30="","",W30*12+X30) -> 16862 | AK30: =IF(U30="تاخیر",V30+ROW()/100000,"")
A31: =IF(B31="","",ROW()-3) -> 28 | B31: SALE\05\28 | C31: اقدام اصلاحی | D31: کلیم | E31: کلیم 2 قطعه سینی فن سمند در سایت با... | F31: میلاد زارع | G31: بازرسی آزمون | H31: 1405/2/31 | I31: می‌باشد | L31: 1405/2/12 | M31: جهت اطلاع | U31: =IF(B31="","",IF(OR(P31<>"",I31="می‌باشد"),"بسته",IF(AND(L31<>"",W31=""),"خطای فرمت تاریخ ایجاد",IF(AND(H31<>"",AA31=""),"خطای فرمت مهلت",IF(AND(H31<>"",AD31<>"",TODAY()>AD31),"تاخیر",IF(L31<>"","در حال انجام","")))))) -> بسته | V31: =IF(U31="تاخیر",TODAY()-AD31,IF(AND(U31="بسته",AH31<>"",AD31<>"",AH31>AD31),AH31-AD31,0)) -> 0 | W31: =IF(L31="","",VALUE(LEFT(L31,FIND("/",L31)-1))) -> 1405 | X31: =IF(L31="","",VALUE(MID(L31,FIND("/",L31)+1,FIND("/",L31,FIND("/",L31)+1)-FIND("/",L31)-1))) -> 2 | Y31: =IF(L31="","",VALUE(MID(L31,FIND("/",L31,FIND("/",L31)+1)+1,LEN(L31)-FIND("/",L31,FIND("/",L31)+1)))) -> 12 | Z31: =IF(OR(L31="",W31=""),"",IFERROR(INDEX('لیست‌ها'!$Q$3:$Q$53,MATCH(W31,'لیست‌ها'!$P$3:$P$53,0))+IF(X31<=6,(X31-1)*31+Y31,IF(X31<=11,186+(X31-7)*30+Y31,336+Y31))-1,"")) -> 46144 | AA31: =IF(H31="","",VALUE(LEFT(H31,FIND("/",H31)-1))) -> 1405 | AB31: =IF(H31="","",VALUE(MID(H31,FIND("/",H31)+1,FIND("/",H31,FIND("/",H31)+1)-FIND("/",H31)-1))) -> 2 | AC31: =IF(H31="","",VALUE(MID(H31,FIND("/",H31,FIND("/",H31)+1)+1,LEN(H31)-FIND("/",H31,FIND("/",H31)+1)))) -> 31 | AD31: =IF(OR(H31="",AA31=""),"",IFERROR(INDEX('لیست‌ها'!$Q$3:$Q$53,MATCH(AA31,'لیست‌ها'!$P$3:$P$53,0))+IF(AB31<=6,(AB31-1)*31+AC31,IF(AB31<=11,186+(AB31-7)*30+AC31,336+AC31))-1,"")) -> 46163 | AE31: =IF(P31="","",VALUE(LEFT(P31,FIND("/",P31)-1))) | AF31: =IF(P31="","",VALUE(MID(P31,FIND("/",P31)+1,FIND("/",P31,FIND("/",P31)+1)-FIND("/",P31)-1))) | AG31: =IF(P31="","",VALUE(MID(P31,FIND("/",P31,FIND("/",P31)+1)+1,LEN(P31)-FIND("/",P31,FIND("/",P31)+1)))) | AH31: =IF(OR(P31="",AE31=""),"",IFERROR(INDEX('لیست‌ها'!$Q$3:$Q$53,MATCH(AE31,'لیست‌ها'!$P$3:$P$53,0))+IF(AF31<=6,(AF31-1)*31+AG31,IF(AF31<=11,186+(AF31-7)*30+AG31,336+AG31))-1,"")) | AI31: =IF(W31="","",W31&"-"&TEXT(X31,"00")) -> 1405-02 | AJ31: =IF(W31="","",W31*12+X31) -> 16862 | AK31: =IF(U31="تاخیر",V31+ROW()/100000,"")
A32: =IF(B32="","",ROW()-3) -> 29 | B32: des\05\29 | C32: اقدام اصلاحی | D32: پایش فرآیندها و تجزیه و تحلیل | E32: گارد - MTTR | F32: مرضیه کاظم‌زاده | G32: مهندسی | L32: 1405/2/13 | M32: جهت اطلاع | U32: =IF(B32="","",IF(OR(P32<>"",I32="می‌باشد"),"بسته",IF(AND(L32<>"",W32=""),"خطای فرمت تاریخ ایجاد",IF(AND(H32<>"",AA32=""),"خطای فرمت مهلت",IF(AND(H32<>"",AD32<>"",TODAY()>AD32),"تاخیر",IF(L32<>"","در حال انجام","")))))) -> در حال انجام | V32: =IF(U32="تاخیر",TODAY()-AD32,IF(AND(U32="بسته",AH32<>"",AD32<>"",AH32>AD32),AH32-AD32,0)) -> 0 | W32: =IF(L32="","",VALUE(LEFT(L32,FIND("/",L32)-1))) -> 1405 | X32: =IF(L32="","",VALUE(MID(L32,FIND("/",L32)+1,FIND("/",L32,FIND("/",L32)+1)-FIND("/",L32)-1))) -> 2 | Y32: =IF(L32="","",VALUE(MID(L32,FIND("/",L32,FIND("/",L32)+1)+1,LEN(L32)-FIND("/",L32,FIND("/",L32)+1)))) -> 13 | Z32: =IF(OR(L32="",W32=""),"",IFERROR(INDEX('لیست‌ها'!$Q$3:$Q$53,MATCH(W32,'لیست‌ها'!$P$3:$P$53,0))+IF(X32<=6,(X32-1)*31+Y32,IF(X32<=11,186+(X32-7)*30+Y32,336+Y32))-1,"")) -> 46145 | AA32: =IF(H32="","",VALUE(LEFT(H32,FIND("/",H32)-1))) | AB32: =IF(H32="","",VALUE(MID(H32,FIND("/",H32)+1,FIND("/",H32,FIND("/",H32)+1)-FIND("/",H32)-1))) | AC32: =IF(H32="","",VALUE(MID(H32,FIND("/",H32,FIND("/",H32)+1)+1,LEN(H32)-FIND("/",H32,FIND("/",H32)+1)))) | AD32: =IF(OR(H32="",AA32=""),"",IFERROR(INDEX('لیست‌ها'!$Q$3:$Q$53,MATCH(AA32,'لیست‌ها'!$P$3:$P$53,0))+IF(AB32<=6,(AB32-1)*31+AC32,IF(AB32<=11,186+(AB32-7)*30+AC32,336+AC32))-1,"")) | AE32: =IF(P32="","",VALUE(LEFT(P32,FIND("/",P32)-1))) | AF32: =IF(P32="","",VALUE(MID(P32,FIND("/",P32)+1,FIND("/",P32,FIND("/",P32)+1)-FIND("/",P32)-1))) | AG32: =IF(P32="","",VALUE(MID(P32,FIND("/",P32,FIND("/",P32)+1)+1,LEN(P32)-FIND("/",P32,FIND("/",P32)+1)))) | AH32: =IF(OR(P32="",AE32=""),"",IFERROR(INDEX('لیست‌ها'!$Q$3:$Q$53,MATCH(AE32,'لیست‌ها'!$P$3:$P$53,0))+IF(AF32<=6,(AF32-1)*31+AG32,IF(AF32<=11,186+(AF32-7)*30+AG32,336+AG32))-1,"")) | AI32: =IF(W32="","",W32&"-"&TEXT(X32,"00")) -> 1405-02 | AJ32: =IF(W32="","",W32*12+X32) -> 16862 | AK32: =IF(U32="تاخیر",V32+ROW()/100000,"")
A33: =IF(B33="","",ROW()-3) -> 30 | B33: des\05\30 | C33: اقدام اصلاحی | D33: پایش فرآیندها و تجزیه و تحلیل | E33: گارد - MTBF | F33: مرضیه کاظم‌زاده | G33: مهندسی | L33: 1405/2/13 | M33: جهت اطلاع | U33: =IF(B33="","",IF(OR(P33<>"",I33="می‌باشد"),"بسته",IF(AND(L33<>"",W33=""),"خطای فرمت تاریخ ایجاد",IF(AND(H33<>"",AA33=""),"خطای فرمت مهلت",IF(AND(H33<>"",AD33<>"",TODAY()>AD33),"تاخیر",IF(L33<>"","در حال انجام","")))))) -> در حال انجام | V33: =IF(U33="تاخیر",TODAY()-AD33,IF(AND(U33="بسته",AH33<>"",AD33<>"",AH33>AD33),AH33-AD33,0)) -> 0 | W33: =IF(L33="","",VALUE(LEFT(L33,FIND("/",L33)-1))) -> 1405 | X33: =IF(L33="","",VALUE(MID(L33,FIND("/",L33)+1,FIND("/",L33,FIND("/",L33)+1)-FIND("/",L33)-1))) -> 2 | Y33: =IF(L33="","",VALUE(MID(L33,FIND("/",L33,FIND("/",L33)+1)+1,LEN(L33)-FIND("/",L33,FIND("/",L33)+1)))) -> 13 | Z33: =IF(OR(L33="",W33=""),"",IFERROR(INDEX('لیست‌ها'!$Q$3:$Q$53,MATCH(W33,'لیست‌ها'!$P$3:$P$53,0))+IF(X33<=6,(X33-1)*31+Y33,IF(X33<=11,186+(X33-7)*30+Y33,336+Y33))-1,"")) -> 46145 | AA33: =IF(H33="","",VALUE(LEFT(H33,FIND("/",H33)-1))) | AB33: =IF(H33="","",VALUE(MID(H33,FIND("/",H33)+1,FIND("/",H33,FIND("/",H33)+1)-FIND("/",H33)-1))) | AC33: =IF(H33="","",VALUE(MID(H33,FIND("/",H33,FIND("/",H33)+1)+1,LEN(H33)-FIND("/",H33,FIND("/",H33)+1)))) | AD33: =IF(OR(H33="",AA33=""),"",IFERROR(INDEX('لیست‌ها'!$Q$3:$Q$53,MATCH(AA33,'لیست‌ها'!$P$3:$P$53,0))+IF(AB33<=6,(AB33-1)*31+AC33,IF(AB33<=11,186+(AB33-7)*30+AC33,336+AC33))-1,"")) | AE33: =IF(P33="","",VALUE(LEFT(P33,FIND("/",P33)-1))) | AF33: =IF(P33="","",VALUE(MID(P33,FIND("/",P33)+1,FIND("/",P33,FIND("/",P33)+1)-FIND("/",P33)-1))) | AG33: =IF(P33="","",VALUE(MID(P33,FIND("/",P33,FIND("/",P33)+1)+1,LEN(P33)-FIND("/",P33,FIND("/",P33)+1)))) | AH33: =IF(OR(P33="",AE33=""),"",IFERROR(INDEX('لیست‌ها'!$Q$3:$Q$53,MATCH(AE33,'لیست‌ها'!$P$3:$P$53,0))+IF(AF33<=6,(AF33-1)*31+AG33,IF(AF33<=11,186+(AF33-7)*30+AG33,336+AG33))-1,"")) | AI33: =IF(W33="","",W33&"-"&TEXT(X33,"00")) -> 1405-02 | AJ33: =IF(W33="","",W33*12+X33) -> 16862 | AK33: =IF(U33="تاخیر",V33+ROW()/100000,"")
A34: =IF(B34="","",ROW()-3) -> 31 | B34: des\05\32 | C34: اقدام اصلاحی | D34: پایش فرآیندها و تجزیه و تحلیل | E34: X7-سمند - MTBF | F34: مرضیه کاظم‌زاده | G34: مهندسی | L34: 1405/2/13 | M34: جهت اطلاع | U34: =IF(B34="","",IF(OR(P34<>"",I34="می‌باشد"),"بسته",IF(AND(L34<>"",W34=""),"خطای فرمت تاریخ ایجاد",IF(AND(H34<>"",AA34=""),"خطای فرمت مهلت",IF(AND(H34<>"",AD34<>"",TODAY()>AD34),"تاخیر",IF(L34<>"","در حال انجام","")))))) -> در حال انجام | V34: =IF(U34="تاخیر",TODAY()-AD34,IF(AND(U34="بسته",AH34<>"",AD34<>"",AH34>AD34),AH34-AD34,0)) -> 0 | W34: =IF(L34="","",VALUE(LEFT(L34,FIND("/",L34)-1))) -> 1405 | X34: =IF(L34="","",VALUE(MID(L34,FIND("/",L34)+1,FIND("/",L34,FIND("/",L34)+1)-FIND("/",L34)-1))) -> 2 | Y34: =IF(L34="","",VALUE(MID(L34,FIND("/",L34,FIND("/",L34)+1)+1,LEN(L34)-FIND("/",L34,FIND("/",L34)+1)))) -> 13 | Z34: =IF(OR(L34="",W34=""),"",IFERROR(INDEX('لیست‌ها'!$Q$3:$Q$53,MATCH(W34,'لیست‌ها'!$P$3:$P$53,0))+IF(X34<=6,(X34-1)*31+Y34,IF(X34<=11,186+(X34-7)*30+Y34,336+Y34))-1,"")) -> 46145 | AA34: =IF(H34="","",VALUE(LEFT(H34,FIND("/",H34)-1))) | AB34: =IF(H34="","",VALUE(MID(H34,FIND("/",H34)+1,FIND("/",H34,FIND("/",H34)+1)-FIND("/",H34)-1))) | AC34: =IF(H34="","",VALUE(MID(H34,FIND("/",H34,FIND("/",H34)+1)+1,LEN(H34)-FIND("/",H34,FIND("/",H34)+1)))) | AD34: =IF(OR(H34="",AA34=""),"",IFERROR(INDEX('لیست‌ها'!$Q$3:$Q$53,MATCH(AA34,'لیست‌ها'!$P$3:$P$53,0))+IF(AB34<=6,(AB34-1)*31+AC34,IF(AB34<=11,186+(AB34-7)*30+AC34,336+AC34))-1,"")) | AE34: =IF(P34="","",VALUE(LEFT(P34,FIND("/",P34)-1))) | AF34: =IF(P34="","",VALUE(MID(P34,FIND("/",P34)+1,FIND("/",P34,FIND("/",P34)+1)-FIND("/",P34)-1))) | AG34: =IF(P34="","",VALUE(MID(P34,FIND("/",P34,FIND("/",P34)+1)+1,LEN(P34)-FIND("/",P34,FIND("/",P34)+1)))) | AH34: =IF(OR(P34="",AE34=""),"",IFERROR(INDEX('لیست‌ها'!$Q$3:$Q$53,MATCH(AE34,'لیست‌ها'!$P$3:$P$53,0))+IF(AF34<=6,(AF34-1)*31+AG34,IF(AF34<=11,186+(AF34-7)*30+AG34,336+AG34))-1,"")) | AI34: =IF(W34="","",W34&"-"&TEXT(X34,"00")) -> 1405-02 | AJ34: =IF(W34="","",W34*12+X34) -> 16862 | AK34: =IF(U34="تاخیر",V34+ROW()/100000,"")
A35: =IF(B35="","",ROW()-3) -> 32 | B35: des\05\33 | C35: اقدام اصلاحی | D35: پایش فرآیندها و تجزیه و تحلیل | E35: X7-سمند - MTTR | F35: مرضیه کاظم‌زاده | G35: مهندسی | L35: 1405/2/13 | M35: جهت اطلاع | U35: =IF(B35="","",IF(OR(P35<>"",I35="می‌باشد"),"بسته",IF(AND(L35<>"",W35=""),"خطای فرمت تاریخ ایجاد",IF(AND(H35<>"",AA35=""),"خطای فرمت مهلت",IF(AND(H35<>"",AD35<>"",TODAY()>AD35),"تاخیر",IF(L35<>"","در حال انجام","")))))) -> در حال انجام | V35: =IF(U35="تاخیر",TODAY()-AD35,IF(AND(U35="بسته",AH35<>"",AD35<>"",AH35>AD35),AH35-AD35,0)) -> 0 | W35: =IF(L35="","",VALUE(LEFT(L35,FIND("/",L35)-1))) -> 1405 | X35: =IF(L35="","",VALUE(MID(L35,FIND("/",L35)+1,FIND("/",L35,FIND("/",L35)+1)-FIND("/",L35)-1))) -> 2 | Y35: =IF(L35="","",VALUE(MID(L35,FIND("/",L35,FIND("/",L35)+1)+1,LEN(L35)-FIND("/",L35,FIND("/",L35)+1)))) -> 13 | Z35: =IF(OR(L35="",W35=""),"",IFERROR(INDEX('لیست‌ها'!$Q$3:$Q$53,MATCH(W35,'لیست‌ها'!$P$3:$P$53,0))+IF(X35<=6,(X35-1)*31+Y35,IF(X35<=11,186+(X35-7)*30+Y35,336+Y35))-1,"")) -> 46145 | AA35: =IF(H35="","",VALUE(LEFT(H35,FIND("/",H35)-1))) | AB35: =IF(H35="","",VALUE(MID(H35,FIND("/",H35)+1,FIND("/",H35,FIND("/",H35)+1)-FIND("/",H35)-1))) | AC35: =IF(H35="","",VALUE(MID(H35,FIND("/",H35,FIND("/",H35)+1)+1,LEN(H35)-FIND("/",H35,FIND("/",H35)+1)))) | AD35: =IF(OR(H35="",AA35=""),"",IFERROR(INDEX('لیست‌ها'!$Q$3:$Q$53,MATCH(AA35,'لیست‌ها'!$P$3:$P$53,0))+IF(AB35<=6,(AB35-1)*31+AC35,IF(AB35<=11,186+(AB35-7)*30+AC35,336+AC35))-1,"")) | AE35: =IF(P35="","",VALUE(LEFT(P35,FIND("/",P35)-1))) | AF35: =IF(P35="","",VALUE(MID(P35,FIND("/",P35)+1,FIND("/",P35,FIND("/",P35)+1)-FIND("/",P35)-1))) | AG35: =IF(P35="","",VALUE(MID(P35,FIND("/",P35,FIND("/",P35)+1)+1,LEN(P35)-FIND("/",P35,FIND("/",P35)+1)))) | AH35: =IF(OR(P35="",AE35=""),"",IFERROR(INDEX('لیست‌ها'!$Q$3:$Q$53,MATCH(AE35,'لیست‌ها'!$P$3:$P$53,0))+IF(AF35<=6,(AF35-1)*31+AG35,IF(AF35<=11,186+(AF35-7)*30+AG35,336+AG35))-1,"")) | AI35: =IF(W35="","",W35&"-"&TEXT(X35,"00")) -> 1405-02 | AJ35: =IF(W35="","",W35*12+X35) -> 16862 | AK35: =IF(U35="تاخیر",V35+ROW()/100000,"")
A36: =IF(B36="","",ROW()-3) -> 33 | B36: des\05\34 | C36: اقدام اصلاحی | D36: پایش فرآیندها و تجزیه و تحلیل | E36: X7-سمند - MTBF | F36: مرضیه کاظم‌زاده | G36: مهندسی | L36: 1405/2/13 | M36: جهت اطلاع | U36: =IF(B36="","",IF(OR(P36<>"",I36="می‌باشد"),"بسته",IF(AND(L36<>"",W36=""),"خطای فرمت تاریخ ایجاد",IF(AND(H36<>"",AA36=""),"خطای فرمت مهلت",IF(AND(H36<>"",AD36<>"",TODAY()>AD36),"تاخیر",IF(L36<>"","در حال انجام","")))))) -> در حال انجام | V36: =IF(U36="تاخیر",TODAY()-AD36,IF(AND(U36="بسته",AH36<>"",AD36<>"",AH36>AD36),AH36-AD36,0)) -> 0 | W36: =IF(L36="","",VALUE(LEFT(L36,FIND("/",L36)-1))) -> 1405 | X36: =IF(L36="","",VALUE(MID(L36,FIND("/",L36)+1,FIND("/",L36,FIND("/",L36)+1)-FIND("/",L36)-1))) -> 2 | Y36: =IF(L36="","",VALUE(MID(L36,FIND("/",L36,FIND("/",L36)+1)+1,LEN(L36)-FIND("/",L36,FIND("/",L36)+1)))) -> 13 | Z36: =IF(OR(L36="",W36=""),"",IFERROR(INDEX('لیست‌ها'!$Q$3:$Q$53,MATCH(W36,'لیست‌ها'!$P$3:$P$53,0))+IF(X36<=6,(X36-1)*31+Y36,IF(X36<=11,186+(X36-7)*30+Y36,336+Y36))-1,"")) -> 46145 | AA36: =IF(H36="","",VALUE(LEFT(H36,FIND("/",H36)-1))) | AB36: =IF(H36="","",VALUE(MID(H36,FIND("/",H36)+1,FIND("/",H36,FIND("/",H36)+1)-FIND("/",H36)-1))) | AC36: =IF(H36="","",VALUE(MID(H36,FIND("/",H36,FIND("/",H36)+1)+1,LEN(H36)-FIND("/",H36,FIND("/",H36)+1)))) | AD36: =IF(OR(H36="",AA36=""),"",IFERROR(INDEX('لیست‌ها'!$Q$3:$Q$53,MATCH(AA36,'لیست‌ها'!$P$3:$P$53,0))+IF(AB36<=6,(AB36-1)*31+AC36,IF(AB36<=11,186+(AB36-7)*30+AC36,336+AC36))-1,"")) | AE36: =IF(P36="","",VALUE(LEFT(P36,FIND("/",P36)-1))) | AF36: =IF(P36="","",VALUE(MID(P36,FIND("/",P36)+1,FIND("/",P36,FIND("/",P36)+1)-FIND("/",P36)-1))) | AG36: =IF(P36="","",VALUE(MID(P36,FIND("/",P36,FIND("/",P36)+1)+1,LEN(P36)-FIND("/",P36,FIND("/",P36)+1)))) | AH36: =IF(OR(P36="",AE36=""),"",IFERROR(INDEX('لیست‌ها'!$Q$3:$Q$53,MATCH(AE36,'لیست‌ها'!$P$3:$P$53,0))+IF(AF36<=6,(AF36-1)*31+AG36,IF(AF36<=11,186+(AF36-7)*30+AG36,336+AG36))-1,"")) | AI36: =IF(W36="","",W36&"-"&TEXT(X36,"00")) -> 1405-02 | AJ36: =IF(W36="","",W36*12+X36) -> 16862 | AK36: =IF(U36="تاخیر",V36+ROW()/100000,"")
A37: =IF(B37="","",ROW()-3) -> 34 | B37: des\05\35 | C37: اقدام اصلاحی | D37: پایش فرآیندها و تجزیه و تحلیل | E37: رات 4 (اسفند ماه 1404) - MTTR | F37: مرضیه کاظم‌زاده | G37: مهندسی | L37: 1405/2/13 | M37: جهت اطلاع | U37: =IF(B37="","",IF(OR(P37<>"",I37="می‌باشد"),"بسته",IF(AND(L37<>"",W37=""),"خطای فرمت تاریخ ایجاد",IF(AND(H37<>"",AA37=""),"خطای فرمت مهلت",IF(AND(H37<>"",AD37<>"",TODAY()>AD37),"تاخیر",IF(L37<>"","در حال انجام","")))))) -> در حال انجام | V37: =IF(U37="تاخیر",TODAY()-AD37,IF(AND(U37="بسته",AH37<>"",AD37<>"",AH37>AD37),AH37-AD37,0)) -> 0 | W37: =IF(L37="","",VALUE(LEFT(L37,FIND("/",L37)-1))) -> 1405 | X37: =IF(L37="","",VALUE(MID(L37,FIND("/",L37)+1,FIND("/",L37,FIND("/",L37)+1)-FIND("/",L37)-1))) -> 2 | Y37: =IF(L37="","",VALUE(MID(L37,FIND("/",L37,FIND("/",L37)+1)+1,LEN(L37)-FIND("/",L37,FIND("/",L37)+1)))) -> 13 | Z37: =IF(OR(L37="",W37=""),"",IFERROR(INDEX('لیست‌ها'!$Q$3:$Q$53,MATCH(W37,'لیست‌ها'!$P$3:$P$53,0))+IF(X37<=6,(X37-1)*31+Y37,IF(X37<=11,186+(X37-7)*30+Y37,336+Y37))-1,"")) -> 46145 | AA37: =IF(H37="","",VALUE(LEFT(H37,FIND("/",H37)-1))) | AB37: =IF(H37="","",VALUE(MID(H37,FIND("/",H37)+1,FIND("/",H37,FIND("/",H37)+1)-FIND("/",H37)-1))) | AC37: =IF(H37="","",VALUE(MID(H37,FIND("/",H37,FIND("/",H37)+1)+1,LEN(H37)-FIND("/",H37,FIND("/",H37)+1)))) | AD37: =IF(OR(H37="",AA37=""),"",IFERROR(INDEX('لیست‌ها'!$Q$3:$Q$53,MATCH(AA37,'لیست‌ها'!$P$3:$P$53,0))+IF(AB37<=6,(AB37-1)*31+AC37,IF(AB37<=11,186+(AB37-7)*30+AC37,336+AC37))-1,"")) | AE37: =IF(P37="","",VALUE(LEFT(P37,FIND("/",P37)-1))) | AF37: =IF(P37="","",VALUE(MID(P37,FIND("/",P37)+1,FIND("/",P37,FIND("/",P37)+1)-FIND("/",P37)-1))) | AG37: =IF(P37="","",VALUE(MID(P37,FIND("/",P37,FIND("/",P37)+1)+1,LEN(P37)-FIND("/",P37,FIND("/",P37)+1)))) | AH37: =IF(OR(P37="",AE37=""),"",IFERROR(INDEX('لیست‌ها'!$Q$3:$Q$53,MATCH(AE37,'لیست‌ها'!$P$3:$P$53,0))+IF(AF37<=6,(AF37-1)*31+AG37,IF(AF37<=11,186+(AF37-7)*30+AG37,336+AG37))-1,"")) | AI37: =IF(W37="","",W37&"-"&TEXT(X37,"00")) -> 1405-02 | AJ37: =IF(W37="","",W37*12+X37) -> 16862 | AK37: =IF(U37="تاخیر",V37+ROW()/100000,"")
A38: =IF(B38="","",ROW()-3) -> 35 | B38: des\05\36 | C38: اقدام اصلاحی | D38: پایش فرآیندها و تجزیه و تحلیل | E38: رات 4 - MTBF | F38: مرضیه کاظم‌زاده | G38: مهندسی | L38: 1405/2/13 | M38: جهت اطلاع | U38: =IF(B38="","",IF(OR(P38<>"",I38="می‌باشد"),"بسته",IF(AND(L38<>"",W38=""),"خطای فرمت تاریخ ایجاد",IF(AND(H38<>"",AA38=""),"خطای فرمت مهلت",IF(AND(H38<>"",AD38<>"",TODAY()>AD38),"تاخیر",IF(L38<>"","در حال انجام","")))))) -> در حال انجام | V38: =IF(U38="تاخیر",TODAY()-AD38,IF(AND(U38="بسته",AH38<>"",AD38<>"",AH38>AD38),AH38-AD38,0)) -> 0 | W38: =IF(L38="","",VALUE(LEFT(L38,FIND("/",L38)-1))) -> 1405 | X38: =IF(L38="","",VALUE(MID(L38,FIND("/",L38)+1,FIND("/",L38,FIND("/",L38)+1)-FIND("/",L38)-1))) -> 2 | Y38: =IF(L38="","",VALUE(MID(L38,FIND("/",L38,FIND("/",L38)+1)+1,LEN(L38)-FIND("/",L38,FIND("/",L38)+1)))) -> 13 | Z38: =IF(OR(L38="",W38=""),"",IFERROR(INDEX('لیست‌ها'!$Q$3:$Q$53,MATCH(W38,'لیست‌ها'!$P$3:$P$53,0))+IF(X38<=6,(X38-1)*31+Y38,IF(X38<=11,186+(X38-7)*30+Y38,336+Y38))-1,"")) -> 46145 | AA38: =IF(H38="","",VALUE(LEFT(H38,FIND("/",H38)-1))) | AB38: =IF(H38="","",VALUE(MID(H38,FIND("/",H38)+1,FIND("/",H38,FIND("/",H38)+1)-FIND("/",H38)-1))) | AC38: =IF(H38="","",VALUE(MID(H38,FIND("/",H38,FIND("/",H38)+1)+1,LEN(H38)-FIND("/",H38,FIND("/",H38)+1)))) | AD38: =IF(OR(H38="",AA38=""),"",IFERROR(INDEX('لیست‌ها'!$Q$3:$Q$53,MATCH(AA38,'لیست‌ها'!$P$3:$P$53,0))+IF(AB38<=6,(AB38-1)*31+AC38,IF(AB38<=11,186+(AB38-7)*30+AC38,336+AC38))-1,"")) | AE38: =IF(P38="","",VALUE(LEFT(P38,FIND("/",P38)-1))) | AF38: =IF(P38="","",VALUE(MID(P38,FIND("/",P38)+1,FIND("/",P38,FIND("/",P38)+1)-FIND("/",P38)-1))) | AG38: =IF(P38="","",VALUE(MID(P38,FIND("/",P38,FIND("/",P38)+1)+1,LEN(P38)-FIND("/",P38,FIND("/",P38)+1)))) | AH38: =IF(OR(P38="",AE38=""),"",IFERROR(INDEX('لیست‌ها'!$Q$3:$Q$53,MATCH(AE38,'لیست‌ها'!$P$3:$P$53,0))+IF(AF38<=6,(AF38-1)*31+AG38,IF(AF38<=11,186+(AF38-7)*30+AG38,336+AG38))-1,"")) | AI38: =IF(W38="","",W38&"-"&TEXT(X38,"00")) -> 1405-02 | AJ38: =IF(W38="","",W38*12+X38) -> 16862 | AK38: =IF(U38="تاخیر",V38+ROW()/100000,"")
A39: =IF(B39="","",ROW()-3) -> 36 | B39: SALE\05\37 | C39: اقدام اصلاحی | D39: کلیم | E39: کلیم 1 قطعه سینی فن سمند در سایت کر... | F39: میلاد زارع | G39: بازرسی آزمون | H39: 1405/2/31 | I39: می‌باشد | L39: 1405/2/13 | M39: جهت اطلاع | U39: =IF(B39="","",IF(OR(P39<>"",I39="می‌باشد"),"بسته",IF(AND(L39<>"",W39=""),"خطای فرمت تاریخ ایجاد",IF(AND(H39<>"",AA39=""),"خطای فرمت مهلت",IF(AND(H39<>"",AD39<>"",TODAY()>AD39),"تاخیر",IF(L39<>"","در حال انجام","")))))) -> بسته | V39: =IF(U39="تاخیر",TODAY()-AD39,IF(AND(U39="بسته",AH39<>"",AD39<>"",AH39>AD39),AH39-AD39,0)) -> 0 | W39: =IF(L39="","",VALUE(LEFT(L39,FIND("/",L39)-1))) -> 1405 | X39: =IF(L39="","",VALUE(MID(L39,FIND("/",L39)+1,FIND("/",L39,FIND("/",L39)+1)-FIND("/",L39)-1))) -> 2 | Y39: =IF(L39="","",VALUE(MID(L39,FIND("/",L39,FIND("/",L39)+1)+1,LEN(L39)-FIND("/",L39,FIND("/",L39)+1)))) -> 13 | Z39: =IF(OR(L39="",W39=""),"",IFERROR(INDEX('لیست‌ها'!$Q$3:$Q$53,MATCH(W39,'لیست‌ها'!$P$3:$P$53,0))+IF(X39<=6,(X39-1)*31+Y39,IF(X39<=11,186+(X39-7)*30+Y39,336+Y39))-1,"")) -> 46145 | AA39: =IF(H39="","",VALUE(LEFT(H39,FIND("/",H39)-1))) -> 1405 | AB39: =IF(H39="","",VALUE(MID(H39,FIND("/",H39)+1,FIND("/",H39,FIND("/",H39)+1)-FIND("/",H39)-1))) -> 2 | AC39: =IF(H39="","",VALUE(MID(H39,FIND("/",H39,FIND("/",H39)+1)+1,LEN(H39)-FIND("/",H39,FIND("/",H39)+1)))) -> 31 | AD39: =IF(OR(H39="",AA39=""),"",IFERROR(INDEX('لیست‌ها'!$Q$3:$Q$53,MATCH(AA39,'لیست‌ها'!$P$3:$P$53,0))+IF(AB39<=6,(AB39-1)*31+AC39,IF(AB39<=11,186+(AB39-7)*30+AC39,336+AC39))-1,"")) -> 46163 | AE39: =IF(P39="","",VALUE(LEFT(P39,FIND("/",P39)-1))) | AF39: =IF(P39="","",VALUE(MID(P39,FIND("/",P39)+1,FIND("/",P39,FIND("/",P39)+1)-FIND("/",P39)-1))) | AG39: =IF(P39="","",VALUE(MID(P39,FIND("/",P39,FIND("/",P39)+1)+1,LEN(P39)-FIND("/",P39,FIND("/",P39)+1)))) | AH39: =IF(OR(P39="",AE39=""),"",IFERROR(INDEX('لیست‌ها'!$Q$3:$Q$53,MATCH(AE39,'لیست‌ها'!$P$3:$P$53,0))+IF(AF39<=6,(AF39-1)*31+AG39,IF(AF39<=11,186+(AF39-7)*30+AG39,336+AG39))-1,"")) | AI39: =IF(W39="","",W39&"-"&TEXT(X39,"00")) -> 1405-02 | AJ39: =IF(W39="","",W39*12+X39) -> 16862 | AK39: =IF(U39="تاخیر",V39+ROW()/100000,"")
A40: =IF(B40="","",ROW()-3) -> 37 | B40: SALE\05\38 | C40: اقدام اصلاحی | D40: کلیم | E40: کلیم 1 قطعه سینی فن دنا در سایت تهر... | F40: میلاد زارع | G40: بازرسی آزمون | H40: 1405/2/31 | I40: می‌باشد | L40: 1405/2/13 | M40: جهت اطلاع | U40: =IF(B40="","",IF(OR(P40<>"",I40="می‌باشد"),"بسته",IF(AND(L40<>"",W40=""),"خطای فرمت تاریخ ایجاد",IF(AND(H40<>"",AA40=""),"خطای فرمت مهلت",IF(AND(H40<>"",AD40<>"",TODAY()>AD40),"تاخیر",IF(L40<>"","در حال انجام","")))))) -> بسته | V40: =IF(U40="تاخیر",TODAY()-AD40,IF(AND(U40="بسته",AH40<>"",AD40<>"",AH40>AD40),AH40-AD40,0)) -> 0 | W40: =IF(L40="","",VALUE(LEFT(L40,FIND("/",L40)-1))) -> 1405 | X40: =IF(L40="","",VALUE(MID(L40,FIND("/",L40)+1,FIND("/",L40,FIND("/",L40)+1)-FIND("/",L40)-1))) -> 2 | Y40: =IF(L40="","",VALUE(MID(L40,FIND("/",L40,FIND("/",L40)+1)+1,LEN(L40)-FIND("/",L40,FIND("/",L40)+1)))) -> 13 | Z40: =IF(OR(L40="",W40=""),"",IFERROR(INDEX('لیست‌ها'!$Q$3:$Q$53,MATCH(W40,'لیست‌ها'!$P$3:$P$53,0))+IF(X40<=6,(X40-1)*31+Y40,IF(X40<=11,186+(X40-7)*30+Y40,336+Y40))-1,"")) -> 46145 | AA40: =IF(H40="","",VALUE(LEFT(H40,FIND("/",H40)-1))) -> 1405 | AB40: =IF(H40="","",VALUE(MID(H40,FIND("/",H40)+1,FIND("/",H40,FIND("/",H40)+1)-FIND("/",H40)-1))) -> 2 | AC40: =IF(H40="","",VALUE(MID(H40,FIND("/",H40,FIND("/",H40)+1)+1,LEN(H40)-FIND("/",H40,FIND("/",H40)+1)))) -> 31 | AD40: =IF(OR(H40="",AA40=""),"",IFERROR(INDEX('لیست‌ها'!$Q$3:$Q$53,MATCH(AA40,'لیست‌ها'!$P$3:$P$53,0))+IF(AB40<=6,(AB40-1)*31+AC40,IF(AB40<=11,186+(AB40-7)*30+AC40,336+AC40))-1,"")) -> 46163 | AE40: =IF(P40="","",VALUE(LEFT(P40,FIND("/",P40)-1))) | AF40: =IF(P40="","",VALUE(MID(P40,FIND("/",P40)+1,FIND("/",P40,FIND("/",P40)+1)-FIND("/",P40)-1))) | AG40: =IF(P40="","",VALUE(MID(P40,FIND("/",P40,FIND("/",P40)+1)+1,LEN(P40)-FIND("/",P40,FIND("/",P40)+1)))) | AH40: =IF(OR(P40="",AE40=""),"",IFERROR(INDEX('لیست‌ها'!$Q$3:$Q$53,MATCH(AE40,'لیست‌ها'!$P$3:$P$53,0))+IF(AF40<=6,(AF40-1)*31+AG40,IF(AF40<=11,186+(AF40-7)*30+AG40,336+AG40))-1,"")) | AI40: =IF(W40="","",W40&"-"&TEXT(X40,"00")) -> 1405-02 | AJ40: =IF(W40="","",W40*12+X40) -> 16862 | AK40: =IF(U40="تاخیر",V40+ROW()/100000,"")
A41: =IF(B41="","",ROW()-3) -> 38 | B41: SALE\05\39 | C41: اقدام اصلاحی | D41: کلیم | E41: کلیم 1 قطعه دیاق سپر عقب 232 (ساینا)... | F41: میلاد زارع | G41: بازرسی آزمون | H41: 1405/2/31 | I41: می‌باشد | L41: 1405/2/14 | M41: جهت اطلاع | U41: =IF(B41="","",IF(OR(P41<>"",I41="می‌باشد"),"بسته",IF(AND(L41<>"",W41=""),"خطای فرمت تاریخ ایجاد",IF(AND(H41<>"",AA41=""),"خطای فرمت مهلت",IF(AND(H41<>"",AD41<>"",TODAY()>AD41),"تاخیر",IF(L41<>"","در حال انجام","")))))) -> بسته | V41: =IF(U41="تاخیر",TODAY()-AD41,IF(AND(U41="بسته",AH41<>"",AD41<>"",AH41>AD41),AH41-AD41,0)) -> 0 | W41: =IF(L41="","",VALUE(LEFT(L41,FIND("/",L41)-1))) -> 1405 | X41: =IF(L41="","",VALUE(MID(L41,FIND("/",L41)+1,FIND("/",L41,FIND("/",L41)+1)-FIND("/",L41)-1))) -> 2 | Y41: =IF(L41="","",VALUE(MID(L41,FIND("/",L41,FIND("/",L41)+1)+1,LEN(L41)-FIND("/",L41,FIND("/",L41)+1)))) -> 14 | Z41: =IF(OR(L41="",W41=""),"",IFERROR(INDEX('لیست‌ها'!$Q$3:$Q$53,MATCH(W41,'لیست‌ها'!$P$3:$P$53,0))+IF(X41<=6,(X41-1)*31+Y41,IF(X41<=11,186+(X41-7)*30+Y41,336+Y41))-1,"")) -> 46146 | AA41: =IF(H41="","",VALUE(LEFT(H41,FIND("/",H41)-1))) -> 1405 | AB41: =IF(H41="","",VALUE(MID(H41,FIND("/",H41)+1,FIND("/",H41,FIND("/",H41)+1)-FIND("/",H41)-1))) -> 2 | AC41: =IF(H41="","",VALUE(MID(H41,FIND("/",H41,FIND("/",H41)+1)+1,LEN(H41)-FIND("/",H41,FIND("/",H41)+1)))) -> 31 | AD41: =IF(OR(H41="",AA41=""),"",IFERROR(INDEX('لیست‌ها'!$Q$3:$Q$53,MATCH(AA41,'لیست‌ها'!$P$3:$P$53,0))+IF(AB41<=6,(AB41-1)*31+AC41,IF(AB41<=11,186+(AB41-7)*30+AC41,336+AC41))-1,"")) -> 46163 | AE41: =IF(P41="","",VALUE(LEFT(P41,FIND("/",P41)-1))) | AF41: =IF(P41="","",VALUE(MID(P41,FIND("/",P41)+1,FIND("/",P41,FIND("/",P41)+1)-FIND("/",P41)-1))) | AG41: =IF(P41="","",VALUE(MID(P41,FIND("/",P41,FIND("/",P41)+1)+1,LEN(P41)-FIND("/",P41,FIND("/",P41)+1)))) | AH41: =IF(OR(P41="",AE41=""),"",IFERROR(INDEX('لیست‌ها'!$Q$3:$Q$53,MATCH(AE41,'لیست‌ها'!$P$3:$P$53,0))+IF(AF41<=6,(AF41-1)*31+AG41,IF(AF41<=11,186+(AF41-7)*30+AG41,336+AG41))-1,"")) | AI41: =IF(W41="","",W41&"-"&TEXT(X41,"00")) -> 1405-02 | AJ41: =IF(W41="","",W41*12+X41) -> 16862 | AK41: =IF(U41="تاخیر",V41+ROW()/100000,"")
A42: =IF(B42="","",ROW()-3) -> 39 | B42: SALE\05\40 | C42: اقدام اصلاحی | D42: کلیم | E42: کلیم 2 قطعه سینی فن سمند در سایت فا... | F42: میلاد زارع | G42: بازرسی آزمون | H42: 1405/2/31 | I42: می‌باشد | L42: 1405/2/16 | M42: جهت اطلاع | U42: =IF(B42="","",IF(OR(P42<>"",I42="می‌باشد"),"بسته",IF(AND(L42<>"",W42=""),"خطای فرمت تاریخ ایجاد",IF(AND(H42<>"",AA42=""),"خطای فرمت مهلت",IF(AND(H42<>"",AD42<>"",TODAY()>AD42),"تاخیر",IF(L42<>"","در حال انجام","")))))) -> بسته | V42: =IF(U42="تاخیر",TODAY()-AD42,IF(AND(U42="بسته",AH42<>"",AD42<>"",AH42>AD42),AH42-AD42,0)) -> 0 | W42: =IF(L42="","",VALUE(LEFT(L42,FIND("/",L42)-1))) -> 1405 | X42: =IF(L42="","",VALUE(MID(L42,FIND("/",L42)+1,FIND("/",L42,FIND("/",L42)+1)-FIND("/",L42)-1))) -> 2 | Y42: =IF(L42="","",VALUE(MID(L42,FIND("/",L42,FIND("/",L42)+1)+1,LEN(L42)-FIND("/",L42,FIND("/",L42)+1)))) -> 16 | Z42: =IF(OR(L42="",W42=""),"",IFERROR(INDEX('لیست‌ها'!$Q$3:$Q$53,MATCH(W42,'لیست‌ها'!$P$3:$P$53,0))+IF(X42<=6,(X42-1)*31+Y42,IF(X42<=11,186+(X42-7)*30+Y42,336+Y42))-1,"")) -> 46148 | AA42: =IF(H42="","",VALUE(LEFT(H42,FIND("/",H42)-1))) -> 1405 | AB42: =IF(H42="","",VALUE(MID(H42,FIND("/",H42)+1,FIND("/",H42,FIND("/",H42)+1)-FIND("/",H42)-1))) -> 2 | AC42: =IF(H42="","",VALUE(MID(H42,FIND("/",H42,FIND("/",H42)+1)+1,LEN(H42)-FIND("/",H42,FIND("/",H42)+1)))) -> 31 | AD42: =IF(OR(H42="",AA42=""),"",IFERROR(INDEX('لیست‌ها'!$Q$3:$Q$53,MATCH(AA42,'لیست‌ها'!$P$3:$P$53,0))+IF(AB42<=6,(AB42-1)*31+AC42,IF(AB42<=11,186+(AB42-7)*30+AC42,336+AC42))-1,"")) -> 46163 | AE42: =IF(P42="","",VALUE(LEFT(P42,FIND("/",P42)-1))) | AF42: =IF(P42="","",VALUE(MID(P42,FIND("/",P42)+1,FIND("/",P42,FIND("/",P42)+1)-FIND("/",P42)-1))) | AG42: =IF(P42="","",VALUE(MID(P42,FIND("/",P42,FIND("/",P42)+1)+1,LEN(P42)-FIND("/",P42,FIND("/",P42)+1)))) | AH42: =IF(OR(P42="",AE42=""),"",IFERROR(INDEX('لیست‌ها'!$Q$3:$Q$53,MATCH(AE42,'لیست‌ها'!$P$3:$P$53,0))+IF(AF42<=6,(AF42-1)*31+AG42,IF(AF42<=11,186+(AF42-7)*30+AG42,336+AG42))-1,"")) | AI42: =IF(W42="","",W42&"-"&TEXT(X42,"00")) -> 1405-02 | AJ42: =IF(W42="","",W42*12+X42) -> 16862 | AK42: =IF(U42="تاخیر",V42+ROW()/100000,"")
A43: =IF(B43="","",ROW()-3) -> 40 | B43: PR\05\41 | C43: اقدام اصلاحی | D43: پایش فرآیندها و تجزیه و تحلیل | E43: بالا بودن شاخص PPM ضایعات محافظ شیشه... | F43: علی النقی حمیدی | G43: تولید | H43: 1405/2/31 | I43: می‌باشد | L43: 1405/2/19 | M43: جهت اطلاع | U43: =IF(B43="","",IF(OR(P43<>"",I43="می‌باشد"),"بسته",IF(AND(L43<>"",W43=""),"خطای فرمت تاریخ ایجاد",IF(AND(H43<>"",AA43=""),"خطای فرمت مهلت",IF(AND(H43<>"",AD43<>"",TODAY()>AD43),"تاخیر",IF(L43<>"","در حال انجام","")))))) -> بسته | V43: =IF(U43="تاخیر",TODAY()-AD43,IF(AND(U43="بسته",AH43<>"",AD43<>"",AH43>AD43),AH43-AD43,0)) -> 0 | W43: =IF(L43="","",VALUE(LEFT(L43,FIND("/",L43)-1))) -> 1405 | X43: =IF(L43="","",VALUE(MID(L43,FIND("/",L43)+1,FIND("/",L43,FIND("/",L43)+1)-FIND("/",L43)-1))) -> 2 | Y43: =IF(L43="","",VALUE(MID(L43,FIND("/",L43,FIND("/",L43)+1)+1,LEN(L43)-FIND("/",L43,FIND("/",L43)+1)))) -> 19 | Z43: =IF(OR(L43="",W43=""),"",IFERROR(INDEX('لیست‌ها'!$Q$3:$Q$53,MATCH(W43,'لیست‌ها'!$P$3:$P$53,0))+IF(X43<=6,(X43-1)*31+Y43,IF(X43<=11,186+(X43-7)*30+Y43,336+Y43))-1,"")) -> 46151 | AA43: =IF(H43="","",VALUE(LEFT(H43,FIND("/",H43)-1))) -> 1405 | AB43: =IF(H43="","",VALUE(MID(H43,FIND("/",H43)+1,FIND("/",H43,FIND("/",H43)+1)-FIND("/",H43)-1))) -> 2 | AC43: =IF(H43="","",VALUE(MID(H43,FIND("/",H43,FIND("/",H43)+1)+1,LEN(H43)-FIND("/",H43,FIND("/",H43)+1)))) -> 31 | AD43: =IF(OR(H43="",AA43=""),"",IFERROR(INDEX('لیست‌ها'!$Q$3:$Q$53,MATCH(AA43,'لیست‌ها'!$P$3:$P$53,0))+IF(AB43<=6,(AB43-1)*31+AC43,IF(AB43<=11,186+(AB43-7)*30+AC43,336+AC43))-1,"")) -> 46163 | AE43: =IF(P43="","",VALUE(LEFT(P43,FIND("/",P43)-1))) | AF43: =IF(P43="","",VALUE(MID(P43,FIND("/",P43)+1,FIND("/",P43,FIND("/",P43)+1)-FIND("/",P43)-1))) | AG43: =IF(P43="","",VALUE(MID(P43,FIND("/",P43,FIND("/",P43)+1)+1,LEN(P43)-FIND("/",P43,FIND("/",P43)+1)))) | AH43: =IF(OR(P43="",AE43=""),"",IFERROR(INDEX('لیست‌ها'!$Q$3:$Q$53,MATCH(AE43,'لیست‌ها'!$P$3:$P$53,0))+IF(AF43<=6,(AF43-1)*31+AG43,IF(AF43<=11,186+(AF43-7)*30+AG43,336+AG43))-1,"")) | AI43: =IF(W43="","",W43&"-"&TEXT(X43,"00")) -> 1405-02 | AJ43: =IF(W43="","",W43*12+X43) -> 16862 | AK43: =IF(U43="تاخیر",V43+ROW()/100000,"")
A44: =IF(B44="","",ROW()-3) -> 41 | B44: QA\05\42 | C44: اقدام اصلاحی | D44: کلیم | E44: تست ارسال رونوشت برای مدیر محترم تو... | F44: باقر بلندی | G44: بازرسی آزمون | H44: 1405/2/31 | I44: می‌باشد | L44: 1405/2/20 | M44: جهت اطلاع | U44: =IF(B44="","",IF(OR(P44<>"",I44="می‌باشد"),"بسته",IF(AND(L44<>"",W44=""),"خطای فرمت تاریخ ایجاد",IF(AND(H44<>"",AA44=""),"خطای فرمت مهلت",IF(AND(H44<>"",AD44<>"",TODAY()>AD44),"تاخیر",IF(L44<>"","در حال انجام","")))))) -> بسته | V44: =IF(U44="تاخیر",TODAY()-AD44,IF(AND(U44="بسته",AH44<>"",AD44<>"",AH44>AD44),AH44-AD44,0)) -> 0 | W44: =IF(L44="","",VALUE(LEFT(L44,FIND("/",L44)-1))) -> 1405 | X44: =IF(L44="","",VALUE(MID(L44,FIND("/",L44)+1,FIND("/",L44,FIND("/",L44)+1)-FIND("/",L44)-1))) -> 2 | Y44: =IF(L44="","",VALUE(MID(L44,FIND("/",L44,FIND("/",L44)+1)+1,LEN(L44)-FIND("/",L44,FIND("/",L44)+1)))) -> 20 | Z44: =IF(OR(L44="",W44=""),"",IFERROR(INDEX('لیست‌ها'!$Q$3:$Q$53,MATCH(W44,'لیست‌ها'!$P$3:$P$53,0))+IF(X44<=6,(X44-1)*31+Y44,IF(X44<=11,186+(X44-7)*30+Y44,336+Y44))-1,"")) -> 46152 | AA44: =IF(H44="","",VALUE(LEFT(H44,FIND("/",H44)-1))) -> 1405 | AB44: =IF(H44="","",VALUE(MID(H44,FIND("/",H44)+1,FIND("/",H44,FIND("/",H44)+1)-FIND("/",H44)-1))) -> 2 | AC44: =IF(H44="","",VALUE(MID(H44,FIND("/",H44,FIND("/",H44)+1)+1,LEN(H44)-FIND("/",H44,FIND("/",H44)+1)))) -> 31 | AD44: =IF(OR(H44="",AA44=""),"",IFERROR(INDEX('لیست‌ها'!$Q$3:$Q$53,MATCH(AA44,'لیست‌ها'!$P$3:$P$53,0))+IF(AB44<=6,(AB44-1)*31+AC44,IF(AB44<=11,186+(AB44-7)*30+AC44,336+AC44))-1,"")) -> 46163 | AE44: =IF(P44="","",VALUE(LEFT(P44,FIND("/",P44)-1))) | AF44: =IF(P44="","",VALUE(MID(P44,FIND("/",P44)+1,FIND("/",P44,FIND("/",P44)+1)-FIND("/",P44)-1))) | AG44: =IF(P44="","",VALUE(MID(P44,FIND("/",P44,FIND("/",P44)+1)+1,LEN(P44)-FIND("/",P44,FIND("/",P44)+1)))) | AH44: =IF(OR(P44="",AE44=""),"",IFERROR(INDEX('لیست‌ها'!$Q$3:$Q$53,MATCH(AE44,'لیست‌ها'!$P$3:$P$53,0))+IF(AF44<=6,(AF44-1)*31+AG44,IF(AF44<=11,186+(AF44-7)*30+AG44,336+AG44))-1,"")) | AI44: =IF(W44="","",W44&"-"&TEXT(X44,"00")) -> 1405-02 | AJ44: =IF(W44="","",W44*12+X44) -> 16862 | AK44: =IF(U44="تاخیر",V44+ROW()/100000,"")
A45: =IF(B45="","",ROW()-3) -> 42 | B45: QA\05\43 | C45: اقدام اصلاحی | D45: کلیم | E45: تست ارسال رونوشت صدور اقدام به مدیر... | F45: باقر بلندی | G45: مدیریت کیفیت | L45: 1405/2/20 | M45: ثبت فرم | U45: =IF(B45="","",IF(OR(P45<>"",I45="می‌باشد"),"بسته",IF(AND(L45<>"",W45=""),"خطای فرمت تاریخ ایجاد",IF(AND(H45<>"",AA45=""),"خطای فرمت مهلت",IF(AND(H45<>"",AD45<>"",TODAY()>AD45),"تاخیر",IF(L45<>"","در حال انجام","")))))) -> در حال انجام | V45: =IF(U45="تاخیر",TODAY()-AD45,IF(AND(U45="بسته",AH45<>"",AD45<>"",AH45>AD45),AH45-AD45,0)) -> 0 | W45: =IF(L45="","",VALUE(LEFT(L45,FIND("/",L45)-1))) -> 1405 | X45: =IF(L45="","",VALUE(MID(L45,FIND("/",L45)+1,FIND("/",L45,FIND("/",L45)+1)-FIND("/",L45)-1))) -> 2 | Y45: =IF(L45="","",VALUE(MID(L45,FIND("/",L45,FIND("/",L45)+1)+1,LEN(L45)-FIND("/",L45,FIND("/",L45)+1)))) -> 20 | Z45: =IF(OR(L45="",W45=""),"",IFERROR(INDEX('لیست‌ها'!$Q$3:$Q$53,MATCH(W45,'لیست‌ها'!$P$3:$P$53,0))+IF(X45<=6,(X45-1)*31+Y45,IF(X45<=11,186+(X45-7)*30+Y45,336+Y45))-1,"")) -> 46152 | AA45: =IF(H45="","",VALUE(LEFT(H45,FIND("/",H45)-1))) | AB45: =IF(H45="","",VALUE(MID(H45,FIND("/",H45)+1,FIND("/",H45,FIND("/",H45)+1)-FIND("/",H45)-1))) | AC45: =IF(H45="","",VALUE(MID(H45,FIND("/",H45,FIND("/",H45)+1)+1,LEN(H45)-FIND("/",H45,FIND("/",H45)+1)))) | AD45: =IF(OR(H45="",AA45=""),"",IFERROR(INDEX('لیست‌ها'!$Q$3:$Q$53,MATCH(AA45,'لیست‌ها'!$P$3:$P$53,0))+IF(AB45<=6,(AB45-1)*31+AC45,IF(AB45<=11,186+(AB45-7)*30+AC45,336+AC45))-1,"")) | AE45: =IF(P45="","",VALUE(LEFT(P45,FIND("/",P45)-1))) | AF45: =IF(P45="","",VALUE(MID(P45,FIND("/",P45)+1,FIND("/",P45,FIND("/",P45)+1)-FIND("/",P45)-1))) | AG45: =IF(P45="","",VALUE(MID(P45,FIND("/",P45,FIND("/",P45)+1)+1,LEN(P45)-FIND("/",P45,FIND("/",P45)+1)))) | AH45: =IF(OR(P45="",AE45=""),"",IFERROR(INDEX('لیست‌ها'!$Q$3:$Q$53,MATCH(AE45,'لیست‌ها'!$P$3:$P$53,0))+IF(AF45<=6,(AF45-1)*31+AG45,IF(AF45<=11,186+(AF45-7)*30+AG45,336+AG45))-1,"")) | AI45: =IF(W45="","",W45&"-"&TEXT(X45,"00")) -> 1405-02 | AJ45: =IF(W45="","",W45*12+X45) -> 16862 | AK45: =IF(U45="تاخیر",V45+ROW()/100000,"")
A46: =IF(B46="","",ROW()-3) -> 43 | B46: SALE\05\44 | C46: اقدام اصلاحی | D46: کلیم | E46: کلیم 4 قطعه سینی فن سمند در سایت فا... | F46: میلاد زارع | G46: بازرسی آزمون | L46: 1405/2/21 | M46: ثبت فرم | U46: =IF(B46="","",IF(OR(P46<>"",I46="می‌باشد"),"بسته",IF(AND(L46<>"",W46=""),"خطای فرمت تاریخ ایجاد",IF(AND(H46<>"",AA46=""),"خطای فرمت مهلت",IF(AND(H46<>"",AD46<>"",TODAY()>AD46),"تاخیر",IF(L46<>"","در حال انجام","")))))) -> در حال انجام | V46: =IF(U46="تاخیر",TODAY()-AD46,IF(AND(U46="بسته",AH46<>"",AD46<>"",AH46>AD46),AH46-AD46,0)) -> 0 | W46: =IF(L46="","",VALUE(LEFT(L46,FIND("/",L46)-1))) -> 1405 | X46: =IF(L46="","",VALUE(MID(L46,FIND("/",L46)+1,FIND("/",L46,FIND("/",L46)+1)-FIND("/",L46)-1))) -> 2 | Y46: =IF(L46="","",VALUE(MID(L46,FIND("/",L46,FIND("/",L46)+1)+1,LEN(L46)-FIND("/",L46,FIND("/",L46)+1)))) -> 21 | Z46: =IF(OR(L46="",W46=""),"",IFERROR(INDEX('لیست‌ها'!$Q$3:$Q$53,MATCH(W46,'لیست‌ها'!$P$3:$P$53,0))+IF(X46<=6,(X46-1)*31+Y46,IF(X46<=11,186+(X46-7)*30+Y46,336+Y46))-1,"")) -> 46153 | AA46: =IF(H46="","",VALUE(LEFT(H46,FIND("/",H46)-1))) | AB46: =IF(H46="","",VALUE(MID(H46,FIND("/",H46)+1,FIND("/",H46,FIND("/",H46)+1)-FIND("/",H46)-1))) | AC46: =IF(H46="","",VALUE(MID(H46,FIND("/",H46,FIND("/",H46)+1)+1,LEN(H46)-FIND("/",H46,FIND("/",H46)+1)))) | AD46: =IF(OR(H46="",AA46=""),"",IFERROR(INDEX('لیست‌ها'!$Q$3:$Q$53,MATCH(AA46,'لیست‌ها'!$P$3:$P$53,0))+IF(AB46<=6,(AB46-1)*31+AC46,IF(AB46<=11,186+(AB46-7)*30+AC46,336+AC46))-1,"")) | AE46: =IF(P46="","",VALUE(LEFT(P46,FIND("/",P46)-1))) | AF46: =IF(P46="","",VALUE(MID(P46,FIND("/",P46)+1,FIND("/",P46,FIND("/",P46)+1)-FIND("/",P46)-1))) | AG46: =IF(P46="","",VALUE(MID(P46,FIND("/",P46,FIND("/",P46)+1)+1,LEN(P46)-FIND("/",P46,FIND("/",P46)+1)))) | AH46: =IF(OR(P46="",AE46=""),"",IFERROR(INDEX('لیست‌ها'!$Q$3:$Q$53,MATCH(AE46,'لیست‌ها'!$P$3:$P$53,0))+IF(AF46<=6,(AF46-1)*31+AG46,IF(AF46<=11,186+(AF46-7)*30+AG46,336+AG46))-1,"")) | AI46: =IF(W46="","",W46&"-"&TEXT(X46,"00")) -> 1405-02 | AJ46: =IF(W46="","",W46*12+X46) -> 16862 | AK46: =IF(U46="تاخیر",V46+ROW()/100000,"")
A47: =IF(B47="","",ROW()-3) -> 44 | B47: QE\05\45 | C47: اقدام اصلاحی | D47: ممیزی خارجی | E47: بر اساس اقدام شماره QA/04/313 محـ... | F47: شهریار نعیم | G47: فروش | L47: 1405/2/21 | M47: ثبت فرم | U47: =IF(B47="","",IF(OR(P47<>"",I47="می‌باشد"),"بسته",IF(AND(L47<>"",W47=""),"خطای فرمت تاریخ ایجاد",IF(AND(H47<>"",AA47=""),"خطای فرمت مهلت",IF(AND(H47<>"",AD47<>"",TODAY()>AD47),"تاخیر",IF(L47<>"","در حال انجام","")))))) -> در حال انجام | V47: =IF(U47="تاخیر",TODAY()-AD47,IF(AND(U47="بسته",AH47<>"",AD47<>"",AH47>AD47),AH47-AD47,0)) -> 0 | W47: =IF(L47="","",VALUE(LEFT(L47,FIND("/",L47)-1))) -> 1405 | X47: =IF(L47="","",VALUE(MID(L47,FIND("/",L47)+1,FIND("/",L47,FIND("/",L47)+1)-FIND("/",L47)-1))) -> 2 | Y47: =IF(L47="","",VALUE(MID(L47,FIND("/",L47,FIND("/",L47)+1)+1,LEN(L47)-FIND("/",L47,FIND("/",L47)+1)))) -> 21 | Z47: =IF(OR(L47="",W47=""),"",IFERROR(INDEX('لیست‌ها'!$Q$3:$Q$53,MATCH(W47,'لیست‌ها'!$P$3:$P$53,0))+IF(X47<=6,(X47-1)*31+Y47,IF(X47<=11,186+(X47-7)*30+Y47,336+Y47))-1,"")) -> 46153 | AA47: =IF(H47="","",VALUE(LEFT(H47,FIND("/",H47)-1))) | AB47: =IF(H47="","",VALUE(MID(H47,FIND("/",H47)+1,FIND("/",H47,FIND("/",H47)+1)-FIND("/",H47)-1))) | AC47: =IF(H47="","",VALUE(MID(H47,FIND("/",H47,FIND("/",H47)+1)+1,LEN(H47)-FIND("/",H47,FIND("/",H47)+1)))) | AD47: =IF(OR(H47="",AA47=""),"",IFERROR(INDEX('لیست‌ها'!$Q$3:$Q$53,MATCH(AA47,'لیست‌ها'!$P$3:$P$53,0))+IF(AB47<=6,(AB47-1)*31+AC47,IF(AB47<=11,186+(AB47-7)*30+AC47,336+AC47))-1,"")) | AE47: =IF(P47="","",VALUE(LEFT(P47,FIND("/",P47)-1))) | AF47: =IF(P47="","",VALUE(MID(P47,FIND("/",P47)+1,FIND("/",P47,FIND("/",P47)+1)-FIND("/",P47)-1))) | AG47: =IF(P47="","",VALUE(MID(P47,FIND("/",P47,FIND("/",P47)+1)+1,LEN(P47)-FIND("/",P47,FIND("/",P47)+1)))) | AH47: =IF(OR(P47="",AE47=""),"",IFERROR(INDEX('لیست‌ها'!$Q$3:$Q$53,MATCH(AE47,'لیست‌ها'!$P$3:$P$53,0))+IF(AF47<=6,(AF47-1)*31+AG47,IF(AF47<=11,186+(AF47-7)*30+AG47,336+AG47))-1,"")) | AI47: =IF(W47="","",W47&"-"&TEXT(X47,"00")) -> 1405-02 | AJ47: =IF(W47="","",W47*12+X47) -> 16862 | AK47: =IF(U47="تاخیر",V47+ROW()/100000,"")
A48: =IF(B48="","",ROW()-3) -> 45 | B48: SALE\05\46 | C48: اقدام اصلاحی | D48: کلیم | E48: کلیم 1 قطعه سینی زیرموتور تارا (K)... | F48: میلاد زارع | G48: بازرسی آزمون | L48: 1405/2/23 | M48: ثبت فرم | U48: =IF(B48="","",IF(OR(P48<>"",I48="می‌باشد"),"بسته",IF(AND(L48<>"",W48=""),"خطای فرمت تاریخ ایجاد",IF(AND(H48<>"",AA48=""),"خطای فرمت مهلت",IF(AND(H48<>"",AD48<>"",TODAY()>AD48),"تاخیر",IF(L48<>"","در حال انجام","")))))) -> در حال انجام | V48: =IF(U48="تاخیر",TODAY()-AD48,IF(AND(U48="بسته",AH48<>"",AD48<>"",AH48>AD48),AH48-AD48,0)) -> 0 | W48: =IF(L48="","",VALUE(LEFT(L48,FIND("/",L48)-1))) -> 1405 | X48: =IF(L48="","",VALUE(MID(L48,FIND("/",L48)+1,FIND("/",L48,FIND("/",L48)+1)-FIND("/",L48)-1))) -> 2 | Y48: =IF(L48="","",VALUE(MID(L48,FIND("/",L48,FIND("/",L48)+1)+1,LEN(L48)-FIND("/",L48,FIND("/",L48)+1)))) -> 23 | Z48: =IF(OR(L48="",W48=""),"",IFERROR(INDEX('لیست‌ها'!$Q$3:$Q$53,MATCH(W48,'لیست‌ها'!$P$3:$P$53,0))+IF(X48<=6,(X48-1)*31+Y48,IF(X48<=11,186+(X48-7)*30+Y48,336+Y48))-1,"")) -> 46155 | AA48: =IF(H48="","",VALUE(LEFT(H48,FIND("/",H48)-1))) | AB48: =IF(H48="","",VALUE(MID(H48,FIND("/",H48)+1,FIND("/",H48,FIND("/",H48)+1)-FIND("/",H48)-1))) | AC48: =IF(H48="","",VALUE(MID(H48,FIND("/",H48,FIND("/",H48)+1)+1,LEN(H48)-FIND("/",H48,FIND("/",H48)+1)))) | AD48: =IF(OR(H48="",AA48=""),"",IFERROR(INDEX('لیست‌ها'!$Q$3:$Q$53,MATCH(AA48,'لیست‌ها'!$P$3:$P$53,0))+IF(AB48<=6,(AB48-1)*31+AC48,IF(AB48<=11,186+(AB48-7)*30+AC48,336+AC48))-1,"")) | AE48: =IF(P48="","",VALUE(LEFT(P48,FIND("/",P48)-1))) | AF48: =IF(P48="","",VALUE(MID(P48,FIND("/",P48)+1,FIND("/",P48,FIND("/",P48)+1)-FIND("/",P48)-1))) | AG48: =IF(P48="","",VALUE(MID(P48,FIND("/",P48,FIND("/",P48)+1)+1,LEN(P48)-FIND("/",P48,FIND("/",P48)+1)))) | AH48: =IF(OR(P48="",AE48=""),"",IFERROR(INDEX('لیست‌ها'!$Q$3:$Q$53,MATCH(AE48,'لیست‌ها'!$P$3:$P$53,0))+IF(AF48<=6,(AF48-1)*31+AG48,IF(AF48<=11,186+(AF48-7)*30+AG48,336+AG48))-1,"")) | AI48: =IF(W48="","",W48&"-"&TEXT(X48,"00")) -> 1405-02 | AJ48: =IF(W48="","",W48*12+X48) -> 16862 | AK48: =IF(U48="تاخیر",V48+ROW()/100000,"")
A49: =IF(B49="","",ROW()-3) -> 46 | B49: SALE\05\47 | C49: اقدام اصلاحی | D49: کلیم | E49: کلیم 1 قطعه سینی فن سمند در سایت ته... | F49: میلاد زارع | G49: بازرسی آزمون | L49: 1405/2/27 | M49: ثبت فرم | U49: =IF(B49="","",IF(OR(P49<>"",I49="می‌باشد"),"بسته",IF(AND(L49<>"",W49=""),"خطای فرمت تاریخ ایجاد",IF(AND(H49<>"",AA49=""),"خطای فرمت مهلت",IF(AND(H49<>"",AD49<>"",TODAY()>AD49),"تاخیر",IF(L49<>"","در حال انجام","")))))) -> در حال انجام | V49: =IF(U49="تاخیر",TODAY()-AD49,IF(AND(U49="بسته",AH49<>"",AD49<>"",AH49>AD49),AH49-AD49,0)) -> 0 | W49: =IF(L49="","",VALUE(LEFT(L49,FIND("/",L49)-1))) -> 1405 | X49: =IF(L49="","",VALUE(MID(L49,FIND("/",L49)+1,FIND("/",L49,FIND("/",L49)+1)-FIND("/",L49)-1))) -> 2 | Y49: =IF(L49="","",VALUE(MID(L49,FIND("/",L49,FIND("/",L49)+1)+1,LEN(L49)-FIND("/",L49,FIND("/",L49)+1)))) -> 27 | Z49: =IF(OR(L49="",W49=""),"",IFERROR(INDEX('لیست‌ها'!$Q$3:$Q$53,MATCH(W49,'لیست‌ها'!$P$3:$P$53,0))+IF(X49<=6,(X49-1)*31+Y49,IF(X49<=11,186+(X49-7)*30+Y49,336+Y49))-1,"")) -> 46159 | AA49: =IF(H49="","",VALUE(LEFT(H49,FIND("/",H49)-1))) | AB49: =IF(H49="","",VALUE(MID(H49,FIND("/",H49)+1,FIND("/",H49,FIND("/",H49)+1)-FIND("/",H49)-1))) | AC49: =IF(H49="","",VALUE(MID(H49,FIND("/",H49,FIND("/",H49)+1)+1,LEN(H49)-FIND("/",H49,FIND("/",H49)+1)))) | AD49: =IF(OR(H49="",AA49=""),"",IFERROR(INDEX('لیست‌ها'!$Q$3:$Q$53,MATCH(AA49,'لیست‌ها'!$P$3:$P$53,0))+IF(AB49<=6,(AB49-1)*31+AC49,IF(AB49<=11,186+(AB49-7)*30+AC49,336+AC49))-1,"")) | AE49: =IF(P49="","",VALUE(LEFT(P49,FIND("/",P49)-1))) | AF49: =IF(P49="","",VALUE(MID(P49,FIND("/",P49)+1,FIND("/",P49,FIND("/",P49)+1)-FIND("/",P49)-1))) | AG49: =IF(P49="","",VALUE(MID(P49,FIND("/",P49,FIND("/",P49)+1)+1,LEN(P49)-FIND("/",P49,FIND("/",P49)+1)))) | AH49: =IF(OR(P49="",AE49=""),"",IFERROR(INDEX('لیست‌ها'!$Q$3:$Q$53,MATCH(AE49,'لیست‌ها'!$P$3:$P$53,0))+IF(AF49<=6,(AF49-1)*31+AG49,IF(AF49<=11,186+(AF49-7)*30+AG49,336+AG49))-1,"")) | AI49: =IF(W49="","",W49&"-"&TEXT(X49,"00")) -> 1405-02 | AJ49: =IF(W49="","",W49*12+X49) -> 16862 | AK49: =IF(U49="تاخیر",V49+ROW()/100000,"")
A50: =IF(B50="","",ROW()-3) -> 47 | B50: SALE\05\48 | C50: اقدام اصلاحی | D50: کلیم | E50: کلیم 4 قطعه سینی فن سمند در سایت فا... | F50: میلاد زارع | G50: بازرسی آزمون | L50: 1405/2/27 | M50: ثبت فرم | U50: =IF(B50="","",IF(OR(P50<>"",I50="می‌باشد"),"بسته",IF(AND(L50<>"",W50=""),"خطای فرمت تاریخ ایجاد",IF(AND(H50<>"",AA50=""),"خطای فرمت مهلت",IF(AND(H50<>"",AD50<>"",TODAY()>AD50),"تاخیر",IF(L50<>"","در حال انجام","")))))) -> در حال انجام | V50: =IF(U50="تاخیر",TODAY()-AD50,IF(AND(U50="بسته",AH50<>"",AD50<>"",AH50>AD50),AH50-AD50,0)) -> 0 | W50: =IF(L50="","",VALUE(LEFT(L50,FIND("/",L50)-1))) -> 1405 | X50: =IF(L50="","",VALUE(MID(L50,FIND("/",L50)+1,FIND("/",L50,FIND("/",L50)+1)-FIND("/",L50)-1))) -> 2 | Y50: =IF(L50="","",VALUE(MID(L50,FIND("/",L50,FIND("/",L50)+1)+1,LEN(L50)-FIND("/",L50,FIND("/",L50)+1)))) -> 27 | Z50: =IF(OR(L50="",W50=""),"",IFERROR(INDEX('لیست‌ها'!$Q$3:$Q$53,MATCH(W50,'لیست‌ها'!$P$3:$P$53,0))+IF(X50<=6,(X50-1)*31+Y50,IF(X50<=11,186+(X50-7)*30+Y50,336+Y50))-1,"")) -> 46159 | AA50: =IF(H50="","",VALUE(LEFT(H50,FIND("/",H50)-1))) | AB50: =IF(H50="","",VALUE(MID(H50,FIND("/",H50)+1,FIND("/",H50,FIND("/",H50)+1)-FIND("/",H50)-1))) | AC50: =IF(H50="","",VALUE(MID(H50,FIND("/",H50,FIND("/",H50)+1)+1,LEN(H50)-FIND("/",H50,FIND("/",H50)+1)))) | AD50: =IF(OR(H50="",AA50=""),"",IFERROR(INDEX('لیست‌ها'!$Q$3:$Q$53,MATCH(AA50,'لیست‌ها'!$P$3:$P$53,0))+IF(AB50<=6,(AB50-1)*31+AC50,IF(AB50<=11,186+(AB50-7)*30+AC50,336+AC50))-1,"")) | AE50: =IF(P50="","",VALUE(LEFT(P50,FIND("/",P50)-1))) | AF50: =IF(P50="","",VALUE(MID(P50,FIND("/",P50)+1,FIND("/",P50,FIND("/",P50)+1)-FIND("/",P50)-1))) | AG50: =IF(P50="","",VALUE(MID(P50,FIND("/",P50,FIND("/",P50)+1)+1,LEN(P50)-FIND("/",P50,FIND("/",P50)+1)))) | AH50: =IF(OR(P50="",AE50=""),"",IFERROR(INDEX('لیست‌ها'!$Q$3:$Q$53,MATCH(AE50,'لیست‌ها'!$P$3:$P$53,0))+IF(AF50<=6,(AF50-1)*31+AG50,IF(AF50<=11,186+(AF50-7)*30+AG50,336+AG50))-1,"")) | AI50: =IF(W50="","",W50&"-"&TEXT(X50,"00")) -> 1405-02 | AJ50: =IF(W50="","",W50*12+X50) -> 16862 | AK50: =IF(U50="تاخیر",V50+ROW()/100000,"")
A51: =IF(B51="","",ROW()-3) -> 48 | B51: SALE\05\49 | C51: اقدام اصلاحی | D51: کلیم | E51: کلیم 1 قطعه سینی زیرموتور EF7 در سا... | F51: میلاد زارع | G51: بازرسی آزمون | L51: 1405/2/28 | M51: ثبت فرم | U51: =IF(B51="","",IF(OR(P51<>"",I51="می‌باشد"),"بسته",IF(AND(L51<>"",W51=""),"خطای فرمت تاریخ ایجاد",IF(AND(H51<>"",AA51=""),"خطای فرمت مهلت",IF(AND(H51<>"",AD51<>"",TODAY()>AD51),"تاخیر",IF(L51<>"","در حال انجام","")))))) -> در حال انجام | V51: =IF(U51="تاخیر",TODAY()-AD51,IF(AND(U51="بسته",AH51<>"",AD51<>"",AH51>AD51),AH51-AD51,0)) -> 0 | W51: =IF(L51="","",VALUE(LEFT(L51,FIND("/",L51)-1))) -> 1405 | X51: =IF(L51="","",VALUE(MID(L51,FIND("/",L51)+1,FIND("/",L51,FIND("/",L51)+1)-FIND("/",L51)-1))) -> 2 | Y51: =IF(L51="","",VALUE(MID(L51,FIND("/",L51,FIND("/",L51)+1)+1,LEN(L51)-FIND("/",L51,FIND("/",L51)+1)))) -> 28 | Z51: =IF(OR(L51="",W51=""),"",IFERROR(INDEX('لیست‌ها'!$Q$3:$Q$53,MATCH(W51,'لیست‌ها'!$P$3:$P$53,0))+IF(X51<=6,(X51-1)*31+Y51,IF(X51<=11,186+(X51-7)*30+Y51,336+Y51))-1,"")) -> 46160 | AA51: =IF(H51="","",VALUE(LEFT(H51,FIND("/",H51)-1))) | AB51: =IF(H51="","",VALUE(MID(H51,FIND("/",H51)+1,FIND("/",H51,FIND("/",H51)+1)-FIND("/",H51)-1))) | AC51: =IF(H51="","",VALUE(MID(H51,FIND("/",H51,FIND("/",H51)+1)+1,LEN(H51)-FIND("/",H51,FIND("/",H51)+1)))) | AD51: =IF(OR(H51="",AA51=""),"",IFERROR(INDEX('لیست‌ها'!$Q$3:$Q$53,MATCH(AA51,'لیست‌ها'!$P$3:$P$53,0))+IF(AB51<=6,(AB51-1)*31+AC51,IF(AB51<=11,186+(AB51-7)*30+AC51,336+AC51))-1,"")) | AE51: =IF(P51="","",VALUE(LEFT(P51,FIND("/",P51)-1))) | AF51: =IF(P51="","",VALUE(MID(P51,FIND("/",P51)+1,FIND("/",P51,FIND("/",P51)+1)-FIND("/",P51)-1))) | AG51: =IF(P51="","",VALUE(MID(P51,FIND("/",P51,FIND("/",P51)+1)+1,LEN(P51)-FIND("/",P51,FIND("/",P51)+1)))) | AH51: =IF(OR(P51="",AE51=""),"",IFERROR(INDEX('لیست‌ها'!$Q$3:$Q$53,MATCH(AE51,'لیست‌ها'!$P$3:$P$53,0))+IF(AF51<=6,(AF51-1)*31+AG51,IF(AF51<=11,186+(AF51-7)*30+AG51,336+AG51))-1,"")) | AI51: =IF(W51="","",W51&"-"&TEXT(X51,"00")) -> 1405-02 | AJ51: =IF(W51="","",W51*12+X51) -> 16862 | AK51: =IF(U51="تاخیر",V51+ROW()/100000,"")
A52: =IF(B52="","",ROW()-3) -> 49 | B52: SALE\05\50 | C52: اقدام اصلاحی | D52: کلیم | E52: کلیم 1 قطعه سینی زیرموتور EF7 در سا... | F52: میلاد زارع | G52: بازرسی آزمون | L52: 1405/2/29 | M52: ثبت فرم | U52: =IF(B52="","",IF(OR(P52<>"",I52="می‌باشد"),"بسته",IF(AND(L52<>"",W52=""),"خطای فرمت تاریخ ایجاد",IF(AND(H52<>"",AA52=""),"خطای فرمت مهلت",IF(AND(H52<>"",AD52<>"",TODAY()>AD52),"تاخیر",IF(L52<>"","در حال انجام","")))))) -> در حال انجام | V52: =IF(U52="تاخیر",TODAY()-AD52,IF(AND(U52="بسته",AH52<>"",AD52<>"",AH52>AD52),AH52-AD52,0)) -> 0 | W52: =IF(L52="","",VALUE(LEFT(L52,FIND("/",L52)-1))) -> 1405 | X52: =IF(L52="","",VALUE(MID(L52,FIND("/",L52)+1,FIND("/",L52,FIND("/",L52)+1)-FIND("/",L52)-1))) -> 2 | Y52: =IF(L52="","",VALUE(MID(L52,FIND("/",L52,FIND("/",L52)+1)+1,LEN(L52)-FIND("/",L52,FIND("/",L52)+1)))) -> 29 | Z52: =IF(OR(L52="",W52=""),"",IFERROR(INDEX('لیست‌ها'!$Q$3:$Q$53,MATCH(W52,'لیست‌ها'!$P$3:$P$53,0))+IF(X52<=6,(X52-1)*31+Y52,IF(X52<=11,186+(X52-7)*30+Y52,336+Y52))-1,"")) -> 46161 | AA52: =IF(H52="","",VALUE(LEFT(H52,FIND("/",H52)-1))) | AB52: =IF(H52="","",VALUE(MID(H52,FIND("/",H52)+1,FIND("/",H52,FIND("/",H52)+1)-FIND("/",H52)-1))) | AC52: =IF(H52="","",VALUE(MID(H52,FIND("/",H52,FIND("/",H52)+1)+1,LEN(H52)-FIND("/",H52,FIND("/",H52)+1)))) | AD52: =IF(OR(H52="",AA52=""),"",IFERROR(INDEX('لیست‌ها'!$Q$3:$Q$53,MATCH(AA52,'لیست‌ها'!$P$3:$P$53,0))+IF(AB52<=6,(AB52-1)*31+AC52,IF(AB52<=11,186+(AB52-7)*30+AC52,336+AC52))-1,"")) | AE52: =IF(P52="","",VALUE(LEFT(P52,FIND("/",P52)-1))) | AF52: =IF(P52="","",VALUE(MID(P52,FIND("/",P52)+1,FIND("/",P52,FIND("/",P52)+1)-FIND("/",P52)-1))) | AG52: =IF(P52="","",VALUE(MID(P52,FIND("/",P52,FIND("/",P52)+1)+1,LEN(P52)-FIND("/",P52,FIND("/",P52)+1)))) | AH52: =IF(OR(P52="",AE52=""),"",IFERROR(INDEX('لیست‌ها'!$Q$3:$Q$53,MATCH(AE52,'لیست‌ها'!$P$3:$P$53,0))+IF(AF52<=6,(AF52-1)*31+AG52,IF(AF52<=11,186+(AF52-7)*30+AG52,336+AG52))-1,"")) | AI52: =IF(W52="","",W52&"-"&TEXT(X52,"00")) -> 1405-02 | AJ52: =IF(W52="","",W52*12+X52) -> 16862 | AK52: =IF(U52="تاخیر",V52+ROW()/100000,"")
A53: =IF(B53="","",ROW()-3) -> 50 | B53: SALE\05\51 | C53: اقدام اصلاحی | D53: کلیم | E53: کلیم 1 قطعه سینی زیرموتور XU در سایت... | F53: میلاد زارع | G53: بازرسی آزمون | L53: 1405/2/29 | M53: ثبت فرم | U53: =IF(B53="","",IF(OR(P53<>"",I53="می‌باشد"),"بسته",IF(AND(L53<>"",W53=""),"خطای فرمت تاریخ ایجاد",IF(AND(H53<>"",AA53=""),"خطای فرمت مهلت",IF(AND(H53<>"",AD53<>"",TODAY()>AD53),"تاخیر",IF(L53<>"","در حال انجام","")))))) -> در حال انجام | V53: =IF(U53="تاخیر",TODAY()-AD53,IF(AND(U53="بسته",AH53<>"",AD53<>"",AH53>AD53),AH53-AD53,0)) -> 0 | W53: =IF(L53="","",VALUE(LEFT(L53,FIND("/",L53)-1))) -> 1405 | X53: =IF(L53="","",VALUE(MID(L53,FIND("/",L53)+1,FIND("/",L53,FIND("/",L53)+1)-FIND("/",L53)-1))) -> 2 | Y53: =IF(L53="","",VALUE(MID(L53,FIND("/",L53,FIND("/",L53)+1)+1,LEN(L53)-FIND("/",L53,FIND("/",L53)+1)))) -> 29 | Z53: =IF(OR(L53="",W53=""),"",IFERROR(INDEX('لیست‌ها'!$Q$3:$Q$53,MATCH(W53,'لیست‌ها'!$P$3:$P$53,0))+IF(X53<=6,(X53-1)*31+Y53,IF(X53<=11,186+(X53-7)*30+Y53,336+Y53))-1,"")) -> 46161 | AA53: =IF(H53="","",VALUE(LEFT(H53,FIND("/",H53)-1))) | AB53: =IF(H53="","",VALUE(MID(H53,FIND("/",H53)+1,FIND("/",H53,FIND("/",H53)+1)-FIND("/",H53)-1))) | AC53: =IF(H53="","",VALUE(MID(H53,FIND("/",H53,FIND("/",H53)+1)+1,LEN(H53)-FIND("/",H53,FIND("/",H53)+1)))) | AD53: =IF(OR(H53="",AA53=""),"",IFERROR(INDEX('لیست‌ها'!$Q$3:$Q$53,MATCH(AA53,'لیست‌ها'!$P$3:$P$53,0))+IF(AB53<=6,(AB53-1)*31+AC53,IF(AB53<=11,186+(AB53-7)*30+AC53,336+AC53))-1,"")) | AE53: =IF(P53="","",VALUE(LEFT(P53,FIND("/",P53)-1))) | AF53: =IF(P53="","",VALUE(MID(P53,FIND("/",P53)+1,FIND("/",P53,FIND("/",P53)+1)-FIND("/",P53)-1))) | AG53: =IF(P53="","",VALUE(MID(P53,FIND("/",P53,FIND("/",P53)+1)+1,LEN(P53)-FIND("/",P53,FIND("/",P53)+1)))) | AH53: =IF(OR(P53="",AE53=""),"",IFERROR(INDEX('لیست‌ها'!$Q$3:$Q$53,MATCH(AE53,'لیست‌ها'!$P$3:$P$53,0))+IF(AF53<=6,(AF53-1)*31+AG53,IF(AF53<=11,186+(AF53-7)*30+AG53,336+AG53))-1,"")) | AI53: =IF(W53="","",W53&"-"&TEXT(X53,"00")) -> 1405-02 | AJ53: =IF(W53="","",W53*12+X53) -> 16862 | AK53: =IF(U53="تاخیر",V53+ROW()/100000,"")
A54: =IF(B54="","",ROW()-3) -> 51 | B54: SALE\05\52 | C54: اقدام اصلاحی | D54: کلیم | E54: کلیم 1 قطعه سینی فن سمند در سایت ما... | F54: میلاد زارع | G54: بازرسی آزمون | L54: 1405/3/2 | M54: ثبت فرم | U54: =IF(B54="","",IF(OR(P54<>"",I54="می‌باشد"),"بسته",IF(AND(L54<>"",W54=""),"خطای فرمت تاریخ ایجاد",IF(AND(H54<>"",AA54=""),"خطای فرمت مهلت",IF(AND(H54<>"",AD54<>"",TODAY()>AD54),"تاخیر",IF(L54<>"","در حال انجام","")))))) -> در حال انجام | V54: =IF(U54="تاخیر",TODAY()-AD54,IF(AND(U54="بسته",AH54<>"",AD54<>"",AH54>AD54),AH54-AD54,0)) -> 0 | W54: =IF(L54="","",VALUE(LEFT(L54,FIND("/",L54)-1))) -> 1405 | X54: =IF(L54="","",VALUE(MID(L54,FIND("/",L54)+1,FIND("/",L54,FIND("/",L54)+1)-FIND("/",L54)-1))) -> 3 | Y54: =IF(L54="","",VALUE(MID(L54,FIND("/",L54,FIND("/",L54)+1)+1,LEN(L54)-FIND("/",L54,FIND("/",L54)+1)))) -> 2 | Z54: =IF(OR(L54="",W54=""),"",IFERROR(INDEX('لیست‌ها'!$Q$3:$Q$53,MATCH(W54,'لیست‌ها'!$P$3:$P$53,0))+IF(X54<=6,(X54-1)*31+Y54,IF(X54<=11,186+(X54-7)*30+Y54,336+Y54))-1,"")) -> 46165 | AA54: =IF(H54="","",VALUE(LEFT(H54,FIND("/",H54)-1))) | AB54: =IF(H54="","",VALUE(MID(H54,FIND("/",H54)+1,FIND("/",H54,FIND("/",H54)+1)-FIND("/",H54)-1))) | AC54: =IF(H54="","",VALUE(MID(H54,FIND("/",H54,FIND("/",H54)+1)+1,LEN(H54)-FIND("/",H54,FIND("/",H54)+1)))) | AD54: =IF(OR(H54="",AA54=""),"",IFERROR(INDEX('لیست‌ها'!$Q$3:$Q$53,MATCH(AA54,'لیست‌ها'!$P$3:$P$53,0))+IF(AB54<=6,(AB54-1)*31+AC54,IF(AB54<=11,186+(AB54-7)*30+AC54,336+AC54))-1,"")) | AE54: =IF(P54="","",VALUE(LEFT(P54,FIND("/",P54)-1))) | AF54: =IF(P54="","",VALUE(MID(P54,FIND("/",P54)+1,FIND("/",P54,FIND("/",P54)+1)-FIND("/",P54)-1))) | AG54: =IF(P54="","",VALUE(MID(P54,FIND("/",P54,FIND("/",P54)+1)+1,LEN(P54)-FIND("/",P54,FIND("/",P54)+1)))) | AH54: =IF(OR(P54="",AE54=""),"",IFERROR(INDEX('لیست‌ها'!$Q$3:$Q$53,MATCH(AE54,'لیست‌ها'!$P$3:$P$53,0))+IF(AF54<=6,(AF54-1)*31+AG54,IF(AF54<=11,186+(AF54-7)*30+AG54,336+AG54))-1,"")) | AI54: =IF(W54="","",W54&"-"&TEXT(X54,"00")) -> 1405-03 | AJ54: =IF(W54="","",W54*12+X54) -> 16863 | AK54: =IF(U54="تاخیر",V54+ROW()/100000,"")
A55: =IF(B55="","",ROW()-3) -> 52 | B55: SALE\05\53 | C55: اقدام اصلاحی | D55: کلیم | E55: کلیم 10 قطعه سینی فن سمند در سایت ف... | F55: میلاد زارع | G55: بازرسی آزمون | L55: 1405/3/4 | M55: ثبت فرم | U55: =IF(B55="","",IF(OR(P55<>"",I55="می‌باشد"),"بسته",IF(AND(L55<>"",W55=""),"خطای فرمت تاریخ ایجاد",IF(AND(H55<>"",AA55=""),"خطای فرمت مهلت",IF(AND(H55<>"",AD55<>"",TODAY()>AD55),"تاخیر",IF(L55<>"","در حال انجام","")))))) -> در حال انجام | V55: =IF(U55="تاخیر",TODAY()-AD55,IF(AND(U55="بسته",AH55<>"",AD55<>"",AH55>AD55),AH55-AD55,0)) -> 0 | W55: =IF(L55="","",VALUE(LEFT(L55,FIND("/",L55)-1))) -> 1405 | X55: =IF(L55="","",VALUE(MID(L55,FIND("/",L55)+1,FIND("/",L55,FIND("/",L55)+1)-FIND("/",L55)-1))) -> 3 | Y55: =IF(L55="","",VALUE(MID(L55,FIND("/",L55,FIND("/",L55)+1)+1,LEN(L55)-FIND("/",L55,FIND("/",L55)+1)))) -> 4 | Z55: =IF(OR(L55="",W55=""),"",IFERROR(INDEX('لیست‌ها'!$Q$3:$Q$53,MATCH(W55,'لیست‌ها'!$P$3:$P$53,0))+IF(X55<=6,(X55-1)*31+Y55,IF(X55<=11,186+(X55-7)*30+Y55,336+Y55))-1,"")) -> 46167 | AA55: =IF(H55="","",VALUE(LEFT(H55,FIND("/",H55)-1))) | AB55: =IF(H55="","",VALUE(MID(H55,FIND("/",H55)+1,FIND("/",H55,FIND("/",H55)+1)-FIND("/",H55)-1))) | AC55: =IF(H55="","",VALUE(MID(H55,FIND("/",H55,FIND("/",H55)+1)+1,LEN(H55)-FIND("/",H55,FIND("/",H55)+1)))) | AD55: =IF(OR(H55="",AA55=""),"",IFERROR(INDEX('لیست‌ها'!$Q$3:$Q$53,MATCH(AA55,'لیست‌ها'!$P$3:$P$53,0))+IF(AB55<=6,(AB55-1)*31+AC55,IF(AB55<=11,186+(AB55-7)*30+AC55,336+AC55))-1,"")) | AE55: =IF(P55="","",VALUE(LEFT(P55,FIND("/",P55)-1))) | AF55: =IF(P55="","",VALUE(MID(P55,FIND("/",P55)+1,FIND("/",P55,FIND("/",P55)+1)-FIND("/",P55)-1))) | AG55: =IF(P55="","",VALUE(MID(P55,FIND("/",P55,FIND("/",P55)+1)+1,LEN(P55)-FIND("/",P55,FIND("/",P55)+1)))) | AH55: =IF(OR(P55="",AE55=""),"",IFERROR(INDEX('لیست‌ها'!$Q$3:$Q$53,MATCH(AE55,'لیست‌ها'!$P$3:$P$53,0))+IF(AF55<=6,(AF55-1)*31+AG55,IF(AF55<=11,186+(AF55-7)*30+AG55,336+AG55))-1,"")) | AI55: =IF(W55="","",W55&"-"&TEXT(X55,"00")) -> 1405-03 | AJ55: =IF(W55="","",W55*12+X55) -> 16863 | AK55: =IF(U55="تاخیر",V55+ROW()/100000,"")
A56: =IF(B56="","",ROW()-3) -> 53 | B56: SALE\05\54 | C56: اقدام اصلاحی | D56: کلیم | E56: کلیم 1 قطعه سینی زیر موتور تارا (K)... | F56: میلاد زارع | G56: بازرسی آزمون | L56: 1405/3/5 | M56: ثبت فرم | U56: =IF(B56="","",IF(OR(P56<>"",I56="می‌باشد"),"بسته",IF(AND(L56<>"",W56=""),"خطای فرمت تاریخ ایجاد",IF(AND(H56<>"",AA56=""),"خطای فرمت مهلت",IF(AND(H56<>"",AD56<>"",TODAY()>AD56),"تاخیر",IF(L56<>"","در حال انجام","")))))) -> در حال انجام | V56: =IF(U56="تاخیر",TODAY()-AD56,IF(AND(U56="بسته",AH56<>"",AD56<>"",AH56>AD56),AH56-AD56,0)) -> 0 | W56: =IF(L56="","",VALUE(LEFT(L56,FIND("/",L56)-1))) -> 1405 | X56: =IF(L56="","",VALUE(MID(L56,FIND("/",L56)+1,FIND("/",L56,FIND("/",L56)+1)-FIND("/",L56)-1))) -> 3 | Y56: =IF(L56="","",VALUE(MID(L56,FIND("/",L56,FIND("/",L56)+1)+1,LEN(L56)-FIND("/",L56,FIND("/",L56)+1)))) -> 5 | Z56: =IF(OR(L56="",W56=""),"",IFERROR(INDEX('لیست‌ها'!$Q$3:$Q$53,MATCH(W56,'لیست‌ها'!$P$3:$P$53,0))+IF(X56<=6,(X56-1)*31+Y56,IF(X56<=11,186+(X56-7)*30+Y56,336+Y56))-1,"")) -> 46168 | AA56: =IF(H56="","",VALUE(LEFT(H56,FIND("/",H56)-1))) | AB56: =IF(H56="","",VALUE(MID(H56,FIND("/",H56)+1,FIND("/",H56,FIND("/",H56)+1)-FIND("/",H56)-1))) | AC56: =IF(H56="","",VALUE(MID(H56,FIND("/",H56,FIND("/",H56)+1)+1,LEN(H56)-FIND("/",H56,FIND("/",H56)+1)))) | AD56: =IF(OR(H56="",AA56=""),"",IFERROR(INDEX('لیست‌ها'!$Q$3:$Q$53,MATCH(AA56,'لیست‌ها'!$P$3:$P$53,0))+IF(AB56<=6,(AB56-1)*31+AC56,IF(AB56<=11,186+(AB56-7)*30+AC56,336+AC56))-1,"")) | AE56: =IF(P56="","",VALUE(LEFT(P56,FIND("/",P56)-1))) | AF56: =IF(P56="","",VALUE(MID(P56,FIND("/",P56)+1,FIND("/",P56,FIND("/",P56)+1)-FIND("/",P56)-1))) | AG56: =IF(P56="","",VALUE(MID(P56,FIND("/",P56,FIND("/",P56)+1)+1,LEN(P56)-FIND("/",P56,FIND("/",P56)+1)))) | AH56: =IF(OR(P56="",AE56=""),"",IFERROR(INDEX('لیست‌ها'!$Q$3:$Q$53,MATCH(AE56,'لیست‌ها'!$P$3:$P$53,0))+IF(AF56<=6,(AF56-1)*31+AG56,IF(AF56<=11,186+(AF56-7)*30+AG56,336+AG56))-1,"")) | AI56: =IF(W56="","",W56&"-"&TEXT(X56,"00")) -> 1405-03 | AJ56: =IF(W56="","",W56*12+X56) -> 16863 | AK56: =IF(U56="تاخیر",V56+ROW()/100000,"")
... A63: =IF(B63="","",ROW()-3) -> 60 | B63: des\05\62 | C63: اقدام اصلاحی | D63: پایش فرآیندها و تجزیه و تحلیل | E63: سینی فن دنا - MTBF | F63: مرضیه کاظم‌زاده | G63: مهندسی | L63: 1405/3/9 | M63: ثبت فرم | U63: =IF(B63="","",IF(OR(P63<>"",I63="می‌باشد"),"بسته",IF(AND(L63<>"",W63=""),"خطای فرمت تاریخ ایجاد",IF(AND(H63<>"",AA63=""),"خطای فرمت مهلت",IF(AND(H63<>"",AD63<>"",TODAY()>AD63),"تاخیر",IF(L63<>"","در حال انجام","")))))) -> در حال انجام | V63: =IF(U63="تاخیر",TODAY()-AD63,IF(AND(U63="بسته",AH63<>"",AD63<>"",AH63>AD63),AH63-AD63,0)) -> 0 | W63: =IF(L63="","",VALUE(LEFT(L63,FIND("/",L63)-1))) -> 1405 | X63: =IF(L63="","",VALUE(MID(L63,FIND("/",L63)+1,FIND("/",L63,FIND("/",L63)+1)-FIND("/",L63)-1))) -> 3 | Y63: =IF(L63="","",VALUE(MID(L63,FIND("/",L63,FIND("/",L63)+1)+1,LEN(L63)-FIND("/",L63,FIND("/",L63)+1)))) -> 9 | Z63: =IF(OR(L63="",W63=""),"",IFERROR(INDEX('لیست‌ها'!$Q$3:$Q$53,MATCH(W63,'لیست‌ها'!$P$3:$P$53,0))+IF(X63<=6,(X63-1)*31+Y63,IF(X63<=11,186+(X63-7)*30+Y63,336+Y63))-1,"")) -> 46172 | AA63: =IF(H63="","",VALUE(LEFT(H63,FIND("/",H63)-1))) | AB63: =IF(H63="","",VALUE(MID(H63,FIND("/",H63)+1,FIND("/",H63,FIND("/",H63)+1)-FIND("/",H63)-1))) | AC63: =IF(H63="","",VALUE(MID(H63,FIND("/",H63,FIND("/",H63)+1)+1,LEN(H63)-FIND("/",H63,FIND("/",H63)+1)))) | AD63: =IF(OR(H63="",AA63=""),"",IFERROR(INDEX('لیست‌ها'!$Q$3:$Q$53,MATCH(AA63,'لیست‌ها'!$P$3:$P$53,0))+IF(AB63<=6,(AB63-1)*31+AC63,IF(AB63<=11,186+(AB63-7)*30+AC63,336+AC63))-1,"")) | AE63: =IF(P63="","",VALUE(LEFT(P63,FIND("/",P63)-1))) | AF63: =IF(P63="","",VALUE(MID(P63,FIND("/",P63)+1,FIND("/",P63,FIND("/",P63)+1)-FIND("/",P63)-1))) | AG63: =IF(P63="","",VALUE(MID(P63,FIND("/",P63,FIND("/",P63)+1)+1,LEN(P63)-FIND("/",P63,FIND("/",P63)+1)))) | AH63: =IF(OR(P63="",AE63=""),"",IFERROR(INDEX('لیست‌ها'!$Q$3:$Q$53,MATCH(AE63,'لیست‌ها'!$P$3:$P$53,0))+IF(AF63<=6,(AF63-1)*31+AG63,IF(AF63<=11,186+(AF63-7)*30+AG63,336+AG63))-1,"")) | AI63: =IF(W63="","",W63&"-"&TEXT(X63,"00")) -> 1405-03 | AJ63: =IF(W63="","",W63*12+X63) -> 16863 | AK63: =IF(U63="تاخیر",V63+ROW()/100000,"")
A64: =IF(B64="","",ROW()-3) -> 61 | B64: SALE\05\63 | C64: اقدام اصلاحی | D64: کلیم | E64: کلیم 1 قطعه سینی فن سمند در سایت ما... | F64: میلاد زارع | G64: بازرسی آزمون | H64: 1405/3/31 | I64: می‌باشد | L64: 1405/3/9 | M64: جهت اطلاع | U64: =IF(B64="","",IF(OR(P64<>"",I64="می‌باشد"),"بسته",IF(AND(L64<>"",W64=""),"خطای فرمت تاریخ ایجاد",IF(AND(H64<>"",AA64=""),"خطای فرمت مهلت",IF(AND(H64<>"",AD64<>"",TODAY()>AD64),"تاخیر",IF(L64<>"","در حال انجام","")))))) -> بسته | V64: =IF(U64="تاخیر",TODAY()-AD64,IF(AND(U64="بسته",AH64<>"",AD64<>"",AH64>AD64),AH64-AD64,0)) -> 0 | W64: =IF(L64="","",VALUE(LEFT(L64,FIND("/",L64)-1))) -> 1405 | X64: =IF(L64="","",VALUE(MID(L64,FIND("/",L64)+1,FIND("/",L64,FIND("/",L64)+1)-FIND("/",L64)-1))) -> 3 | Y64: =IF(L64="","",VALUE(MID(L64,FIND("/",L64,FIND("/",L64)+1)+1,LEN(L64)-FIND("/",L64,FIND("/",L64)+1)))) -> 9 | Z64: =IF(OR(L64="",W64=""),"",IFERROR(INDEX('لیست‌ها'!$Q$3:$Q$53,MATCH(W64,'لیست‌ها'!$P$3:$P$53,0))+IF(X64<=6,(X64-1)*31+Y64,IF(X64<=11,186+(X64-7)*30+Y64,336+Y64))-1,"")) -> 46172 | AA64: =IF(H64="","",VALUE(LEFT(H64,FIND("/",H64)-1))) -> 1405 | AB64: =IF(H64="","",VALUE(MID(H64,FIND("/",H64)+1,FIND("/",H64,FIND("/",H64)+1)-FIND("/",H64)-1))) -> 3 | AC64: =IF(H64="","",VALUE(MID(H64,FIND("/",H64,FIND("/",H64)+1)+1,LEN(H64)-FIND("/",H64,FIND("/",H64)+1)))) -> 31 | AD64: =IF(OR(H64="",AA64=""),"",IFERROR(INDEX('لیست‌ها'!$Q$3:$Q$53,MATCH(AA64,'لیست‌ها'!$P$3:$P$53,0))+IF(AB64<=6,(AB64-1)*31+AC64,IF(AB64<=11,186+(AB64-7)*30+AC64,336+AC64))-1,"")) -> 46194 | AE64: =IF(P64="","",VALUE(LEFT(P64,FIND("/",P64)-1))) | AF64: =IF(P64="","",VALUE(MID(P64,FIND("/",P64)+1,FIND("/",P64,FIND("/",P64)+1)-FIND("/",P64)-1))) | AG64: =IF(P64="","",VALUE(MID(P64,FIND("/",P64,FIND("/",P64)+1)+1,LEN(P64)-FIND("/",P64,FIND("/",P64)+1)))) | AH64: =IF(OR(P64="",AE64=""),"",IFERROR(INDEX('لیست‌ها'!$Q$3:$Q$53,MATCH(AE64,'لیست‌ها'!$P$3:$P$53,0))+IF(AF64<=6,(AF64-1)*31+AG64,IF(AF64<=11,186+(AF64-7)*30+AG64,336+AG64))-1,"")) | AI64: =IF(W64="","",W64&"-"&TEXT(X64,"00")) -> 1405-03 | AJ64: =IF(W64="","",W64*12+X64) -> 16863 | AK64: =IF(U64="تاخیر",V64+ROW()/100000,"")
A65: =IF(B65="","",ROW()-3) -> 62 | B65: SALE\05\64 | C65: اقدام اصلاحی | D65: کلیم | E65: کلیم 1 قطعه سینی فن سمند در سایت ت... | F65: میلاد زارع | G65: بازرسی آزمون | H65: 1405/3/31 | I65: می‌باشد | L65: 1405/3/9 | M65: جهت اطلاع | U65: =IF(B65="","",IF(OR(P65<>"",I65="می‌باشد"),"بسته",IF(AND(L65<>"",W65=""),"خطای فرمت تاریخ ایجاد",IF(AND(H65<>"",AA65=""),"خطای فرمت مهلت",IF(AND(H65<>"",AD65<>"",TODAY()>AD65),"تاخیر",IF(L65<>"","در حال انجام","")))))) -> بسته | V65: =IF(U65="تاخیر",TODAY()-AD65,IF(AND(U65="بسته",AH65<>"",AD65<>"",AH65>AD65),AH65-AD65,0)) -> 0 | W65: =IF(L65="","",VALUE(LEFT(L65,FIND("/",L65)-1))) -> 1405 | X65: =IF(L65="","",VALUE(MID(L65,FIND("/",L65)+1,FIND("/",L65,FIND("/",L65)+1)-FIND("/",L65)-1))) -> 3 | Y65: =IF(L65="","",VALUE(MID(L65,FIND("/",L65,FIND("/",L65)+1)+1,LEN(L65)-FIND("/",L65,FIND("/",L65)+1)))) -> 9 | Z65: =IF(OR(L65="",W65=""),"",IFERROR(INDEX('لیست‌ها'!$Q$3:$Q$53,MATCH(W65,'لیست‌ها'!$P$3:$P$53,0))+IF(X65<=6,(X65-1)*31+Y65,IF(X65<=11,186+(X65-7)*30+Y65,336+Y65))-1,"")) -> 46172 | AA65: =IF(H65="","",VALUE(LEFT(H65,FIND("/",H65)-1))) -> 1405 | AB65: =IF(H65="","",VALUE(MID(H65,FIND("/",H65)+1,FIND("/",H65,FIND("/",H65)+1)-FIND("/",H65)-1))) -> 3 | AC65: =IF(H65="","",VALUE(MID(H65,FIND("/",H65,FIND("/",H65)+1)+1,LEN(H65)-FIND("/",H65,FIND("/",H65)+1)))) -> 31 | AD65: =IF(OR(H65="",AA65=""),"",IFERROR(INDEX('لیست‌ها'!$Q$3:$Q$53,MATCH(AA65,'لیست‌ها'!$P$3:$P$53,0))+IF(AB65<=6,(AB65-1)*31+AC65,IF(AB65<=11,186+(AB65-7)*30+AC65,336+AC65))-1,"")) -> 46194 | AE65: =IF(P65="","",VALUE(LEFT(P65,FIND("/",P65)-1))) | AF65: =IF(P65="","",VALUE(MID(P65,FIND("/",P65)+1,FIND("/",P65,FIND("/",P65)+1)-FIND("/",P65)-1))) | AG65: =IF(P65="","",VALUE(MID(P65,FIND("/",P65,FIND("/",P65)+1)+1,LEN(P65)-FIND("/",P65,FIND("/",P65)+1)))) | AH65: =IF(OR(P65="",AE65=""),"",IFERROR(INDEX('لیست‌ها'!$Q$3:$Q$53,MATCH(AE65,'لیست‌ها'!$P$3:$P$53,0))+IF(AF65<=6,(AF65-1)*31+AG65,IF(AF65<=11,186+(AF65-7)*30+AG65,336+AG65))-1,"")) | AI65: =IF(W65="","",W65&"-"&TEXT(X65,"00")) -> 1405-03 | AJ65: =IF(W65="","",W65*12+X65) -> 16863 | AK65: =IF(U65="تاخیر",V65+ROW()/100000,"")
A66: =IF(B66="","",ROW()-3) -> 63 | B66: SALE\05\65 | C66: اقدام اصلاحی | D66: کلیم | E66: کلیم 1 قطعه سینی زیر موتور تارا (K)... | F66: میلاد زارع | G66: بازرسی آزمون | H66: 1405/5/7 | I66: می‌باشد | L66: 1405/3/9 | M66: جهت اطلاع | U66: =IF(B66="","",IF(OR(P66<>"",I66="می‌باشد"),"بسته",IF(AND(L66<>"",W66=""),"خطای فرمت تاریخ ایجاد",IF(AND(H66<>"",AA66=""),"خطای فرمت مهلت",IF(AND(H66<>"",AD66<>"",TODAY()>AD66),"تاخیر",IF(L66<>"","در حال انجام","")))))) -> بسته | V66: =IF(U66="تاخیر",TODAY()-AD66,IF(AND(U66="بسته",AH66<>"",AD66<>"",AH66>AD66),AH66-AD66,0)) -> 0 | W66: =IF(L66="","",VALUE(LEFT(L66,FIND("/",L66)-1))) -> 1405 | X66: =IF(L66="","",VALUE(MID(L66,FIND("/",L66)+1,FIND("/",L66,FIND("/",L66)+1)-FIND("/",L66)-1))) -> 3 | Y66: =IF(L66="","",VALUE(MID(L66,FIND("/",L66,FIND("/",L66)+1)+1,LEN(L66)-FIND("/",L66,FIND("/",L66)+1)))) -> 9 | Z66: =IF(OR(L66="",W66=""),"",IFERROR(INDEX('لیست‌ها'!$Q$3:$Q$53,MATCH(W66,'لیست‌ها'!$P$3:$P$53,0))+IF(X66<=6,(X66-1)*31+Y66,IF(X66<=11,186+(X66-7)*30+Y66,336+Y66))-1,"")) -> 46172 | AA66: =IF(H66="","",VALUE(LEFT(H66,FIND("/",H66)-1))) -> 1405 | AB66: =IF(H66="","",VALUE(MID(H66,FIND("/",H66)+1,FIND("/",H66,FIND("/",H66)+1)-FIND("/",H66)-1))) -> 5 | AC66: =IF(H66="","",VALUE(MID(H66,FIND("/",H66,FIND("/",H66)+1)+1,LEN(H66)-FIND("/",H66,FIND("/",H66)+1)))) -> 7 | AD66: =IF(OR(H66="",AA66=""),"",IFERROR(INDEX('لیست‌ها'!$Q$3:$Q$53,MATCH(AA66,'لیست‌ها'!$P$3:$P$53,0))+IF(AB66<=6,(AB66-1)*31+AC66,IF(AB66<=11,186+(AB66-7)*30+AC66,336+AC66))-1,"")) -> 46232 | AE66: =IF(P66="","",VALUE(LEFT(P66,FIND("/",P66)-1))) | AF66: =IF(P66="","",VALUE(MID(P66,FIND("/",P66)+1,FIND("/",P66,FIND("/",P66)+1)-FIND("/",P66)-1))) | AG66: =IF(P66="","",VALUE(MID(P66,FIND("/",P66,FIND("/",P66)+1)+1,LEN(P66)-FIND("/",P66,FIND("/",P66)+1)))) | AH66: =IF(OR(P66="",AE66=""),"",IFERROR(INDEX('لیست‌ها'!$Q$3:$Q$53,MATCH(AE66,'لیست‌ها'!$P$3:$P$53,0))+IF(AF66<=6,(AF66-1)*31+AG66,IF(AF66<=11,186+(AF66-7)*30+AG66,336+AG66))-1,"")) | AI66: =IF(W66="","",W66&"-"&TEXT(X66,"00")) -> 1405-03 | AJ66: =IF(W66="","",W66*12+X66) -> 16863 | AK66: =IF(U66="تاخیر",V66+ROW()/100000,"")
A67: =IF(B67="","",ROW()-3) -> 64 | B67: PL\05\67 | C67: اقدام اصلاحی | D67: سایر | E67: توقف خط به علت نبود منابع به مدت 47... | F67: حمید بیات | G67: برنامه‌ریزی | L67: 1405/3/10 | M67: جهت اطلاع | U67: =IF(B67="","",IF(OR(P67<>"",I67="می‌باشد"),"بسته",IF(AND(L67<>"",W67=""),"خطای فرمت تاریخ ایجاد",IF(AND(H67<>"",AA67=""),"خطای فرمت مهلت",IF(AND(H67<>"",AD67<>"",TODAY()>AD67),"تاخیر",IF(L67<>"","در حال انجام","")))))) -> در حال انجام | V67: =IF(U67="تاخیر",TODAY()-AD67,IF(AND(U67="بسته",AH67<>"",AD67<>"",AH67>AD67),AH67-AD67,0)) -> 0 | W67: =IF(L67="","",VALUE(LEFT(L67,FIND("/",L67)-1))) -> 1405 | X67: =IF(L67="","",VALUE(MID(L67,FIND("/",L67)+1,FIND("/",L67,FIND("/",L67)+1)-FIND("/",L67)-1))) -> 3 | Y67: =IF(L67="","",VALUE(MID(L67,FIND("/",L67,FIND("/",L67)+1)+1,LEN(L67)-FIND("/",L67,FIND("/",L67)+1)))) -> 10 | Z67: =IF(OR(L67="",W67=""),"",IFERROR(INDEX('لیست‌ها'!$Q$3:$Q$53,MATCH(W67,'لیست‌ها'!$P$3:$P$53,0))+IF(X67<=6,(X67-1)*31+Y67,IF(X67<=11,186+(X67-7)*30+Y67,336+Y67))-1,"")) -> 46173 | AA67: =IF(H67="","",VALUE(LEFT(H67,FIND("/",H67)-1))) | AB67: =IF(H67="","",VALUE(MID(H67,FIND("/",H67)+1,FIND("/",H67,FIND("/",H67)+1)-FIND("/",H67)-1))) | AC67: =IF(H67="","",VALUE(MID(H67,FIND("/",H67,FIND("/",H67)+1)+1,LEN(H67)-FIND("/",H67,FIND("/",H67)+1)))) | AD67: =IF(OR(H67="",AA67=""),"",IFERROR(INDEX('لیست‌ها'!$Q$3:$Q$53,MATCH(AA67,'لیست‌ها'!$P$3:$P$53,0))+IF(AB67<=6,(AB67-1)*31+AC67,IF(AB67<=11,186+(AB67-7)*30+AC67,336+AC67))-1,"")) | AE67: =IF(P67="","",VALUE(LEFT(P67,FIND("/",P67)-1))) | AF67: =IF(P67="","",VALUE(MID(P67,FIND("/",P67)+1,FIND("/",P67,FIND("/",P67)+1)-FIND("/",P67)-1))) | AG67: =IF(P67="","",VALUE(MID(P67,FIND("/",P67,FIND("/",P67)+1)+1,LEN(P67)-FIND("/",P67,FIND("/",P67)+1)))) | AH67: =IF(OR(P67="",AE67=""),"",IFERROR(INDEX('لیست‌ها'!$Q$3:$Q$53,MATCH(AE67,'لیست‌ها'!$P$3:$P$53,0))+IF(AF67<=6,(AF67-1)*31+AG67,IF(AF67<=11,186+(AF67-7)*30+AG67,336+AG67))-1,"")) | AI67: =IF(W67="","",W67&"-"&TEXT(X67,"00")) -> 1405-03 | AJ67: =IF(W67="","",W67*12+X67) -> 16863 | AK67: =IF(U67="تاخیر",V67+ROW()/100000,"")
A68: =IF(B68="","",ROW()-3) -> 65 | B68: PL\05\68 | C68: اقدام اصلاحی | D68: سایر | E68: انحراف از برنامه تولید محصول 212... | F68: حمید بیات | G68: برنامه‌ریزی | H68: 1405/4/10 | L68: 1405/3/10 | M68: نظریه ریشه یاب | U68: =IF(B68="","",IF(OR(P68<>"",I68="می‌باشد"),"بسته",IF(AND(L68<>"",W68=""),"خطای فرمت تاریخ ایجاد",IF(AND(H68<>"",AA68=""),"خطای فرمت مهلت",IF(AND(H68<>"",AD68<>"",TODAY()>AD68),"تاخیر",IF(L68<>"","در حال انجام","")))))) -> تاخیر | V68: =IF(U68="تاخیر",TODAY()-AD68,IF(AND(U68="بسته",AH68<>"",AD68<>"",AH68>AD68),AH68-AD68,0)) -> 91 | W68: =IF(L68="","",VALUE(LEFT(L68,FIND("/",L68)-1))) -> 1405 | X68: =IF(L68="","",VALUE(MID(L68,FIND("/",L68)+1,FIND("/",L68,FIND("/",L68)+1)-FIND("/",L68)-1))) -> 3 | Y68: =IF(L68="","",VALUE(MID(L68,FIND("/",L68,FIND("/",L68)+1)+1,LEN(L68)-FIND("/",L68,FIND("/",L68)+1)))) -> 10 | Z68: =IF(OR(L68="",W68=""),"",IFERROR(INDEX('لیست‌ها'!$Q$3:$Q$53,MATCH(W68,'لیست‌ها'!$P$3:$P$53,0))+IF(X68<=6,(X68-1)*31+Y68,IF(X68<=11,186+(X68-7)*30+Y68,336+Y68))-1,"")) -> 46173 | AA68: =IF(H68="","",VALUE(LEFT(H68,FIND("/",H68)-1))) -> 1405 | AB68: =IF(H68="","",VALUE(MID(H68,FIND("/",H68)+1,FIND("/",H68,FIND("/",H68)+1)-FIND("/",H68)-1))) -> 4 | AC68: =IF(H68="","",VALUE(MID(H68,FIND("/",H68,FIND("/",H68)+1)+1,LEN(H68)-FIND("/",H68,FIND("/",H68)+1)))) -> 10 | AD68: =IF(OR(H68="",AA68=""),"",IFERROR(INDEX('لیست‌ها'!$Q$3:$Q$53,MATCH(AA68,'لیست‌ها'!$P$3:$P$53,0))+IF(AB68<=6,(AB68-1)*31+AC68,IF(AB68<=11,186+(AB68-7)*30+AC68,336+AC68))-1,"")) -> 46204 | AE68: =IF(P68="","",VALUE(LEFT(P68,FIND("/",P68)-1))) | AF68: =IF(P68="","",VALUE(MID(P68,FIND("/",P68)+1,FIND("/",P68,FIND("/",P68)+1)-FIND("/",P68)-1))) | AG68: =IF(P68="","",VALUE(MID(P68,FIND("/",P68,FIND("/",P68)+1)+1,LEN(P68)-FIND("/",P68,FIND("/",P68)+1)))) | AH68: =IF(OR(P68="",AE68=""),"",IFERROR(INDEX('لیست‌ها'!$Q$3:$Q$53,MATCH(AE68,'لیست‌ها'!$P$3:$P$53,0))+IF(AF68<=6,(AF68-1)*31+AG68,IF(AF68<=11,186+(AF68-7)*30+AG68,336+AG68))-1,"")) | AI68: =IF(W68="","",W68&"-"&TEXT(X68,"00")) -> 1405-03 | AJ68: =IF(W68="","",W68*12+X68) -> 16863 | AK68: =IF(U68="تاخیر",V68+ROW()/100000,"") -> 91.00069
A69: =IF(B69="","",ROW()-3) -> 66 | B69: PL\05\69 | C69: اقدام اصلاحی | D69: سایر | E69: توقف خط به علت نبود منابع (براکت ف...) | F69: حمید بیات | G69: برنامه‌ریزی | L69: 1405/3/10 | M69: جهت اطلاع | U69: =IF(B69="","",IF(OR(P69<>"",I69="می‌باشد"),"بسته",IF(AND(L69<>"",W69=""),"خطای فرمت تاریخ ایجاد",IF(AND(H69<>"",AA69=""),"خطای فرمت مهلت",IF(AND(H69<>"",AD69<>"",TODAY()>AD69),"تاخیر",IF(L69<>"","در حال انجام","")))))) -> در حال انجام | V69: =IF(U69="تاخیر",TODAY()-AD69,IF(AND(U69="بسته",AH69<>"",AD69<>"",AH69>AD69),AH69-AD69,0)) -> 0 | W69: =IF(L69="","",VALUE(LEFT(L69,FIND("/",L69)-1))) -> 1405 | X69: =IF(L69="","",VALUE(MID(L69,FIND("/",L69)+1,FIND("/",L69,FIND("/",L69)+1)-FIND("/",L69)-1))) -> 3 | Y69: =IF(L69="","",VALUE(MID(L69,FIND("/",L69,FIND("/",L69)+1)+1,LEN(L69)-FIND("/",L69,FIND("/",L69)+1)))) -> 10 | Z69: =IF(OR(L69="",W69=""),"",IFERROR(INDEX('لیست‌ها'!$Q$3:$Q$53,MATCH(W69,'لیست‌ها'!$P$3:$P$53,0))+IF(X69<=6,(X69-1)*31+Y69,IF(X69<=11,186+(X69-7)*30+Y69,336+Y69))-1,"")) -> 46173 | AA69: =IF(H69="","",VALUE(LEFT(H69,FIND("/",H69)-1))) | AB69: =IF(H69="","",VALUE(MID(H69,FIND("/",H69)+1,FIND("/",H69,FIND("/",H69)+1)-FIND("/",H69)-1))) | AC69: =IF(H69="","",VALUE(MID(H69,FIND("/",H69,FIND("/",H69)+1)+1,LEN(H69)-FIND("/",H69,FIND("/",H69)+1)))) | AD69: =IF(OR(H69="",AA69=""),"",IFERROR(INDEX('لیست‌ها'!$Q$3:$Q$53,MATCH(AA69,'لیست‌ها'!$P$3:$P$53,0))+IF(AB69<=6,(AB69-1)*31+AC69,IF(AB69<=11,186+(AB69-7)*30+AC69,336+AC69))-1,"")) | AE69: =IF(P69="","",VALUE(LEFT(P69,FIND("/",P69)-1))) | AF69: =IF(P69="","",VALUE(MID(P69,FIND("/",P69)+1,FIND("/",P69,FIND("/",P69)+1)-FIND("/",P69)-1))) | AG69: =IF(P69="","",VALUE(MID(P69,FIND("/",P69,FIND("/",P69)+1)+1,LEN(P69)-FIND("/",P69,FIND("/",P69)+1)))) | AH69: =IF(OR(P69="",AE69=""),"",IFERROR(INDEX('لیست‌ها'!$Q$3:$Q$53,MATCH(AE69,'لیست‌ها'!$P$3:$P$53,0))+IF(AF69<=6,(AF69-1)*31+AG69,IF(AF69<=11,186+(AF69-7)*30+AG69,336+AG69))-1,"")) | AI69: =IF(W69="","",W69&"-"&TEXT(X69,"00")) -> 1405-03 | AJ69: =IF(W69="","",W69*12+X69) -> 16863 | AK69: =IF(U69="تاخیر",V69+ROW()/100000,"")
A70: =IF(B70="","",ROW()-3) -> 67 | B70: PL\05\70 | C70: اقدام اصلاحی | D70: کلیم | E70: توقف خط به علت نبود منابع (خارکنسو...) | F70: حمید بیات | G70: برنامه‌ریزی | H70: 1405/4/10 | L70: 1405/3/10 | M70: نظریه ریشه یاب | U70: =IF(B70="","",IF(OR(P70<>"",I70="می‌باشد"),"بسته",IF(AND(L70<>"",W70=""),"خطای فرمت تاریخ ایجاد",IF(AND(H70<>"",AA70=""),"خطای فرمت مهلت",IF(AND(H70<>"",AD70<>"",TODAY()>AD70),"تاخیر",IF(L70<>"","در حال انجام","")))))) -> تاخیر | V70: =IF(U70="تاخیر",TODAY()-AD70,IF(AND(U70="بسته",AH70<>"",AD70<>"",AH70>AD70),AH70-AD70,0)) -> 91 | W70: =IF(L70="","",VALUE(LEFT(L70,FIND("/",L70)-1))) -> 1405 | X70: =IF(L70="","",VALUE(MID(L70,FIND("/",L70)+1,FIND("/",L70,FIND("/",L70)+1)-FIND("/",L70)-1))) -> 3 | Y70: =IF(L70="","",VALUE(MID(L70,FIND("/",L70,FIND("/",L70)+1)+1,LEN(L70)-FIND("/",L70,FIND("/",L70)+1)))) -> 10 | Z70: =IF(OR(L70="",W70=""),"",IFERROR(INDEX('لیست‌ها'!$Q$3:$Q$53,MATCH(W70,'لیست‌ها'!$P$3:$P$53,0))+IF(X70<=6,(X70-1)*31+Y70,IF(X70<=11,186+(X70-7)*30+Y70,336+Y70))-1,"")) -> 46173 | AA70: =IF(H70="","",VALUE(LEFT(H70,FIND("/",H70)-1))) -> 1405 | AB70: =IF(H70="","",VALUE(MID(H70,FIND("/",H70)+1,FIND("/",H70,FIND("/",H70)+1)-FIND("/",H70)-1))) -> 4 | AC70: =IF(H70="","",VALUE(MID(H70,FIND("/",H70,FIND("/",H70)+1)+1,LEN(H70)-FIND("/",H70,FIND("/",H70)+1)))) -> 10 | AD70: =IF(OR(H70="",AA70=""),"",IFERROR(INDEX('لیست‌ها'!$Q$3:$Q$53,MATCH(AA70,'لیست‌ها'!$P$3:$P$53,0))+IF(AB70<=6,(AB70-1)*31+AC70,IF(AB70<=11,186+(AB70-7)*30+AC70,336+AC70))-1,"")) -> 46204 | AE70: =IF(P70="","",VALUE(LEFT(P70,FIND("/",P70)-1))) | AF70: =IF(P70="","",VALUE(MID(P70,FIND("/",P70)+1,FIND("/",P70,FIND("/",P70)+1)-FIND("/",P70)-1))) | AG70: =IF(P70="","",VALUE(MID(P70,FIND("/",P70,FIND("/",P70)+1)+1,LEN(P70)-FIND("/",P70,FIND("/",P70)+1)))) | AH70: =IF(OR(P70="",AE70=""),"",IFERROR(INDEX('لیست‌ها'!$Q$3:$Q$53,MATCH(AE70,'لیست‌ها'!$P$3:$P$53,0))+IF(AF70<=6,(AF70-1)*31+AG70,IF(AF70<=11,186+(AF70-7)*30+AG70,336+AG70))-1,"")) | AI70: =IF(W70="","",W70&"-"&TEXT(X70,"00")) -> 1405-03 | AJ70: =IF(W70="","",W70*12+X70) -> 16863 | AK70: =IF(U70="تاخیر",V70+ROW()/100000,"") -> 91.00067
A71: =IF(B71="","",ROW()-3) -> 68 | B71: PL\05\71 | C71: اقدام اصلاحی | D71: سایر | E71: توقف خط به علت نبود منابع (چراغ گار...) | F71: حمید بیات | G71: برنامه‌ریزی | L71: 1405/3/10 | M71: جهت اطلاع | U71: =IF(B71="","",IF(OR(P71<>"",I71="می‌باشد"),"بسته",IF(AND(L71<>"",W71=""),"خطای فرمت تاریخ ایجاد",IF(AND(H71<>"",AA71=""),"خطای فرمت مهلت",IF(AND(H71<>"",AD71<>"",TODAY()>AD71),"تاخیر",IF(L71<>"","در حال انجام","")))))) -> در حال انجام | V71: =IF(U71="تاخیر",TODAY()-AD71,IF(AND(U71="بسته",AH71<>"",AD71<>"",AH71>AD71),AH71-AD71,0)) -> 0 | W71: =IF(L71="","",VALUE(LEFT(L71,FIND("/",L71)-1))) -> 1405 | X71: =IF(L71="","",VALUE(MID(L71,FIND("/",L71)+1,FIND("/",L71,FIND("/",L71)+1)-FIND("/",L71)-1))) -> 3 | Y71: =IF(L71="","",VALUE(MID(L71,FIND("/",L71,FIND("/",L71)+1)+1,LEN(L71)-FIND("/",L71,FIND("/",L71)+1)))) -> 10 | Z71: =IF(OR(L71="",W71=""),"",IFERROR(INDEX('لیست‌ها'!$Q$3:$Q$53,MATCH(W71,'لیست‌ها'!$P$3:$P$53,0))+IF(X71<=6,(X71-1)*31+Y71,IF(X71<=11,186+(X71-7)*30+Y71,336+Y71))-1,"")) -> 46173 | AA71: =IF(H71="","",VALUE(LEFT(H71,FIND("/",H71)-1))) | AB71: =IF(H71="","",VALUE(MID(H71,FIND("/",H71)+1,FIND("/",H71,FIND("/",H71)+1)-FIND("/",H71)-1))) | AC71: =IF(H71="","",VALUE(MID(H71,FIND("/",H71,FIND("/",H71)+1)+1,LEN(H71)-FIND("/",H71,FIND("/",H71)+1)))) | AD71: =IF(OR(H71="",AA71=""),"",IFERROR(INDEX('لیست‌ها'!$Q$3:$Q$53,MATCH(AA71,'لیست‌ها'!$P$3:$P$53,0))+IF(AB71<=6,(AB71-1)*31+AC71,IF(AB71<=11,186+(AB71-7)*30+AC71,336+AC71))-1,"")) | AE71: =IF(P71="","",VALUE(LEFT(P71,FIND("/",P71)-1))) | AF71: =IF(P71="","",VALUE(MID(P71,FIND("/",P71)+1,FIND("/",P71,FIND("/",P71)+1)-FIND("/",P71)-1))) | AG71: =IF(P71="","",VALUE(MID(P71,FIND("/",P71,FIND("/",P71)+1)+1,LEN(P71)-FIND("/",P71,FIND("/",P71)+1)))) | AH71: =IF(OR(P71="",AE71=""),"",IFERROR(INDEX('لیست‌ها'!$Q$3:$Q$53,MATCH(AE71,'لیست‌ها'!$P$3:$P$53,0))+IF(AF71<=6,(AF71-1)*31+AG71,IF(AF71<=11,186+(AF71-7)*30+AG71,336+AG71))-1,"")) | AI71: =IF(W71="","",W71&"-"&TEXT(X71,"00")) -> 1405-03 | AJ71: =IF(W71="","",W71*12+X71) -> 16863 | AK71: =IF(U71="تاخیر",V71+ROW()/100000,"")
A72: =IF(B72="","",ROW()-3) -> 69 | B72: PL\05\72 | C72: اقدام اصلاحی | D72: سایر | E72: توقف خط به علت نبود منابع (چراغ گار...) | F72: حمید بیات | G72: برنامه‌ریزی | L72: 1405/3/10 | M72: جهت اطلاع | U72: =IF(B72="","",IF(OR(P72<>"",I72="می‌باشد"),"بسته",IF(AND(L72<>"",W72=""),"خطای فرمت تاریخ ایجاد",IF(AND(H72<>"",AA72=""),"خطای فرمت مهلت",IF(AND(H72<>"",AD72<>"",TODAY()>AD72),"تاخیر",IF(L72<>"","در حال انجام","")))))) -> در حال انجام | V72: =IF(U72="تاخیر",TODAY()-AD72,IF(AND(U72="بسته",AH72<>"",AD72<>"",AH72>AD72),AH72-AD72,0)) -> 0 | W72: =IF(L72="","",VALUE(LEFT(L72,FIND("/",L72)-1))) -> 1405 | X72: =IF(L72="","",VALUE(MID(L72,FIND("/",L72)+1,FIND("/",L72,FIND("/",L72)+1)-FIND("/",L72)-1))) -> 3 | Y72: =IF(L72="","",VALUE(MID(L72,FIND("/",L72,FIND("/",L72)+1)+1,LEN(L72)-FIND("/",L72,FIND("/",L72)+1)))) -> 10 | Z72: =IF(OR(L72="",W72=""),"",IFERROR(INDEX('لیست‌ها'!$Q$3:$Q$53,MATCH(W72,'لیست‌ها'!$P$3:$P$53,0))+IF(X72<=6,(X72-1)*31+Y72,IF(X72<=11,186+(X72-7)*30+Y72,336+Y72))-1,"")) -> 46173 | AA72: =IF(H72="","",VALUE(LEFT(H72,FIND("/",H72)-1))) | AB72: =IF(H72="","",VALUE(MID(H72,FIND("/",H72)+1,FIND("/",H72,FIND("/",H72)+1)-FIND("/",H72)-1))) | AC72: =IF(H72="","",VALUE(MID(H72,FIND("/",H72,FIND("/",H72)+1)+1,LEN(H72)-FIND("/",H72,FIND("/",H72)+1)))) | AD72: =IF(OR(H72="",AA72=""),"",IFERROR(INDEX('لیست‌ها'!$Q$3:$Q$53,MATCH(AA72,'لیست‌ها'!$P$3:$P$53,0))+IF(AB72<=6,(AB72-1)*31+AC72,IF(AB72<=11,186+(AB72-7)*30+AC72,336+AC72))-1,"")) | AE72: =IF(P72="","",VALUE(LEFT(P72,FIND("/",P72)-1))) | AF72: =IF(P72="","",VALUE(MID(P72,FIND("/",P72)+1,FIND("/",P72,FIND("/",P72)+1)-FIND("/",P72)-1))) | AG72: =IF(P72="","",VALUE(MID(P72,FIND("/",P72,FIND("/",P72)+1)+1,LEN(P72)-FIND("/",P72,FIND("/",P72)+1)))) | AH72: =IF(OR(P72="",AE72=""),"",IFERROR(INDEX('لیست‌ها'!$Q$3:$Q$53,MATCH(AE72,'لیست‌ها'!$P$3:$P$53,0))+IF(AF72<=6,(AF72-1)*31+AG72,IF(AF72<=11,186+(AF72-7)*30+AG72,336+AG72))-1,"")) | AI72: =IF(W72="","",W72&"-"&TEXT(X72,"00")) -> 1405-03 | AJ72: =IF(W72="","",W72*12+X72) -> 16863 | AK72: =IF(U72="تاخیر",V72+ROW()/100000,"")
A73: =IF(B73="","",ROW()-3) -> 70 | B73: PL\05\73 | C73: اقدام اصلاحی | D73: سایر | E73: توقف خط به علت نبود منابع (یونات)... | F73: حمید بیات | G73: برنامه‌ریزی | L73: 1405/3/10 | M73: جهت اطلاع | U73: =IF(B73="","",IF(OR(P73<>"",I73="می‌باشد"),"بسته",IF(AND(L73<>"",W73=""),"خطای فرمت تاریخ ایجاد",IF(AND(H73<>"",AA73=""),"خطای فرمت مهلت",IF(AND(H73<>"",AD73<>"",TODAY()>AD73),"تاخیر",IF(L73<>"","در حال انجام","")))))) -> در حال انجام | V73: =IF(U73="تاخیر",TODAY()-AD73,IF(AND(U73="بسته",AH73<>"",AD73<>"",AH73>AD73),AH73-AD73,0)) -> 0 | W73: =IF(L73="","",VALUE(LEFT(L73,FIND("/",L73)-1))) -> 1405 | X73: =IF(L73="","",VALUE(MID(L73,FIND("/",L73)+1,FIND("/",L73,FIND("/",L73)+1)-FIND("/",L73)-1))) -> 3 | Y73: =IF(L73="","",VALUE(MID(L73,FIND("/",L73,FIND("/",L73)+1)+1,LEN(L73)-FIND("/",L73,FIND("/",L73)+1)))) -> 10 | Z73: =IF(OR(L73="",W73=""),"",IFERROR(INDEX('لیست‌ها'!$Q$3:$Q$53,MATCH(W73,'لیست‌ها'!$P$3:$P$53,0))+IF(X73<=6,(X73-1)*31+Y73,IF(X73<=11,186+(X73-7)*30+Y73,336+Y73))-1,"")) -> 46173 | AA73: =IF(H73="","",VALUE(LEFT(H73,FIND("/",H73)-1))) | AB73: =IF(H73="","",VALUE(MID(H73,FIND("/",H73)+1,FIND("/",H73,FIND("/",H73)+1)-FIND("/",H73)-1))) | AC73: =IF(H73="","",VALUE(MID(H73,FIND("/",H73,FIND("/",H73)+1)+1,LEN(H73)-FIND("/",H73,FIND("/",H73)+1)))) | AD73: =IF(OR(H73="",AA73=""),"",IFERROR(INDEX('لیست‌ها'!$Q$3:$Q$53,MATCH(AA73,'لیست‌ها'!$P$3:$P$53,0))+IF(AB73<=6,(AB73-1)*31+AC73,IF(AB73<=11,186+(AB73-7)*30+AC73,336+AC73))-1,"")) | AE73: =IF(P73="","",VALUE(LEFT(P73,FIND("/",P73)-1))) | AF73: =IF(P73="","",VALUE(MID(P73,FIND("/",P73)+1,FIND("/",P73,FIND("/",P73)+1)-FIND("/",P73)-1))) | AG73: =IF(P73="","",VALUE(MID(P73,FIND("/",P73,FIND("/",P73)+1)+1,LEN(P73)-FIND("/",P73,FIND("/",P73)+1)))) | AH73: =IF(OR(P73="",AE73=""),"",IFERROR(INDEX('لیست‌ها'!$Q$3:$Q$53,MATCH(AE73,'لیست‌ها'!$P$3:$P$53,0))+IF(AF73<=6,(AF73-1)*31+AG73,IF(AF73<=11,186+(AF73-7)*30+AG73,336+AG73))-1,"")) | AI73: =IF(W73="","",W73&"-"&TEXT(X73,"00")) -> 1405-03 | AJ73: =IF(W73="","",W73*12+X73) -> 16863 | AK73: =IF(U73="تاخیر",V73+ROW()/100000,"")
A74: =IF(B74="","",ROW()-3) -> 71 | B74: PL\05\74 | C74: اقدام اصلاحی | D74: سایر | E74: انحراف از برنامه تولید محصول سمند... | F74: حمید بیات | G74: برنامه‌ریزی | L74: 1405/3/10 | M74: جهت اطلاع | U74: =IF(B74="","",IF(OR(P74<>"",I74="می‌باشد"),"بسته",IF(AND(L74<>"",W74=""),"خطای فرمت تاریخ ایجاد",IF(AND(H74<>"",AA74=""),"خطای فرمت مهلت",IF(AND(H74<>"",AD74<>"",TODAY()>AD74),"تاخیر",IF(L74<>"","در حال انجام","")))))) -> در حال انجام | V74: =IF(U74="تاخیر",TODAY()-AD74,IF(AND(U74="بسته",AH74<>"",AD74<>"",AH74>AD74),AH74-AD74,0)) -> 0 | W74: =IF(L74="","",VALUE(LEFT(L74,FIND("/",L74)-1))) -> 1405 | X74: =IF(L74="","",VALUE(MID(L74,FIND("/",L74)+1,FIND("/",L74,FIND("/",L74)+1)-FIND("/",L74)-1))) -> 3 | Y74: =IF(L74="","",VALUE(MID(L74,FIND("/",L74,FIND("/",L74)+1)+1,LEN(L74)-FIND("/",L74,FIND("/",L74)+1)))) -> 10 | Z74: =IF(OR(L74="",W74=""),"",IFERROR(INDEX('لیست‌ها'!$Q$3:$Q$53,MATCH(W74,'لیست‌ها'!$P$3:$P$53,0))+IF(X74<=6,(X74-1)*31+Y74,IF(X74<=11,186+(X74-7)*30+Y74,336+Y74))-1,"")) -> 46173 | AA74: =IF(H74="","",VALUE(LEFT(H74,FIND("/",H74)-1))) | AB74: =IF(H74="","",VALUE(MID(H74,FIND("/",H74)+1,FIND("/",H74,FIND("/",H74)+1)-FIND("/",H74)-1))) | AC74: =IF(H74="","",VALUE(MID(H74,FIND("/",H74,FIND("/",H74)+1)+1,LEN(H74)-FIND("/",H74,FIND("/",H74)+1)))) | AD74: =IF(OR(H74="",AA74=""),"",IFERROR(INDEX('لیست‌ها'!$Q$3:$Q$53,MATCH(AA74,'لیست‌ها'!$P$3:$P$53,0))+IF(AB74<=6,(AB74-1)*31+AC74,IF(AB74<=11,186+(AB74-7)*30+AC74,336+AC74))-1,"")) | AE74: =IF(P74="","",VALUE(LEFT(P74,FIND("/",P74)-1))) | AF74: =IF(P74="","",VALUE(MID(P74,FIND("/",P74)+1,FIND("/",P74,FIND("/",P74)+1)-FIND("/",P74)-1))) | AG74: =IF(P74="","",VALUE(MID(P74,FIND("/",P74,FIND("/",P74)+1)+1,LEN(P74)-FIND("/",P74,FIND("/",P74)+1)))) | AH74: =IF(OR(P74="",AE74=""),"",IFERROR(INDEX('لیست‌ها'!$Q$3:$Q$53,MATCH(AE74,'لیست‌ها'!$P$3:$P$53,0))+IF(AF74<=6,(AF74-1)*31+AG74,IF(AF74<=11,186+(AF74-7)*30+AG74,336+AG74))-1,"")) | AI74: =IF(W74="","",W74&"-"&TEXT(X74,"00")) -> 1405-03 | AJ74: =IF(W74="","",W74*12+X74) -> 16863 | AK74: =IF(U74="تاخیر",V74+ROW()/100000,"")
A75: =IF(B75="","",ROW()-3) -> 72 | B75: SALE\05\75 | C75: اقدام اصلاحی | D75: کلیم | E75: کلیم 10 قطعه سینی فن سمند در سایت ف... | F75: میلاد زارع | G75: بازرسی آزمون | H75: 1405/4/10 | I75: می‌باشد | L75: 1405/3/11 | M75: جهت اطلاع | U75: =IF(B75="","",IF(OR(P75<>"",I75="می‌باشد"),"بسته",IF(AND(L75<>"",W75=""),"خطای فرمت تاریخ ایجاد",IF(AND(H75<>"",AA75=""),"خطای فرمت مهلت",IF(AND(H75<>"",AD75<>"",TODAY()>AD75),"تاخیر",IF(L75<>"","در حال انجام","")))))) -> بسته | V75: =IF(U75="تاخیر",TODAY()-AD75,IF(AND(U75="بسته",AH75<>"",AD75<>"",AH75>AD75),AH75-AD75,0)) -> 0 | W75: =IF(L75="","",VALUE(LEFT(L75,FIND("/",L75)-1))) -> 1405 | X75: =IF(L75="","",VALUE(MID(L75,FIND("/",L75)+1,FIND("/",L75,FIND("/",L75)+1)-FIND("/",L75)-1))) -> 3 | Y75: =IF(L75="","",VALUE(MID(L75,FIND("/",L75,FIND("/",L75)+1)+1,LEN(L75)-FIND("/",L75,FIND("/",L75)+1)))) -> 11 | Z75: =IF(OR(L75="",W75=""),"",IFERROR(INDEX('لیست‌ها'!$Q$3:$Q$53,MATCH(W75,'لیست‌ها'!$P$3:$P$53,0))+IF(X75<=6,(X75-1)*31+Y75,IF(X75<=11,186+(X75-7)*30+Y75,336+Y75))-1,"")) -> 46174 | AA75: =IF(H75="","",VALUE(LEFT(H75,FIND("/",H75)-1))) -> 1405 | AB75: =IF(H75="","",VALUE(MID(H75,FIND("/",H75)+1,FIND("/",H75,FIND("/",H75)+1)-FIND("/",H75)-1))) -> 4 | AC75: =IF(H75="","",VALUE(MID(H75,FIND("/",H75,FIND("/",H75)+1)+1,LEN(H75)-FIND("/",H75,FIND("/",H75)+1)))) -> 10 | AD75: =IF(OR(H75="",AA75=""),"",IFERROR(INDEX('لیست‌ها'!$Q$3:$Q$53,MATCH(AA75,'لیست‌ها'!$P$3:$P$53,0))+IF(AB75<=6,(AB75-1)*31+AC75,IF(AB75<=11,186+(AB75-7)*30+AC75,336+AC75))-1,"")) -> 46204 | AE75: =IF(P75="","",VALUE(LEFT(P75,FIND("/",P75)-1))) | AF75: =IF(P75="","",VALUE(MID(P75,FIND("/",P75)+1,FIND("/",P75,FIND("/",P75)+1)-FIND("/",P75)-1))) | AG75: =IF(P75="","",VALUE(MID(P75,FIND("/",P75,FIND("/",P75)+1)+1,LEN(P75)-FIND("/",P75,FIND("/",P75)+1)))) | AH75: =IF(OR(P75="",AE75=""),"",IFERROR(INDEX('لیست‌ها'!$Q$3:$Q$53,MATCH(AE75,'لیست‌ها'!$P$3:$P$53,0))+IF(AF75<=6,(AF75-1)*31+AG75,IF(AF75<=11,186+(AF75-7)*30+AG75,336+AG75))-1,"")) | AI75: =IF(W75="","",W75&"-"&TEXT(X75,"00")) -> 1405-03 | AJ75: =IF(W75="","",W75*12+X75) -> 16863 | AK75: =IF(U75="تاخیر",V75+ROW()/100000,"")
A76: =IF(B76="","",ROW()-3) -> 73 | B76: SALE\05\77 | C76: اقدام اصلاحی | D76: کلیم | E76: کلیم 1 قطعه سینی دنا پلاس توربو در... | F76: میلاد زارع | G76: بازرسی آزمون | H76: 1405/4/10 | I76: می‌باشد | L76: 1405/3/12 | M76: جهت اطلاع | U76: =IF(B76="","",IF(OR(P76<>"",I76="می‌باشد"),"بسته",IF(AND(L76<>"",W76=""),"خطای فرمت تاریخ ایجاد",IF(AND(H76<>"",AA76=""),"خطای فرمت مهلت",IF(AND(H76<>"",AD76<>"",TODAY()>AD76),"تاخیر",IF(L76<>"","در حال انجام","")))))) -> بسته | V76: =IF(U76="تاخیر",TODAY()-AD76,IF(AND(U76="بسته",AH76<>"",AD76<>"",AH76>AD76),AH76-AD76,0)) -> 0 | W76: =IF(L76="","",VALUE(LEFT(L76,FIND("/",L76)-1))) -> 1405 | X76: =IF(L76="","",VALUE(MID(L76,FIND("/",L76)+1,FIND("/",L76,FIND("/",L76)+1)-FIND("/",L76)-1))) -> 3 | Y76: =IF(L76="","",VALUE(MID(L76,FIND("/",L76,FIND("/",L76)+1)+1,LEN(L76)-FIND("/",L76,FIND("/",L76)+1)))) -> 12 | Z76: =IF(OR(L76="",W76=""),"",IFERROR(INDEX('لیست‌ها'!$Q$3:$Q$53,MATCH(W76,'لیست‌ها'!$P$3:$P$53,0))+IF(X76<=6,(X76-1)*31+Y76,IF(X76<=11,186+(X76-7)*30+Y76,336+Y76))-1,"")) -> 46175 | AA76: =IF(H76="","",VALUE(LEFT(H76,FIND("/",H76)-1))) -> 1405 | AB76: =IF(H76="","",VALUE(MID(H76,FIND("/",H76)+1,FIND("/",H76,FIND("/",H76)+1)-FIND("/",H76)-1))) -> 4 | AC76: =IF(H76="","",VALUE(MID(H76,FIND("/",H76,FIND("/",H76)+1)+1,LEN(H76)-FIND("/",H76,FIND("/",H76)+1)))) -> 10 | AD76: =IF(OR(H76="",AA76=""),"",IFERROR(INDEX('لیست‌ها'!$Q$3:$Q$53,MATCH(AA76,'لیست‌ها'!$P$3:$P$53,0))+IF(AB76<=6,(AB76-1)*31+AC76,IF(AB76<=11,186+(AB76-7)*30+AC76,336+AC76))-1,"")) -> 46204 | AE76: =IF(P76="","",VALUE(LEFT(P76,FIND("/",P76)-1))) | AF76: =IF(P76="","",VALUE(MID(P76,FIND("/",P76)+1,FIND("/",P76,FIND("/",P76)+1)-FIND("/",P76)-1))) | AG76: =IF(P76="","",VALUE(MID(P76,FIND("/",P76,FIND("/",P76)+1)+1,LEN(P76)-FIND("/",P76,FIND("/",P76)+1)))) | AH76: =IF(OR(P76="",AE76=""),"",IFERROR(INDEX('لیست‌ها'!$Q$3:$Q$53,MATCH(AE76,'لیست‌ها'!$P$3:$P$53,0))+IF(AF76<=6,(AF76-1)*31+AG76,IF(AF76<=11,186+(AF76-7)*30+AG76,336+AG76))-1,"")) | AI76: =IF(W76="","",W76&"-"&TEXT(X76,"00")) -> 1405-03 | AJ76: =IF(W76="","",W76*12+X76) -> 16863 | AK76: =IF(U76="تاخیر",V76+ROW()/100000,"")
A77: =IF(B77="","",ROW()-3) -> 74 | B77: SALE\05\78 | C77: اقدام اصلاحی | D77: کلیم | E77: کلیم 1 قطعه سینی فن سمند در سایت ما... | F77: میلاد زارع | G77: بازرسی آزمون | H77: 1405/4/10 | I77: می‌باشد | L77: 1405/3/13 | M77: جهت اطلاع | U77: =IF(B77="","",IF(OR(P77<>"",I77="می‌باشد"),"بسته",IF(AND(L77<>"",W77=""),"خطای فرمت تاریخ ایجاد",IF(AND(H77<>"",AA77=""),"خطای فرمت مهلت",IF(AND(H77<>"",AD77<>"",TODAY()>AD77),"تاخیر",IF(L77<>"","در حال انجام","")))))) -> بسته | V77: =IF(U77="تاخیر",TODAY()-AD77,IF(AND(U77="بسته",AH77<>"",AD77<>"",AH77>AD77),AH77-AD77,0)) -> 0 | W77: =IF(L77="","",VALUE(LEFT(L77,FIND("/",L77)-1))) -> 1405 | X77: =IF(L77="","",VALUE(MID(L77,FIND("/",L77)+1,FIND("/",L77,FIND("/",L77)+1)-FIND("/",L77)-1))) -> 3 | Y77: =IF(L77="","",VALUE(MID(L77,FIND("/",L77,FIND("/",L77)+1)+1,LEN(L77)-FIND("/",L77,FIND("/",L77)+1)))) -> 13 | Z77: =IF(OR(L77="",W77=""),"",IFERROR(INDEX('لیست‌ها'!$Q$3:$Q$53,MATCH(W77,'لیست‌ها'!$P$3:$P$53,0))+IF(X77<=6,(X77-1)*31+Y77,IF(X77<=11,186+(X77-7)*30+Y77,336+Y77))-1,"")) -> 46176 | AA77: =IF(H77="","",VALUE(LEFT(H77,FIND("/",H77)-1))) -> 1405 | AB77: =IF(H77="","",VALUE(MID(H77,FIND("/",H77)+1,FIND("/",H77,FIND("/",H77)+1)-FIND("/",H77)-1))) -> 4 | AC77: =IF(H77="","",VALUE(MID(H77,FIND("/",H77,FIND("/",H77)+1)+1,LEN(H77)-FIND("/",H77,FIND("/",H77)+1)))) -> 10 | AD77: =IF(OR(H77="",AA77=""),"",IFERROR(INDEX('لیست‌ها'!$Q$3:$Q$53,MATCH(AA77,'لیست‌ها'!$P$3:$P$53,0))+IF(AB77<=6,(AB77-1)*31+AC77,IF(AB77<=11,186+(AB77-7)*30+AC77,336+AC77))-1,"")) -> 46204 | AE77: =IF(P77="","",VALUE(LEFT(P77,FIND("/",P77)-1))) | AF77: =IF(P77="","",VALUE(MID(P77,FIND("/",P77)+1,FIND("/",P77,FIND("/",P77)+1)-FIND("/",P77)-1))) | AG77: =IF(P77="","",VALUE(MID(P77,FIND("/",P77,FIND("/",P77)+1)+1,LEN(P77)-FIND("/",P77,FIND("/",P77)+1)))) | AH77: =IF(OR(P77="",AE77=""),"",IFERROR(INDEX('لیست‌ها'!$Q$3:$Q$53,MATCH(AE77,'لیست‌ها'!$P$3:$P$53,0))+IF(AF77<=6,(AF77-1)*31+AG77,IF(AF77<=11,186+(AF77-7)*30+AG77,336+AG77))-1,"")) | AI77: =IF(W77="","",W77&"-"&TEXT(X77,"00")) -> 1405-03 | AJ77: =IF(W77="","",W77*12+X77) -> 16863 | AK77: =IF(U77="تاخیر",V77+ROW()/100000,"")
A78: =IF(B78="","",ROW()-3) -> 75 | B78: SALE\05\79 | C78: اقدام اصلاحی | D78: کلیم | E78: کلیم 2 قطعه سینی زیر موتور تارا (K)... | F78: میلاد زارع | G78: بازرسی آزمون | H78: 1405/4/10 | I78: می‌باشد | L78: 1405/3/13 | M78: جهت اطلاع | U78: =IF(B78="","",IF(OR(P78<>"",I78="می‌باشد"),"بسته",IF(AND(L78<>"",W78=""),"خطای فرمت تاریخ ایجاد",IF(AND(H78<>"",AA78=""),"خطای فرمت مهلت",IF(AND(H78<>"",AD78<>"",TODAY()>AD78),"تاخیر",IF(L78<>"","در حال انجام","")))))) -> بسته | V78: =IF(U78="تاخیر",TODAY()-AD78,IF(AND(U78="بسته",AH78<>"",AD78<>"",AH78>AD78),AH78-AD78,0)) -> 0 | W78: =IF(L78="","",VALUE(LEFT(L78,FIND("/",L78)-1))) -> 1405 | X78: =IF(L78="","",VALUE(MID(L78,FIND("/",L78)+1,FIND("/",L78,FIND("/",L78)+1)-FIND("/",L78)-1))) -> 3 | Y78: =IF(L78="","",VALUE(MID(L78,FIND("/",L78,FIND("/",L78)+1)+1,LEN(L78)-FIND("/",L78,FIND("/",L78)+1)))) -> 13 | Z78: =IF(OR(L78="",W78=""),"",IFERROR(INDEX('لیست‌ها'!$Q$3:$Q$53,MATCH(W78,'لیست‌ها'!$P$3:$P$53,0))+IF(X78<=6,(X78-1)*31+Y78,IF(X78<=11,186+(X78-7)*30+Y78,336+Y78))-1,"")) -> 46176 | AA78: =IF(H78="","",VALUE(LEFT(H78,FIND("/",H78)-1))) -> 1405 | AB78: =IF(H78="","",VALUE(MID(H78,FIND("/",H78)+1,FIND("/",H78,FIND("/",H78)+1)-FIND("/",H78)-1))) -> 4 | AC78: =IF(H78="","",VALUE(MID(H78,FIND("/",H78,FIND("/",H78)+1)+1,LEN(H78)-FIND("/",H78,FIND("/",H78)+1)))) -> 10 | AD78: =IF(OR(H78="",AA78=""),"",IFERROR(INDEX('لیست‌ها'!$Q$3:$Q$53,MATCH(AA78,'لیست‌ها'!$P$3:$P$53,0))+IF(AB78<=6,(AB78-1)*31+AC78,IF(AB78<=11,186+(AB78-7)*30+AC78,336+AC78))-1,"")) -> 46204 | AE78: =IF(P78="","",VALUE(LEFT(P78,FIND("/",P78)-1))) | AF78: =IF(P78="","",VALUE(MID(P78,FIND("/",P78)+1,FIND("/",P78,FIND("/",P78)+1)-FIND("/",P78)-1))) | AG78: =IF(P78="","",VALUE(MID(P78,FIND("/",P78,FIND("/",P78)+1)+1,LEN(P78)-FIND("/",P78,FIND("/",P78)+1)))) | AH78: =IF(OR(P78="",AE78=""),"",IFERROR(INDEX('لیست‌ها'!$Q$3:$Q$53,MATCH(AE78,'لیست‌ها'!$P$3:$P$53,0))+IF(AF78<=6,(AF78-1)*31+AG78,IF(AF78<=11,186+(AF78-7)*30+AG78,336+AG78))-1,"")) | AI78: =IF(W78="","",W78&"-"&TEXT(X78,"00")) -> 1405-03 | AJ78: =IF(W78="","",W78*12+X78) -> 16863 | AK78: =IF(U78="تاخیر",V78+ROW()/100000,"")
A79: =IF(B79="","",ROW()-3) -> 76 | B79: SALE\05\80 | C79: اقدام اصلاحی | D79: کلیم | E79: کلیم 2 قطعه سینی فن سمند در سایت کر... | F79: میلاد زارع | G79: بازرسی آزمون | H79: 1405/5/7 | I79: می‌باشد | L79: 1405/3/17 | M79: جهت اطلاع | U79: =IF(B79="","",IF(OR(P79<>"",I79="می‌باشد"),"بسته",IF(AND(L79<>"",W79=""),"خطای فرمت تاریخ ایجاد",IF(AND(H79<>"",AA79=""),"خطای فرمت مهلت",IF(AND(H79<>"",AD79<>"",TODAY()>AD79),"تاخیر",IF(L79<>"","در حال انجام","")))))) -> بسته | V79: =IF(U79="تاخیر",TODAY()-AD79,IF(AND(U79="بسته",AH79<>"",AD79<>"",AH79>AD79),AH79-AD79,0)) -> 0 | W79: =IF(L79="","",VALUE(LEFT(L79,FIND("/",L79)-1))) -> 1405 | X79: =IF(L79="","",VALUE(MID(L79,FIND("/",L79)+1,FIND("/",L79,FIND("/",L79)+1)-FIND("/",L79)-1))) -> 3 | Y79: =IF(L79="","",VALUE(MID(L79,FIND("/",L79,FIND("/",L79)+1)+1,LEN(L79)-FIND("/",L79,FIND("/",L79)+1)))) -> 17 | Z79: =IF(OR(L79="",W79=""),"",IFERROR(INDEX('لیست‌ها'!$Q$3:$Q$53,MATCH(W79,'لیست‌ها'!$P$3:$P$53,0))+IF(X79<=6,(X79-1)*31+Y79,IF(X79<=11,186+(X79-7)*30+Y79,336+Y79))-1,"")) -> 46180 | AA79: =IF(H79="","",VALUE(LEFT(H79,FIND("/",H79)-1))) -> 1405 | AB79: =IF(H79="","",VALUE(MID(H79,FIND("/",H79)+1,FIND("/",H79,FIND("/",H79)+1)-FIND("/",H79)-1))) -> 5 | AC79: =IF(H79="","",VALUE(MID(H79,FIND("/",H79,FIND("/",H79)+1)+1,LEN(H79)-FIND("/",H79,FIND("/",H79)+1)))) -> 7 | AD79: =IF(OR(H79="",AA79=""),"",IFERROR(INDEX('لیست‌ها'!$Q$3:$Q$53,MATCH(AA79,'لیست‌ها'!$P$3:$P$53,0))+IF(AB79<=6,(AB79-1)*31+AC79,IF(AB79<=11,186+(AB79-7)*30+AC79,336+AC79))-1,"")) -> 46232 | AE79: =IF(P79="","",VALUE(LEFT(P79,FIND("/",P79)-1))) | AF79: =IF(P79="","",VALUE(MID(P79,FIND("/",P79)+1,FIND("/",P79,FIND("/",P79)+1)-FIND("/",P79)-1))) | AG79: =IF(P79="","",VALUE(MID(P79,FIND("/",P79,FIND("/",P79)+1)+1,LEN(P79)-FIND("/",P79,FIND("/",P79)+1)))) | AH79: =IF(OR(P79="",AE79=""),"",IFERROR(INDEX('لیست‌ها'!$Q$3:$Q$53,MATCH(AE79,'لیست‌ها'!$P$3:$P$53,0))+IF(AF79<=6,(AF79-1)*31+AG79,IF(AF79<=11,186+(AF79-7)*30+AG79,336+AG79))-1,"")) | AI79: =IF(W79="","",W79&"-"&TEXT(X79,"00")) -> 1405-03 | AJ79: =IF(W79="","",W79*12+X79) -> 16863 | AK79: =IF(U79="تاخیر",V79+ROW()/100000,"")
A80: =IF(B80="","",ROW()-3) -> 77 | B80: SALE\05\81 | C80: اقدام اصلاحی | D80: کلیم | E80: کلیم 1 قطعه سینی فن سمند در سایت فا... | F80: میلاد زارع | G80: بازرسی آزمون | H80: 1405/5/7 | I80: می‌باشد | L80: 1405/3/17 | M80: جهت اطلاع | U80: =IF(B80="","",IF(OR(P80<>"",I80="می‌باشد"),"بسته",IF(AND(L80<>"",W80=""),"خطای فرمت تاریخ ایجاد",IF(AND(H80<>"",AA80=""),"خطای فرمت مهلت",IF(AND(H80<>"",AD80<>"",TODAY()>AD80),"تاخیر",IF(L80<>"","در حال انجام","")))))) -> بسته | V80: =IF(U80="تاخیر",TODAY()-AD80,IF(AND(U80="بسته",AH80<>"",AD80<>"",AH80>AD80),AH80-AD80,0)) -> 0 | W80: =IF(L80="","",VALUE(LEFT(L80,FIND("/",L80)-1))) -> 1405 | X80: =IF(L80="","",VALUE(MID(L80,FIND("/",L80)+1,FIND("/",L80,FIND("/",L80)+1)-FIND("/",L80)-1))) -> 3 | Y80: =IF(L80="","",VALUE(MID(L80,FIND("/",L80,FIND("/",L80)+1)+1,LEN(L80)-FIND("/",L80,FIND("/",L80)+1)))) -> 17 | Z80: =IF(OR(L80="",W80=""),"",IFERROR(INDEX('لیست‌ها'!$Q$3:$Q$53,MATCH(W80,'لیست‌ها'!$P$3:$P$53,0))+IF(X80<=6,(X80-1)*31+Y80,IF(X80<=11,186+(X80-7)*30+Y80,336+Y80))-1,"")) -> 46180 | AA80: =IF(H80="","",VALUE(LEFT(H80,FIND("/",H80)-1))) -> 1405 | AB80: =IF(H80="","",VALUE(MID(H80,FIND("/",H80)+1,FIND("/",H80,FIND("/",H80)+1)-FIND("/",H80)-1))) -> 5 | AC80: =IF(H80="","",VALUE(MID(H80,FIND("/",H80,FIND("/",H80)+1)+1,LEN(H80)-FIND("/",H80,FIND("/",H80)+1)))) -> 7 | AD80: =IF(OR(H80="",AA80=""),"",IFERROR(INDEX('لیست‌ها'!$Q$3:$Q$53,MATCH(AA80,'لیست‌ها'!$P$3:$P$53,0))+IF(AB80<=6,(AB80-1)*31+AC80,IF(AB80<=11,186+(AB80-7)*30+AC80,336+AC80))-1,"")) -> 46232 | AE80: =IF(P80="","",VALUE(LEFT(P80,FIND("/",P80)-1))) | AF80: =IF(P80="","",VALUE(MID(P80,FIND("/",P80)+1,FIND("/",P80,FIND("/",P80)+1)-FIND("/",P80)-1))) | AG80: =IF(P80="","",VALUE(MID(P80,FIND("/",P80,FIND("/",P80)+1)+1,LEN(P80)-FIND("/",P80,FIND("/",P80)+1)))) | AH80: =IF(OR(P80="",AE80=""),"",IFERROR(INDEX('لیست‌ها'!$Q$3:$Q$53,MATCH(AE80,'لیست‌ها'!$P$3:$P$53,0))+IF(AF80<=6,(AF80-1)*31+AG80,IF(AF80<=11,186+(AF80-7)*30+AG80,336+AG80))-1,"")) | AI80: =IF(W80="","",W80&"-"&TEXT(X80,"00")) -> 1405-03 | AJ80: =IF(W80="","",W80*12+X80) -> 16863 | AK80: =IF(U80="تاخیر",V80+ROW()/100000,"")
A81: =IF(B81="","",ROW()-3) -> 78 | B81: SALE\05\82 | C81: اقدام اصلاحی | D81: کلیم | E81: کلیم 1 قطعه سینی فن سمند در سایت کر... | F81: میلاد زارع | G81: بازرسی آزمون | H81: 1405/5/7 | I81: می‌باشد | L81: 1405/3/20 | M81: جهت اطلاع | U81: =IF(B81="","",IF(OR(P81<>"",I81="می‌باشد"),"بسته",IF(AND(L81<>"",W81=""),"خطای فرمت تاریخ ایجاد",IF(AND(H81<>"",AA81=""),"خطای فرمت مهلت",IF(AND(H81<>"",AD81<>"",TODAY()>AD81),"تاخیر",IF(L81<>"","در حال انجام","")))))) -> بسته | V81: =IF(U81="تاخیر",TODAY()-AD81,IF(AND(U81="بسته",AH81<>"",AD81<>"",AH81>AD81),AH81-AD81,0)) -> 0 | W81: =IF(L81="","",VALUE(LEFT(L81,FIND("/",L81)-1))) -> 1405 | X81: =IF(L81="","",VALUE(MID(L81,FIND("/",L81)+1,FIND("/",L81,FIND("/",L81)+1)-FIND("/",L81)-1))) -> 3 | Y81: =IF(L81="","",VALUE(MID(L81,FIND("/",L81,FIND("/",L81)+1)+1,LEN(L81)-FIND("/",L81,FIND("/",L81)+1)))) -> 20 | Z81: =IF(OR(L81="",W81=""),"",IFERROR(INDEX('لیست‌ها'!$Q$3:$Q$53,MATCH(W81,'لیست‌ها'!$P$3:$P$53,0))+IF(X81<=6,(X81-1)*31+Y81,IF(X81<=11,186+(X81-7)*30+Y81,336+Y81))-1,"")) -> 46183 | AA81: =IF(H81="","",VALUE(LEFT(H81,FIND("/",H81)-1))) -> 1405 | AB81: =IF(H81="","",VALUE(MID(H81,FIND("/",H81)+1,FIND("/",H81,FIND("/",H81)+1)-FIND("/",H81)-1))) -> 5 | AC81: =IF(H81="","",VALUE(MID(H81,FIND("/",H81,FIND("/",H81)+1)+1,LEN(H81)-FIND("/",H81,FIND("/",H81)+1)))) -> 7 | AD81: =IF(OR(H81="",AA81=""),"",IFERROR(INDEX('لیست‌ها'!$Q$3:$Q$53,MATCH(AA81,'لیست‌ها'!$P$3:$P$53,0))+IF(AB81<=6,(AB81-1)*31+AC81,IF(AB81<=11,186+(AB81-7)*30+AC81,336+AC81))-1,"")) -> 46232 | AE81: =IF(P81="","",VALUE(LEFT(P81,FIND("/",P81)-1))) | AF81: =IF(P81="","",VALUE(MID(P81,FIND("/",P81)+1,FIND("/",P81,FIND("/",P81)+1)-FIND("/",P81)-1))) | AG81: =IF(P81="","",VALUE(MID(P81,FIND("/",P81,FIND("/",P81)+1)+1,LEN(P81)-FIND("/",P81,FIND("/",P81)+1)))) | AH81: =IF(OR(P81="",AE81=""),"",IFERROR(INDEX('لیست‌ها'!$Q$3:$Q$53,MATCH(AE81,'لیست‌ها'!$P$3:$P$53,0))+IF(AF81<=6,(AF81-1)*31+AG81,IF(AF81<=11,186+(AF81-7)*30+AG81,336+AG81))-1,"")) | AI81: =IF(W81="","",W81&"-"&TEXT(X81,"00")) -> 1405-03 | AJ81: =IF(W81="","",W81*12+X81) -> 16863 | AK81: =IF(U81="تاخیر",V81+ROW()/100000,"")
A82: =IF(B82="","",ROW()-3) -> 79 | B82: SALE\05\83 | C82: اقدام اصلاحی | D82: کلیم | E82: کلیم 1 قطعه سینی زیر موتور نگهدارنده... | F82: میلاد زارع | G82: بازرسی آزمون | H82: 1405/5/7 | I82: می‌باشد | L82: 1405/3/20 | M82: جهت اطلاع | U82: =IF(B82="","",IF(OR(P82<>"",I82="می‌باشد"),"بسته",IF(AND(L82<>"",W82=""),"خطای فرمت تاریخ ایجاد",IF(AND(H82<>"",AA82=""),"خطای فرمت مهلت",IF(AND(H82<>"",AD82<>"",TODAY()>AD82),"تاخیر",IF(L82<>"","در حال انجام","")))))) -> بسته | V82: =IF(U82="تاخیر",TODAY()-AD82,IF(AND(U82="بسته",AH82<>"",AD82<>"",AH82>AD82),AH82-AD82,0)) -> 0 | W82: =IF(L82="","",VALUE(LEFT(L82,FIND("/",L82)-1))) -> 1405 | X82: =IF(L82="","",VALUE(MID(L82,FIND("/",L82)+1,FIND("/",L82,FIND("/",L82)+1)-FIND("/",L82)-1))) -> 3 | Y82: =IF(L82="","",VALUE(MID(L82,FIND("/",L82,FIND("/",L82)+1)+1,LEN(L82)-FIND("/",L82,FIND("/",L82)+1)))) -> 20 | Z82: =IF(OR(L82="",W82=""),"",IFERROR(INDEX('لیست‌ها'!$Q$3:$Q$53,MATCH(W82,'لیست‌ها'!$P$3:$P$53,0))+IF(X82<=6,(X82-1)*31+Y82,IF(X82<=11,186+(X82-7)*30+Y82,336+Y82))-1,"")) -> 46183 | AA82: =IF(H82="","",VALUE(LEFT(H82,FIND("/",H82)-1))) -> 1405 | AB82: =IF(H82="","",VALUE(MID(H82,FIND("/",H82)+1,FIND("/",H82,FIND("/",H82)+1)-FIND("/",H82)-1))) -> 5 | AC82: =IF(H82="","",VALUE(MID(H82,FIND("/",H82,FIND("/",H82)+1)+1,LEN(H82)-FIND("/",H82,FIND("/",H82)+1)))) -> 7 | AD82: =IF(OR(H82="",AA82=""),"",IFERROR(INDEX('لیست‌ها'!$Q$3:$Q$53,MATCH(AA82,'لیست‌ها'!$P$3:$P$53,0))+IF(AB82<=6,(AB82-1)*31+AC82,IF(AB82<=11,186+(AB82-7)*30+AC82,336+AC82))-1,"")) -> 46232 | AE82: =IF(P82="","",VALUE(LEFT(P82,FIND("/",P82)-1))) | AF82: =IF(P82="","",VALUE(MID(P82,FIND("/",P82)+1,FIND("/",P82,FIND("/",P82)+1)-FIND("/",P82)-1))) | AG82: =IF(P82="","",VALUE(MID(P82,FIND("/",P82,FIND("/",P82)+1)+1,LEN(P82)-FIND("/",P82,FIND("/",P82)+1)))) | AH82: =IF(OR(P82="",AE82=""),"",IFERROR(INDEX('لیست‌ها'!$Q$3:$Q$53,MATCH(AE82,'لیست‌ها'!$P$3:$P$53,0))+IF(AF82<=6,(AF82-1)*31+AG82,IF(AF82<=11,186+(AF82-7)*30+AG82,336+AG82))-1,"")) | AI82: =IF(W82="","",W82&"-"&TEXT(X82,"00")) -> 1405-03 | AJ82: =IF(W82="","",W82*12+X82) -> 16863 | AK82: =IF(U82="تاخیر",V82+ROW()/100000,"")
A83: =IF(B83="","",ROW()-3) -> 80 | B83: SALE\05\84 | C83: اقدام اصلاحی | D83: کلیم | E83: کلیم 1 قطعه سینی زیرموتور رک را در... | F83: میلاد زارع | G83: بازرسی آزمون | H83: 1405/5/7 | I83: می‌باشد | L83: 1405/3/20 | M83: جهت اطلاع | U83: =IF(B83="","",IF(OR(P83<>"",I83="می‌باشد"),"بسته",IF(AND(L83<>"",W83=""),"خطای فرمت تاریخ ایجاد",IF(AND(H83<>"",AA83=""),"خطای فرمت مهلت",IF(AND(H83<>"",AD83<>"",TODAY()>AD83),"تاخیر",IF(L83<>"","در حال انجام","")))))) -> بسته | V83: =IF(U83="تاخیر",TODAY()-AD83,IF(AND(U83="بسته",AH83<>"",AD83<>"",AH83>AD83),AH83-AD83,0)) -> 0 | W83: =IF(L83="","",VALUE(LEFT(L83,FIND("/",L83)-1))) -> 1405 | X83: =IF(L83="","",VALUE(MID(L83,FIND("/",L83)+1,FIND("/",L83,FIND("/",L83)+1)-FIND("/",L83)-1))) -> 3 | Y83: =IF(L83="","",VALUE(MID(L83,FIND("/",L83,FIND("/",L83)+1)+1,LEN(L83)-FIND("/",L83,FIND("/",L83)+1)))) -> 20 | Z83: =IF(OR(L83="",W83=""),"",IFERROR(INDEX('لیست‌ها'!$Q$3:$Q$53,MATCH(W83,'لیست‌ها'!$P$3:$P$53,0))+IF(X83<=6,(X83-1)*31+Y83,IF(X83<=11,186+(X83-7)*30+Y83,336+Y83))-1,"")) -> 46183 | AA83: =IF(H83="","",VALUE(LEFT(H83,FIND("/",H83)-1))) -> 1405 | AB83: =IF(H83="","",VALUE(MID(H83,FIND("/",H83)+1,FIND("/",H83,FIND("/",H83)+1)-FIND("/",H83)-1))) -> 5 | AC83: =IF(H83="","",VALUE(MID(H83,FIND("/",H83,FIND("/",H83)+1)+1,LEN(H83)-FIND("/",H83,FIND("/",H83)+1)))) -> 7 | AD83: =IF(OR(H83="",AA83=""),"",IFERROR(INDEX('لیست‌ها'!$Q$3:$Q$53,MATCH(AA83,'لیست‌ها'!$P$3:$P$53,0))+IF(AB83<=6,(AB83-1)*31+AC83,IF(AB83<=11,186+(AB83-7)*30+AC83,336+AC83))-1,"")) -> 46232 | AE83: =IF(P83="","",VALUE(LEFT(P83,FIND("/",P83)-1))) | AF83: =IF(P83="","",VALUE(MID(P83,FIND("/",P83)+1,FIND("/",P83,FIND("/",P83)+1)-FIND("/",P83)-1))) | AG83: =IF(P83="","",VALUE(MID(P83,FIND("/",P83,FIND("/",P83)+1)+1,LEN(P83)-FIND("/",P83,FIND("/",P83)+1)))) | AH83: =IF(OR(P83="",AE83=""),"",IFERROR(INDEX('لیست‌ها'!$Q$3:$Q$53,MATCH(AE83,'لیست‌ها'!$P$3:$P$53,0))+IF(AF83<=6,(AF83-1)*31+AG83,IF(AF83<=11,186+(AF83-7)*30+AG83,336+AG83))-1,"")) | AI83: =IF(W83="","",W83&"-"&TEXT(X83,"00")) -> 1405-03 | AJ83: =IF(W83="","",W83*12+X83) -> 16863 | AK83: =IF(U83="تاخیر",V83+ROW()/100000,"")
A84: =IF(B84="","",ROW()-3) -> 81 | B84: SALE\05\85 | C84: اقدام اصلاحی | D84: کلیم | E84: کلیم 1 قطعه سینی فن سمند در سایت کر... | F84: میلاد زارع | G84: بازرسی آزمون | H84: 1405/5/7 | I84: می‌باشد | L84: 1405/3/23 | M84: جهت اطلاع | U84: =IF(B84="","",IF(OR(P84<>"",I84="می‌باشد"),"بسته",IF(AND(L84<>"",W84=""),"خطای فرمت تاریخ ایجاد",IF(AND(H84<>"",AA84=""),"خطای فرمت مهلت",IF(AND(H84<>"",AD84<>"",TODAY()>AD84),"تاخیر",IF(L84<>"","در حال انجام","")))))) -> بسته | V84: =IF(U84="تاخیر",TODAY()-AD84,IF(AND(U84="بسته",AH84<>"",AD84<>"",AH84>AD84),AH84-AD84,0)) -> 0 | W84: =IF(L84="","",VALUE(LEFT(L84,FIND("/",L84)-1))) -> 1405 | X84: =IF(L84="","",VALUE(MID(L84,FIND("/",L84)+1,FIND("/",L84,FIND("/",L84)+1)-FIND("/",L84)-1))) -> 3 | Y84: =IF(L84="","",VALUE(MID(L84,FIND("/",L84,FIND("/",L84)+1)+1,LEN(L84)-FIND("/",L84,FIND("/",L84)+1)))) -> 23 | Z84: =IF(OR(L84="",W84=""),"",IFERROR(INDEX('لیست‌ها'!$Q$3:$Q$53,MATCH(W84,'لیست‌ها'!$P$3:$P$53,0))+IF(X84<=6,(X84-1)*31+Y84,IF(X84<=11,186+(X84-7)*30+Y84,336+Y84))-1,"")) -> 46186 | AA84: =IF(H84="","",VALUE(LEFT(H84,FIND("/",H84)-1))) -> 1405 | AB84: =IF(H84="","",VALUE(MID(H84,FIND("/",H84)+1,FIND("/",H84,FIND("/",H84)+1)-FIND("/",H84)-1))) -> 5 | AC84: =IF(H84="","",VALUE(MID(H84,FIND("/",H84,FIND("/",H84)+1)+1,LEN(H84)-FIND("/",H84,FIND("/",H84)+1)))) -> 7 | AD84: =IF(OR(H84="",AA84=""),"",IFERROR(INDEX('لیست‌ها'!$Q$3:$Q$53,MATCH(AA84,'لیست‌ها'!$P$3:$P$53,0))+IF(AB84<=6,(AB84-1)*31+AC84,IF(AB84<=11,186+(AB84-7)*30+AC84,336+AC84))-1,"")) -> 46232 | AE84: =IF(P84="","",VALUE(LEFT(P84,FIND("/",P84)-1))) | AF84: =IF(P84="","",VALUE(MID(P84,FIND("/",P84)+1,FIND("/",P84,FIND("/",P84)+1)-FIND("/",P84)-1))) | AG84: =IF(P84="","",VALUE(MID(P84,FIND("/",P84,FIND("/",P84)+1)+1,LEN(P84)-FIND("/",P84,FIND("/",P84)+1)))) | AH84: =IF(OR(P84="",AE84=""),"",IFERROR(INDEX('لیست‌ها'!$Q$3:$Q$53,MATCH(AE84,'لیست‌ها'!$P$3:$P$53,0))+IF(AF84<=6,(AF84-1)*31+AG84,IF(AF84<=11,186+(AF84-7)*30+AG84,336+AG84))-1,"")) | AI84: =IF(W84="","",W84&"-"&TEXT(X84,"00")) -> 1405-03 | AJ84: =IF(W84="","",W84*12+X84) -> 16863 | AK84: =IF(U84="تاخیر",V84+ROW()/100000,"")
A85: =IF(B85="","",ROW()-3) -> 82 | B85: SALE\05\86 | C85: اقدام اصلاحی | D85: کلیم | E85: کلیم 4 قطعه سینی زیر موتور تارا (K)... | F85: میلاد زارع | G85: بازرسی آزمون | H85: 1405/5/31 | I85: می‌باشد | L85: 1405/3/24 | M85: جهت اطلاع | U85: =IF(B85="","",IF(OR(P85<>"",I85="می‌باشد"),"بسته",IF(AND(L85<>"",W85=""),"خطای فرمت تاریخ ایجاد",IF(AND(H85<>"",AA85=""),"خطای فرمت مهلت",IF(AND(H85<>"",AD85<>"",TODAY()>AD85),"تاخیر",IF(L85<>"","در حال انجام","")))))) -> بسته | V85: =IF(U85="تاخیر",TODAY()-AD85,IF(AND(U85="بسته",AH85<>"",AD85<>"",AH85>AD85),AH85-AD85,0)) -> 0 | W85: =IF(L85="","",VALUE(LEFT(L85,FIND("/",L85)-1))) -> 1405 | X85: =IF(L85="","",VALUE(MID(L85,FIND("/",L85)+1,FIND("/",L85,FIND("/",L85)+1)-FIND("/",L85)-1))) -> 3 | Y85: =IF(L85="","",VALUE(MID(L85,FIND("/",L85,FIND("/",L85)+1)+1,LEN(L85)-FIND("/",L85,FIND("/",L85)+1)))) -> 24 | Z85: =IF(OR(L85="",W85=""),"",IFERROR(INDEX('لیست‌ها'!$Q$3:$Q$53,MATCH(W85,'لیست‌ها'!$P$3:$P$53,0))+IF(X85<=6,(X85-1)*31+Y85,IF(X85<=11,186+(X85-7)*30+Y85,336+Y85))-1,"")) -> 46187 | AA85: =IF(H85="","",VALUE(LEFT(H85,FIND("/",H85)-1))) -> 1405 | AB85: =IF(H85="","",VALUE(MID(H85,FIND("/",H85)+1,FIND("/",H85,FIND("/",H85)+1)-FIND("/",H85)-1))) -> 5 | AC85: =IF(H85="","",VALUE(MID(H85,FIND("/",H85,FIND("/",H85)+1)+1,LEN(H85)-FIND("/",H85,FIND("/",H85)+1)))) -> 31 | AD85: =IF(OR(H85="",AA85=""),"",IFERROR(INDEX('لیست‌ها'!$Q$3:$Q$53,MATCH(AA85,'لیست‌ها'!$P$3:$P$53,0))+IF(AB85<=6,(AB85-1)*31+AC85,IF(AB85<=11,186+(AB85-7)*30+AC85,336+AC85))-1,"")) -> 46256 | AE85: =IF(P85="","",VALUE(LEFT(P85,FIND("/",P85)-1))) | AF85: =IF(P85="","",VALUE(MID(P85,FIND("/",P85)+1,FIND("/",P85,FIND("/",P85)+1)-FIND("/",P85)-1))) | AG85: =IF(P85="","",VALUE(MID(P85,FIND("/",P85,FIND("/",P85)+1)+1,LEN(P85)-FIND("/",P85,FIND("/",P85)+1)))) | AH85: =IF(OR(P85="",AE85=""),"",IFERROR(INDEX('لیست‌ها'!$Q$3:$Q$53,MATCH(AE85,'لیست‌ها'!$P$3:$P$53,0))+IF(AF85<=6,(AF85-1)*31+AG85,IF(AF85<=11,186+(AF85-7)*30+AG85,336+AG85))-1,"")) | AI85: =IF(W85="","",W85&"-"&TEXT(X85,"00")) -> 1405-03 | AJ85: =IF(W85="","",W85*12+X85) -> 16863 | AK85: =IF(U85="تاخیر",V85+ROW()/100000,"")
A86: =IF(B86="","",ROW()-3) -> 83 | B86: SALE\05\87 | C86: اقدام اصلاحی | D86: کلیم | E86: کلیم 4 قطعه سینی فن سمند در سایت فا... | F86: میلاد زارع | G86: بازرسی آزمون | H86: 1405/5/31 | I86: می‌باشد | L86: 1405/3/25 | M86: جهت اطلاع | U86: =IF(B86="","",IF(OR(P86<>"",I86="می‌باشد"),"بسته",IF(AND(L86<>"",W86=""),"خطای فرمت تاریخ ایجاد",IF(AND(H86<>"",AA86=""),"خطای فرمت مهلت",IF(AND(H86<>"",AD86<>"",TODAY()>AD86),"تاخیر",IF(L86<>"","در حال انجام","")))))) -> بسته | V86: =IF(U86="تاخیر",TODAY()-AD86,IF(AND(U86="بسته",AH86<>"",AD86<>"",AH86>AD86),AH86-AD86,0)) -> 0 | W86: =IF(L86="","",VALUE(LEFT(L86,FIND("/",L86)-1))) -> 1405 | X86: =IF(L86="","",VALUE(MID(L86,FIND("/",L86)+1,FIND("/",L86,FIND("/",L86)+1)-FIND("/",L86)-1))) -> 3 | Y86: =IF(L86="","",VALUE(MID(L86,FIND("/",L86,FIND("/",L86)+1)+1,LEN(L86)-FIND("/",L86,FIND("/",L86)+1)))) -> 25 | Z86: =IF(OR(L86="",W86=""),"",IFERROR(INDEX('لیست‌ها'!$Q$3:$Q$53,MATCH(W86,'لیست‌ها'!$P$3:$P$53,0))+IF(X86<=6,(X86-1)*31+Y86,IF(X86<=11,186+(X86-7)*30+Y86,336+Y86))-1,"")) -> 46188 | AA86: =IF(H86="","",VALUE(LEFT(H86,FIND("/",H86)-1))) -> 1405 | AB86: =IF(H86="","",VALUE(MID(H86,FIND("/",H86)+1,FIND("/",H86,FIND("/",H86)+1)-FIND("/",H86)-1))) -> 5 | AC86: =IF(H86="","",VALUE(MID(H86,FIND("/",H86,FIND("/",H86)+1)+1,LEN(H86)-FIND("/",H86,FIND("/",H86)+1)))) -> 31 | AD86: =IF(OR(H86="",AA86=""),"",IFERROR(INDEX('لیست‌ها'!$Q$3:$Q$53,MATCH(AA86,'لیست‌ها'!$P$3:$P$53,0))+IF(AB86<=6,(AB86-1)*31+AC86,IF(AB86<=11,186+(AB86-7)*30+AC86,336+AC86))-1,"")) -> 46256 | AE86: =IF(P86="","",VALUE(LEFT(P86,FIND("/",P86)-1))) | AF86: =IF(P86="","",VALUE(MID(P86,FIND("/",P86)+1,FIND("/",P86,FIND("/",P86)+1)-FIND("/",P86)-1))) | AG86: =IF(P86="","",VALUE(MID(P86,FIND("/",P86,FIND("/",P86)+1)+1,LEN(P86)-FIND("/",P86,FIND("/",P86)+1)))) | AH86: =IF(OR(P86="",AE86=""),"",IFERROR(INDEX('لیست‌ها'!$Q$3:$Q$53,MATCH(AE86,'لیست‌ها'!$P$3:$P$53,0))+IF(AF86<=6,(AF86-1)*31+AG86,IF(AF86<=11,186+(AF86-7)*30+AG86,336+AG86))-1,"")) | AI86: =IF(W86="","",W86&"-"&TEXT(X86,"00")) -> 1405-03 | AJ86: =IF(W86="","",W86*12+X86) -> 16863 | AK86: =IF(U86="تاخیر",V86+ROW()/100000,"")
A87: =IF(B87="","",ROW()-3) -> 84 | B87: SALE\05\88 | C87: اقدام اصلاحی | D87: کلیم | E87: کلیم 1 قطعه سینی زیرموتور 206 در سا... | F87: میلاد زارع | G87: بازرسی آزمون | H87: 1405/4/31 | I87: می‌باشد | L87: 1405/3/26 | M87: جهت اطلاع | U87: =IF(B87="","",IF(OR(P87<>"",I87="می‌باشد"),"بسته",IF(AND(L87<>"",W87=""),"خطای فرمت تاریخ ایجاد",IF(AND(H87<>"",AA87=""),"خطای فرمت مهلت",IF(AND(H87<>"",AD87<>"",TODAY()>AD87),"تاخیر",IF(L87<>"","در حال انجام","")))))) -> بسته | V87: =IF(U87="تاخیر",TODAY()-AD87,IF(AND(U87="بسته",AH87<>"",AD87<>"",AH87>AD87),AH87-AD87,0)) -> 0 | W87: =IF(L87="","",VALUE(LEFT(L87,FIND("/",L87)-1))) -> 1405 | X87: =IF(L87="","",VALUE(MID(L87,FIND("/",L87)+1,FIND("/",L87,FIND("/",L87)+1)-FIND("/",L87)-1))) -> 3 | Y87: =IF(L87="","",VALUE(MID(L87,FIND("/",L87,FIND("/",L87)+1)+1,LEN(L87)-FIND("/",L87,FIND("/",L87)+1)))) -> 26 | Z87: =IF(OR(L87="",W87=""),"",IFERROR(INDEX('لیست‌ها'!$Q$3:$Q$53,MATCH(W87,'لیست‌ها'!$P$3:$P$53,0))+IF(X87<=6,(X87-1)*31+Y87,IF(X87<=11,186+(X87-7)*30+Y87,336+Y87))-1,"")) -> 46189 | AA87: =IF(H87="","",VALUE(LEFT(H87,FIND("/",H87)-1))) -> 1405 | AB87: =IF(H87="","",VALUE(MID(H87,FIND("/",H87)+1,FIND("/",H87,FIND("/",H87)+1)-FIND("/",H87)-1))) -> 4 | AC87: =IF(H87="","",VALUE(MID(H87,FIND("/",H87,FIND("/",H87)+1)+1,LEN(H87)-FIND("/",H87,FIND("/",H87)+1)))) -> 31 | AD87: =IF(OR(H87="",AA87=""),"",IFERROR(INDEX('لیست‌ها'!$Q$3:$Q$53,MATCH(AA87,'لیست‌ها'!$P$3:$P$53,0))+IF(AB87<=6,(AB87-1)*31+AC87,IF(AB87<=11,186+(AB87-7)*30+AC87,336+AC87))-1,"")) -> 46225 | AE87: =IF(P87="","",VALUE(LEFT(P87,FIND("/",P87)-1))) | AF87: =IF(P87="","",VALUE(MID(P87,FIND("/",P87)+1,FIND("/",P87,FIND("/",P87)+1)-FIND("/",P87)-1))) | AG87: =IF(P87="","",VALUE(MID(P87,FIND("/",P87,FIND("/",P87)+1)+1,LEN(P87)-FIND("/",P87,FIND("/",P87)+1)))) | AH87: =IF(OR(P87="",AE87=""),"",IFERROR(INDEX('لیست‌ها'!$Q$3:$Q$53,MATCH(AE87,'لیست‌ها'!$P$3:$P$53,0))+IF(AF87<=6,(AF87-1)*31+AG87,IF(AF87<=11,186+(AF87-7)*30+AG87,336+AG87))-1,"")) | AI87: =IF(W87="","",W87&"-"&TEXT(X87,"00")) -> 1405-03 | AJ87: =IF(W87="","",W87*12+X87) -> 16863 | AK87: =IF(U87="تاخیر",V87+ROW()/100000,"")
A88: =IF(B88="","",ROW()-3) -> 85 | B88: SALE\05\89 | C88: اقدام اصلاحی | D88: کلیم | E88: کلیم 1 قطعه سینی زیرموتور EF7 در سا... | F88: میلاد زارع | G88: بازرسی آزمون | H88: 1405/4/31 | L88: 1405/3/27 | M88: نظریه ریشه یاب | U88: =IF(B88="","",IF(OR(P88<>"",I88="می‌باشد"),"بسته",IF(AND(L88<>"",W88=""),"خطای فرمت تاریخ ایجاد",IF(AND(H88<>"",AA88=""),"خطای فرمت مهلت",IF(AND(H88<>"",AD88<>"",TODAY()>AD88),"تاخیر",IF(L88<>"","در حال انجام","")))))) -> تاخیر | V88: =IF(U88="تاخیر",TODAY()-AD88,IF(AND(U88="بسته",AH88<>"",AD88<>"",AH88>AD88),AH88-AD88,0)) -> 70 | W88: =IF(L88="","",VALUE(LEFT(L88,FIND("/",L88)-1))) -> 1405 | X88: =IF(L88="","",VALUE(MID(L88,FIND("/",L88)+1,FIND("/",L88,FIND("/",L88)+1)-FIND("/",L88)-1))) -> 3 | Y88: =IF(L88="","",VALUE(MID(L88,FIND("/",L88,FIND("/",L88)+1)+1,LEN(L88)-FIND("/",L88,FIND("/",L88)+1)))) -> 27 | Z88: =IF(OR(L88="",W88=""),"",IFERROR(INDEX('لیست‌ها'!$Q$3:$Q$53,MATCH(W88,'لیست‌ها'!$P$3:$P$53,0))+IF(X88<=6,(X88-1)*31+Y88,IF(X88<=11,186+(X88-7)*30+Y88,336+Y88))-1,"")) -> 46190 | AA88: =IF(H88="","",VALUE(LEFT(H88,FIND("/",H88)-1))) -> 1405 | AB88: =IF(H88="","",VALUE(MID(H88,FIND("/",H88)+1,FIND("/",H88,FIND("/",H88)+1)-FIND("/",H88)-1))) -> 4 | AC88: =IF(H88="","",VALUE(MID(H88,FIND("/",H88,FIND("/",H88)+1)+1,LEN(H88)-FIND("/",H88,FIND("/",H88)+1)))) -> 31 | AD88: =IF(OR(H88="",AA88=""),"",IFERROR(INDEX('لیست‌ها'!$Q$3:$Q$53,MATCH(AA88,'لیست‌ها'!$P$3:$P$53,0))+IF(AB88<=6,(AB88-1)*31+AC88,IF(AB88<=11,186+(AB88-7)*30+AC88,336+AC88))-1,"")) -> 46225 | AE88: =IF(P88="","",VALUE(LEFT(P88,FIND("/",P88)-1))) | AF88: =IF(P88="","",VALUE(MID(P88,FIND("/",P88)+1,FIND("/",P88,FIND("/",P88)+1)-FIND("/",P88)-1))) | AG88: =IF(P88="","",VALUE(MID(P88,FIND("/",P88,FIND("/",P88)+1)+1,LEN(P88)-FIND("/",P88,FIND("/",P88)+1)))) | AH88: =IF(OR(P88="",AE88=""),"",IFERROR(INDEX('لیست‌ها'!$Q$3:$Q$53,MATCH(AE88,'لیست‌ها'!$P$3:$P$53,0))+IF(AF88<=6,(AF88-1)*31+AG88,IF(AF88<=11,186+(AF88-7)*30+AG88,336+AG88))-1,"")) | AI88: =IF(W88="","",W88&"-"&TEXT(X88,"00")) -> 1405-03 | AJ88: =IF(W88="","",W88*12+X88) -> 16863 | AK88: =IF(U88="تاخیر",V88+ROW()/100000,"") -> 70.00077
A89: =IF(B89="","",ROW()-3) -> 86 | B89: SALE\05\90 | C89: اقدام اصلاحی | D89: کلیم | E89: کلیم 2 قطعه سینی زیرموتور XU در سا... | F89: میلاد زارع | G89: بازرسی آزمون | H89: 1405/4/31 | L89: 1405/3/30 | M89: نظریه ریشه یاب | U89: =IF(B89="","",IF(OR(P89<>"",I89="می‌باشد"),"بسته",IF(AND(L89<>"",W89=""),"خطای فرمت تاریخ ایجاد",IF(AND(H89<>"",AA89=""),"خطای فرمت مهلت",IF(AND(H89<>"",AD89<>"",TODAY()>AD89),"تاخیر",IF(L89<>"","در حال انجام","")))))) -> تاخیر | V89: =IF(U89="تاخیر",TODAY()-AD89,IF(AND(U89="بسته",AH89<>"",AD89<>"",AH89>AD89),AH89-AD89,0)) -> 70 | W89: =IF(L89="","",VALUE(LEFT(L89,FIND("/",L89)-1))) -> 1405 | X89: =IF(L89="","",VALUE(MID(L89,FIND("/",L89)+1,FIND("/",L89,FIND("/",L89)+1)-FIND("/",L89)-1))) -> 3 | Y89: =IF(L89="","",VALUE(MID(L89,FIND("/",L89,FIND("/",L89)+1)+1,LEN(L89)-FIND("/",L89,FIND("/",L89)+1)))) -> 30 | Z89: =IF(OR(L89="",W89=""),"",IFERROR(INDEX('لیست‌ها'!$Q$3:$Q$53,MATCH(W89,'لیست‌ها'!$P$3:$P$53,0))+IF(X89<=6,(X89-1)*31+Y89,IF(X89<=11,186+(X89-7)*30+Y89,336+Y89))-1,"")) -> 46193 | AA89: =IF(H89="","",VALUE(LEFT(H89,FIND("/",H89)-1))) -> 1405 | AB89: =IF(H89="","",VALUE(MID(H89,FIND("/",H89)+1,FIND("/",H89,FIND("/",H89)+1)-FIND("/",H89)-1))) -> 4 | AC89: =IF(H89="","",VALUE(MID(H89,FIND("/",H89,FIND("/",H89)+1)+1,LEN(H89)-FIND("/",H89,FIND("/",H89)+1)))) -> 31 | AD89: =IF(OR(H89="",AA89=""),"",IFERROR(INDEX('لیست‌ها'!$Q$3:$Q$53,MATCH(AA89,'لیست‌ها'!$P$3:$P$53,0))+IF(AB89<=6,(AB89-1)*31+AC89,IF(AB89<=11,186+(AB89-7)*30+AC89,336+AC89))-1,"")) -> 46225 | AE89: =IF(P89="","",VALUE(LEFT(P89,FIND("/",P89)-1))) | AF89: =IF(P89="","",VALUE(MID(P89,FIND("/",P89)+1,FIND("/",P89,FIND("/",P89)+1)-FIND("/",P89)-1))) | AG89: =IF(P89="","",VALUE(MID(P89,FIND("/",P89,FIND("/",P89)+1)+1,LEN(P89)-FIND("/",P89,FIND("/",P89)+1)))) | AH89: =IF(OR(P89="",AE89=""),"",IFERROR(INDEX('لیست‌ها'!$Q$3:$Q$53,MATCH(AE89,'لیست‌ها'!$P$3:$P$53,0))+IF(AF89<=6,(AF89-1)*31+AG89,IF(AF89<=11,186+(AF89-7)*30+AG89,336+AG89))-1,"")) | AI89: =IF(W89="","",W89&"-"&TEXT(X89,"00")) -> 1405-03 | AJ89: =IF(W89="","",W89*12+X89) -> 16863 | AK89: =IF(U89="تاخیر",V89+ROW()/100000,"") -> 70.00076
A90: =IF(B90="","",ROW()-3) -> 87 | B90: SALE\05\91 | C90: اقدام اصلاحی | D90: کلیم | E90: کلیم 2 قطعه سینی زیرموتور تارا (K)... | F90: میلاد زارع | G90: بازرسی آزمون | H90: 1405/5/31 | L90: 1405/3/30 | M90: نظریه نماینده مدیریت | U90: =IF(B90="","",IF(OR(P90<>"",I90="می‌باشد"),"بسته",IF(AND(L90<>"",W90=""),"خطای فرمت تاریخ ایجاد",IF(AND(H90<>"",AA90=""),"خطای فرمت مهلت",IF(AND(H90<>"",AD90<>"",TODAY()>AD90),"تاخیر",IF(L90<>"","در حال انجام","")))))) -> تاخیر | V90: =IF(U90="تاخیر",TODAY()-AD90,IF(AND(U90="بسته",AH90<>"",AD90<>"",AH90>AD90),AH90-AD90,0)) -> 39 | W90: =IF(L90="","",VALUE(LEFT(L90,FIND("/",L90)-1))) -> 1405 | X90: =IF(L90="","",VALUE(MID(L90,FIND("/",L90)+1,FIND("/",L90,FIND("/",L90)+1)-FIND("/",L90)-1))) -> 3 | Y90: =IF(L90="","",VALUE(MID(L90,FIND("/",L90,FIND("/",L90)+1)+1,LEN(L90)-FIND("/",L90,FIND("/",L90)+1)))) -> 30 | Z90: =IF(OR(L90="",W90=""),"",IFERROR(INDEX('لیست‌ها'!$Q$3:$Q$53,MATCH(W90,'لیست‌ها'!$P$3:$P$53,0))+IF(X90<=6,(X90-1)*31+Y90,IF(X90<=11,186+(X90-7)*30+Y90,336+Y90))-1,"")) -> 46193 | AA90: =IF(H90="","",VALUE(LEFT(H90,FIND("/",H90)-1))) -> 1405 | AB90: =IF(H90="","",VALUE(MID(H90,FIND("/",H90)+1,FIND("/",H90,FIND("/",H90)+1)-FIND("/",H90)-1))) -> 5 | AC90: =IF(H90="","",VALUE(MID(H90,FIND("/",H90,FIND("/",H90)+1)+1,LEN(H90)-FIND("/",H90,FIND("/",H90)+1)))) -> 31 | AD90: =IF(OR(H90="",AA90=""),"",IFERROR(INDEX('لیست‌ها'!$Q$3:$Q$53,MATCH(AA90,'لیست‌ها'!$P$3:$P$53,0))+IF(AB90<=6,(AB90-1)*31+AC90,IF(AB90<=11,186+(AB90-7)*30+AC90,336+AC90))-1,"")) -> 46256 | AE90: =IF(P90="","",VALUE(LEFT(P90,FIND("/",P90)-1))) | AF90: =IF(P90="","",VALUE(MID(P90,FIND("/",P90)+1,FIND("/",P90,FIND("/",P90)+1)-FIND("/",P90)-1))) | AG90: =IF(P90="","",VALUE(MID(P90,FIND("/",P90,FIND("/",P90)+1)+1,LEN(P90)-FIND("/",P90,FIND("/",P90)+1)))) | AH90: =IF(OR(P90="",AE90=""),"",IFERROR(INDEX('لیست‌ها'!$Q$3:$Q$53,MATCH(AE90,'لیست‌ها'!$P$3:$P$53,0))+IF(AF90<=6,(AF90-1)*31+AG90,IF(AF90<=11,186+(AF90-7)*30+AG90,336+AG90))-1,"")) | AI90: =IF(W90="","",W90&"-"&TEXT(X90,"00")) -> 1405-03 | AJ90: =IF(W90="","",W90*12+X90) -> 16863 | AK90: =IF(U90="تاخیر",V90+ROW()/100000,"") -> 39.00104
A91: =IF(B91="","",ROW()-3) -> 88 | B91: SALE\05\92 | C91: اقدام اصلاحی | D91: کلیم | E91: کلیم 1 قطعه سینی زیر موتور تارا (K)... | F91: میلاد زارع | G91: بازرسی آزمون | H91: 1405/5/31 | L91: 1405/3/30 | M91: نظریه نماینده مدیریت | U91: =IF(B91="","",IF(OR(P91<>"",I91="می‌باشد"),"بسته",IF(AND(L91<>"",W91=""),"خطای فرمت تاریخ ایجاد",IF(AND(H91<>"",AA91=""),"خطای فرمت مهلت",IF(AND(H91<>"",AD91<>"",TODAY()>AD91),"تاخیر",IF(L91<>"","در حال انجام","")))))) -> تاخیر | V91: =IF(U91="تاخیر",TODAY()-AD91,IF(AND(U91="بسته",AH91<>"",AD91<>"",AH91>AD91),AH91-AD91,0)) -> 39 | W91: =IF(L91="","",VALUE(LEFT(L91,FIND("/",L91)-1))) -> 1405 | X91: =IF(L91="","",VALUE(MID(L91,FIND("/",L91)+1,FIND("/",L91,FIND("/",L91)+1)-FIND("/",L91)-1))) -> 3 | Y91: =IF(L91="","",VALUE(MID(L91,FIND("/",L91,FIND("/",L91)+1)+1,LEN(L91)-FIND("/",L91,FIND("/",L91)+1)))) -> 30 | Z91: =IF(OR(L91="",W91=""),"",IFERROR(INDEX('لیست‌ها'!$Q$3:$Q$53,MATCH(W91,'لیست‌ها'!$P$3:$P$53,0))+IF(X91<=6,(X91-1)*31+Y91,IF(X91<=11,186+(X91-7)*30+Y91,336+Y91))-1,"")) -> 46193 | AA91: =IF(H91="","",VALUE(LEFT(H91,FIND("/",H91)-1))) -> 1405 | AB91: =IF(H91="","",VALUE(MID(H91,FIND("/",H91)+1,FIND("/",H91,FIND("/",H91)+1)-FIND("/",H91)-1))) -> 5 | AC91: =IF(H91="","",VALUE(MID(H91,FIND("/",H91,FIND("/",H91)+1)+1,LEN(H91)-FIND("/",H91,FIND("/",H91)+1)))) -> 31 | AD91: =IF(OR(H91="",AA91=""),"",IFERROR(INDEX('لیست‌ها'!$Q$3:$Q$53,MATCH(AA91,'لیست‌ها'!$P$3:$P$53,0))+IF(AB91<=6,(AB91-1)*31+AC91,IF(AB91<=11,186+(AB91-7)*30+AC91,336+AC91))-1,"")) -> 46256 | AE91: =IF(P91="","",VALUE(LEFT(P91,FIND("/",P91)-1))) | AF91: =IF(P91="","",VALUE(MID(P91,FIND("/",P91)+1,FIND("/",P91,FIND("/",P91)+1)-FIND("/",P91)-1))) | AG91: =IF(P91="","",VALUE(MID(P91,FIND("/",P91,FIND("/",P91)+1)+1,LEN(P91)-FIND("/",P91,FIND("/",P91)+1)))) | AH91: =IF(OR(P91="",AE91=""),"",IFERROR(INDEX('لیست‌ها'!$Q$3:$Q$53,MATCH(AE91,'لیست‌ها'!$P$3:$P$53,0))+IF(AF91<=6,(AF91-1)*31+AG91,IF(AF91<=11,186+(AF91-7)*30+AG91,336+AG91))-1,"")) | AI91: =IF(W91="","",W91&"-"&TEXT(X91,"00")) -> 1405-03 | AJ91: =IF(W91="","",W91*12+X91) -> 16863 | AK91: =IF(U91="تاخیر",V91+ROW()/100000,"") -> 39.00103
A92: =IF(B92="","",ROW()-3) -> 89 | B92: SALE\05\93 | C92: اقدام اصلاحی | D92: کلیم | E92: کلیم 2 قطعه سینی زیرموتور رک را در... | F92: میلاد زارع | G92: بازرسی آزمون | H92: 1405/5/31 | I92: می‌باشد | L92: 1405/3/31 | M92: جهت اطلاع | U92: =IF(B92="","",IF(OR(P92<>"",I92="می‌باشد"),"بسته",IF(AND(L92<>"",W92=""),"خطای فرمت تاریخ ایجاد",IF(AND(H92<>"",AA92=""),"خطای فرمت مهلت",IF(AND(H92<>"",AD92<>"",TODAY()>AD92),"تاخیر",IF(L92<>"","در حال انجام","")))))) -> بسته | V92: =IF(U92="تاخیر",TODAY()-AD92,IF(AND(U92="بسته",AH92<>"",AD92<>"",AH92>AD92),AH92-AD92,0)) -> 0 | W92: =IF(L92="","",VALUE(LEFT(L92,FIND("/",L92)-1))) -> 1405 | X92: =IF(L92="","",VALUE(MID(L92,FIND("/",L92)+1,FIND("/",L92,FIND("/",L92)+1)-FIND("/",L92)-1))) -> 3 | Y92: =IF(L92="","",VALUE(MID(L92,FIND("/",L92,FIND("/",L92)+1)+1,LEN(L92)-FIND("/",L92,FIND("/",L92)+1)))) -> 31 | Z92: =IF(OR(L92="",W92=""),"",IFERROR(INDEX('لیست‌ها'!$Q$3:$Q$53,MATCH(W92,'لیست‌ها'!$P$3:$P$53,0))+IF(X92<=6,(X92-1)*31+Y92,IF(X92<=11,186+(X92-7)*30+Y92,336+Y92))-1,"")) -> 46194 | AA92: =IF(H92="","",VALUE(LEFT(H92,FIND("/",H92)-1))) -> 1405 | AB92: =IF(H92="","",VALUE(MID(H92,FIND("/",H92)+1,FIND("/",H92,FIND("/",H92)+1)-FIND("/",H92)-1))) -> 5 | AC92: =IF(H92="","",VALUE(MID(H92,FIND("/",H92,FIND("/",H92)+1)+1,LEN(H92)-FIND("/",H92,FIND("/",H92)+1)))) -> 31 | AD92: =IF(OR(H92="",AA92=""),"",IFERROR(INDEX('لیست‌ها'!$Q$3:$Q$53,MATCH(AA92,'لیست‌ها'!$P$3:$P$53,0))+IF(AB92<=6,(AB92-1)*31+AC92,IF(AB92<=11,186+(AB92-7)*30+AC92,336+AC92))-1,"")) -> 46256 | AE92: =IF(P92="","",VALUE(LEFT(P92,FIND("/",P92)-1))) | AF92: =IF(P92="","",VALUE(MID(P92,FIND("/",P92)+1,FIND("/",P92,FIND("/",P92)+1)-FIND("/",P92)-1))) | AG92: =IF(P92="","",VALUE(MID(P92,FIND("/",P92,FIND("/",P92)+1)+1,LEN(P92)-FIND("/",P92,FIND("/",P92)+1)))) | AH92: =IF(OR(P92="",AE92=""),"",IFERROR(INDEX('لیست‌ها'!$Q$3:$Q$53,MATCH(AE92,'لیست‌ها'!$P$3:$P$53,0))+IF(AF92<=6,(AF92-1)*31+AG92,IF(AF92<=11,186+(AF92-7)*30+AG92,336+AG92))-1,"")) | AI92: =IF(W92="","",W92&"-"&TEXT(X92,"00")) -> 1405-03 | AJ92: =IF(W92="","",W92*12+X92) -> 16863 | AK92: =IF(U92="تاخیر",V92+ROW()/100000,"")
A93: =IF(B93="","",ROW()-3) -> 90 | B93: SALE\05\94 | C93: اقدام اصلاحی | D93: کلیم | E93: کلیم 10 قطعه سینی فن سمند در سایت م... | F93: میلاد زارع | G93: بازرسی آزمون | H93: 1405/5/31 | I93: می‌باشد | L93: 1405/3/31 | M93: جهت اطلاع | U93: =IF(B93="","",IF(OR(P93<>"",I93="می‌باشد"),"بسته",IF(AND(L93<>"",W93=""),"خطای فرمت تاریخ ایجاد",IF(AND(H93<>"",AA93=""),"خطای فرمت مهلت",IF(AND(H93<>"",AD93<>"",TODAY()>AD93),"تاخیر",IF(L93<>"","در حال انجام","")))))) -> بسته | V93: =IF(U93="تاخیر",TODAY()-AD93,IF(AND(U93="بسته",AH93<>"",AD93<>"",AH93>AD93),AH93-AD93,0)) -> 0 | W93: =IF(L93="","",VALUE(LEFT(L93,FIND("/",L93)-1))) -> 1405 | X93: =IF(L93="","",VALUE(MID(L93,FIND("/",L93)+1,FIND("/",L93,FIND("/",L93)+1)-FIND("/",L93)-1))) -> 3 | Y93: =IF(L93="","",VALUE(MID(L93,FIND("/",L93,FIND("/",L93)+1)+1,LEN(L93)-FIND("/",L93,FIND("/",L93)+1)))) -> 31 | Z93: =IF(OR(L93="",W93=""),"",IFERROR(INDEX('لیست‌ها'!$Q$3:$Q$53,MATCH(W93,'لیست‌ها'!$P$3:$P$53,0))+IF(X93<=6,(X93-1)*31+Y93,IF(X93<=11,186+(X93-7)*30+Y93,336+Y93))-1,"")) -> 46194 | AA93: =IF(H93="","",VALUE(LEFT(H93,FIND("/",H93)-1))) -> 1405 | AB93: =IF(H93="","",VALUE(MID(H93,FIND("/",H93)+1,FIND("/",H93,FIND("/",H93)+1)-FIND("/",H93)-1))) -> 5 | AC93: =IF(H93="","",VALUE(MID(H93,FIND("/",H93,FIND("/",H93)+1)+1,LEN(H93)-FIND("/",H93,FIND("/",H93)+1)))) -> 31 | AD93: =IF(OR(H93="",AA93=""),"",IFERROR(INDEX('لیست‌ها'!$Q$3:$Q$53,MATCH(AA93,'لیست‌ها'!$P$3:$P$53,0))+IF(AB93<=6,(AB93-1)*31+AC93,IF(AB93<=11,186+(AB93-7)*30+AC93,336+AC93))-1,"")) -> 46256 | AE93: =IF(P93="","",VALUE(LEFT(P93,FIND("/",P93)-1))) | AF93: =IF(P93="","",VALUE(MID(P93,FIND("/",P93)+1,FIND("/",P93,FIND("/",P93)+1)-FIND("/",P93)-1))) | AG93: =IF(P93="","",VALUE(MID(P93,FIND("/",P93,FIND("/",P93)+1)+1,LEN(P93)-FIND("/",P93,FIND("/",P93)+1)))) | AH93: =IF(OR(P93="",AE93=""),"",IFERROR(INDEX('لیست‌ها'!$Q$3:$Q$53,MATCH(AE93,'لیست‌ها'!$P$3:$P$53,0))+IF(AF93<=6,(AF93-1)*31+AG93,IF(AF93<=11,186+(AF93-7)*30+AG93,336+AG93))-1,"")) | AI93: =IF(W93="","",W93&"-"&TEXT(X93,"00")) -> 1405-03 | AJ93: =IF(W93="","",W93*12+X93) -> 16863 | AK93: =IF(U93="تاخیر",V93+ROW()/100000,"")
A94: =IF(B94="","",ROW()-3) -> 91 | B94: SALE\05\95 | C94: اقدام اصلاحی | D94: کلیم | E94: کلیم 2 قطعه سینی زیر موتور تارا (K)... | F94: میلاد زارع | G94: بازرسی آزمون | H94: 1405/5/31 | I94: می‌باشد | L94: 1405/3/31 | M94: جهت اطلاع | U94: =IF(B94="","",IF(OR(P94<>"",I94="می‌باشد"),"بسته",IF(AND(L94<>"",W94=""),"خطای فرمت تاریخ ایجاد",IF(AND(H94<>"",AA94=""),"خطای فرمت مهلت",IF(AND(H94<>"",AD94<>"",TODAY()>AD94),"تاخیر",IF(L94<>"","در حال انجام","")))))) -> بسته | V94: =IF(U94="تاخیر",TODAY()-AD94,IF(AND(U94="بسته",AH94<>"",AD94<>"",AH94>AD94),AH94-AD94,0)) -> 0 | W94: =IF(L94="","",VALUE(LEFT(L94,FIND("/",L94)-1))) -> 1405 | X94: =IF(L94="","",VALUE(MID(L94,FIND("/",L94)+1,FIND("/",L94,FIND("/",L94)+1)-FIND("/",L94)-1))) -> 3 | Y94: =IF(L94="","",VALUE(MID(L94,FIND("/",L94,FIND("/",L94)+1)+1,LEN(L94)-FIND("/",L94,FIND("/",L94)+1)))) -> 31 | Z94: =IF(OR(L94="",W94=""),"",IFERROR(INDEX('لیست‌ها'!$Q$3:$Q$53,MATCH(W94,'لیست‌ها'!$P$3:$P$53,0))+IF(X94<=6,(X94-1)*31+Y94,IF(X94<=11,186+(X94-7)*30+Y94,336+Y94))-1,"")) -> 46194 | AA94: =IF(H94="","",VALUE(LEFT(H94,FIND("/",H94)-1))) -> 1405 | AB94: =IF(H94="","",VALUE(MID(H94,FIND("/",H94)+1,FIND("/",H94,FIND("/",H94)+1)-FIND("/",H94)-1))) -> 5 | AC94: =IF(H94="","",VALUE(MID(H94,FIND("/",H94,FIND("/",H94)+1)+1,LEN(H94)-FIND("/",H94,FIND("/",H94)+1)))) -> 31 | AD94: =IF(OR(H94="",AA94=""),"",IFERROR(INDEX('لیست‌ها'!$Q$3:$Q$53,MATCH(AA94,'لیست‌ها'!$P$3:$P$53,0))+IF(AB94<=6,(AB94-1)*31+AC94,IF(AB94<=11,186+(AB94-7)*30+AC94,336+AC94))-1,"")) -> 46256 | AE94: =IF(P94="","",VALUE(LEFT(P94,FIND("/",P94)-1))) | AF94: =IF(P94="","",VALUE(MID(P94,FIND("/",P94)+1,FIND("/",P94,FIND("/",P94)+1)-FIND("/",P94)-1))) | AG94: =IF(P94="","",VALUE(MID(P94,FIND("/",P94,FIND("/",P94)+1)+1,LEN(P94)-FIND("/",P94,FIND("/",P94)+1)))) | AH94: =IF(OR(P94="",AE94=""),"",IFERROR(INDEX('لیست‌ها'!$Q$3:$Q$53,MATCH(AE94,'لیست‌ها'!$P$3:$P$53,0))+IF(AF94<=6,(AF94-1)*31+AG94,IF(AF94<=11,186+(AF94-7)*30+AG94,336+AG94))-1,"")) | AI94: =IF(W94="","",W94&"-"&TEXT(X94,"00")) -> 1405-03 | AJ94: =IF(W94="","",W94*12+X94) -> 16863 | AK94: =IF(U94="تاخیر",V94+ROW()/100000,"")
A95: =IF(B95="","",ROW()-3) -> 92 | B95: SALE\05\96 | C95: اقدام اصلاحی | D95: کلیم | E95: کلیم 1 قطعه سینی زیرموتور XU در سا... | F95: میلاد زارع | G95: بازرسی آزمون | H95: 1405/4/31 | L95: 1405/4/2 | M95: نظریه ریشه یاب | U95: =IF(B95="","",IF(OR(P95<>"",I95="می‌باشد"),"بسته",IF(AND(L95<>"",W95=""),"خطای فرمت تاریخ ایجاد",IF(AND(H95<>"",AA95=""),"خطای فرمت مهلت",IF(AND(H95<>"",AD95<>"",TODAY()>AD95),"تاخیر",IF(L95<>"","در حال انجام","")))))) -> تاخیر | V95: =IF(U95="تاخیر",TODAY()-AD95,IF(AND(U95="بسته",AH95<>"",AD95<>"",AH95>AD95),AH95-AD95,0)) -> 70 | W95: =IF(L95="","",VALUE(LEFT(L95,FIND("/",L95)-1))) -> 1405 | X95: =IF(L95="","",VALUE(MID(L95,FIND("/",L95)+1,FIND("/",L95,FIND("/",L95)+1)-FIND("/",L95)-1))) -> 4 | Y95: =IF(L95="","",VALUE(MID(L95,FIND("/",L95,FIND("/",L95)+1)+1,LEN(L95)-FIND("/",L95,FIND("/",L95)+1)))) -> 2 | Z95: =IF(OR(L95="",W95=""),"",IFERROR(INDEX('لیست‌ها'!$Q$3:$Q$53,MATCH(W95,'لیست‌ها'!$P$3:$P$53,0))+IF(X95<=6,(X95-1)*31+Y95,IF(X95<=11,186+(X95-7)*30+Y95,336+Y95))-1,"")) -> 46196 | AA95: =IF(H95="","",VALUE(LEFT(H95,FIND("/",H95)-1))) -> 1405 | AB95: =IF(H95="","",VALUE(MID(H95,FIND("/",H95)+1,FIND("/",H95,FIND("/",H95)+1)-FIND("/",H95)-1))) -> 4 | AC95: =IF(H95="","",VALUE(MID(H95,FIND("/",H95,FIND("/",H95)+1)+1,LEN(H95)-FIND("/",H95,FIND("/",H95)+1)))) -> 31 | AD95: =IF(OR(H95="",AA95=""),"",IFERROR(INDEX('لیست‌ها'!$Q$3:$Q$53,MATCH(AA95,'لیست‌ها'!$P$3:$P$53,0))+IF(AB95<=6,(AB95-1)*31+AC95,IF(AB95<=11,186+(AB95-7)*30+AC95,336+AC95))-1,"")) -> 46225 | AE95: =IF(P95="","",VALUE(LEFT(P95,FIND("/",P95)-1))) | AF95: =IF(P95="","",VALUE(MID(P95,FIND("/",P95)+1,FIND("/",P95,FIND("/",P95)+1)-FIND("/",P95)-1))) | AG95: =IF(P95="","",VALUE(MID(P95,FIND("/",P95,FIND("/",P95)+1)+1,LEN(P95)-FIND("/",P95,FIND("/",P95)+1)))) | AH95: =IF(OR(P95="",AE95=""),"",IFERROR(INDEX('لیست‌ها'!$Q$3:$Q$53,MATCH(AE95,'لیست‌ها'!$P$3:$P$53,0))+IF(AF95<=6,(AF95-1)*31+AG95,IF(AF95<=11,186+(AF95-7)*30+AG95,336+AG95))-1,"")) | AI95: =IF(W95="","",W95&"-"&TEXT(X95,"00")) -> 1405-04 | AJ95: =IF(W95="","",W95*12+X95) -> 16864 | AK95: =IF(U95="تاخیر",V95+ROW()/100000,"") -> 70.00099
A96: =IF(B96="","",ROW()-3) -> 93 | B96: SALE\05\97 | C96: اقدام اصلاحی | D96: کلیم | E96: کلیم 3 قطعه سینی نگهدارنده رک را در... | F96: میلاد زارع | G96: بازرسی آزمون | H96: 1405/5/31 | I96: می‌باشد | L96: 1405/4/6 | M96: جهت اطلاع | U96: =IF(B96="","",IF(OR(P96<>"",I96="می‌باشد"),"بسته",IF(AND(L96<>"",W96=""),"خطای فرمت تاریخ ایجاد",IF(AND(H96<>"",AA96=""),"خطای فرمت مهلت",IF(AND(H96<>"",AD96<>"",TODAY()>AD96),"تاخیر",IF(L96<>"","در حال انجام","")))))) -> بسته | V96: =IF(U96="تاخیر",TODAY()-AD96,IF(AND(U96="بسته",AH96<>"",AD96<>"",AH96>AD96),AH96-AD96,0)) -> 0 | W96: =IF(L96="","",VALUE(LEFT(L96,FIND("/",L96)-1))) -> 1405 | X96: =IF(L96="","",VALUE(MID(L96,FIND("/",L96)+1,FIND("/",L96,FIND("/",L96)+1)-FIND("/",L96)-1))) -> 4 | Y96: =IF(L96="","",VALUE(MID(L96,FIND("/",L96,FIND("/",L96)+1)+1,LEN(L96)-FIND("/",L96,FIND("/",L96)+1)))) -> 6 | Z96: =IF(OR(L96="",W96=""),"",IFERROR(INDEX('لیست‌ها'!$Q$3:$Q$53,MATCH(W96,'لیست‌ها'!$P$3:$P$53,0))+IF(X96<=6,(X96-1)*31+Y96,IF(X96<=11,186+(X96-7)*30+Y96,336+Y96))-1,"")) -> 46200 | AA96: =IF(H96="","",VALUE(LEFT(H96,FIND("/",H96)-1))) -> 1405 | AB96: =IF(H96="","",VALUE(MID(H96,FIND("/",H96)+1,FIND("/",H96,FIND("/",H96)+1)-FIND("/",H96)-1))) -> 5 | AC96: =IF(H96="","",VALUE(MID(H96,FIND("/",H96,FIND("/",H96)+1)+1,LEN(H96)-FIND("/",H96,FIND("/",H96)+1)))) -> 31 | AD96: =IF(OR(H96="",AA96=""),"",IFERROR(INDEX('لیست‌ها'!$Q$3:$Q$53,MATCH(AA96,'لیست‌ها'!$P$3:$P$53,0))+IF(AB96<=6,(AB96-1)*31+AC96,IF(AB96<=11,186+(AB96-7)*30+AC96,336+AC96))-1,"")) -> 46256 | AE96: =IF(P96="","",VALUE(LEFT(P96,FIND("/",P96)-1))) | AF96: =IF(P96="","",VALUE(MID(P96,FIND("/",P96)+1,FIND("/",P96,FIND("/",P96)+1)-FIND("/",P96)-1))) | AG96: =IF(P96="","",VALUE(MID(P96,FIND("/",P96,FIND("/",P96)+1)+1,LEN(P96)-FIND("/",P96,FIND("/",P96)+1)))) | AH96: =IF(OR(P96="",AE96=""),"",IFERROR(INDEX('لیست‌ها'!$Q$3:$Q$53,MATCH(AE96,'لیست‌ها'!$P$3:$P$53,0))+IF(AF96<=6,(AF96-1)*31+AG96,IF(AF96<=11,186+(AF96-7)*30+AG96,336+AG96))-1,"")) | AI96: =IF(W96="","",W96&"-"&TEXT(X96,"00")) -> 1405-04 | AJ96: =IF(W96="","",W96*12+X96) -> 16864 | AK96: =IF(U96="تاخیر",V96+ROW()/100000,"")
A97: =IF(B97="","",ROW()-3) -> 94 | B97: SALE\05\98 | C97: اقدام اصلاحی | D97: کلیم | E97: کلیم 1 قطعه سینی زیرموتور EF7 در سا... | F97: میلاد زارع | G97: بازرسی آزمون | H97: 1405/5/31 | I97: می‌باشد | L97: 1405/4/7 | M97: جهت اطلاع | U97: =IF(B97="","",IF(OR(P97<>"",I97="می‌باشد"),"بسته",IF(AND(L97<>"",W97=""),"خطای فرمت تاریخ ایجاد",IF(AND(H97<>"",AA97=""),"خطای فرمت مهلت",IF(AND(H97<>"",AD97<>"",TODAY()>AD97),"تاخیر",IF(L97<>"","در حال انجام","")))))) -> بسته | V97: =IF(U97="تاخیر",TODAY()-AD97,IF(AND(U97="بسته",AH97<>"",AD97<>"",AH97>AD97),AH97-AD97,0)) -> 0 | W97: =IF(L97="","",VALUE(LEFT(L97,FIND("/",L97)-1))) -> 1405 | X97: =IF(L97="","",VALUE(MID(L97,FIND("/",L97)+1,FIND("/",L97,FIND("/",L97)+1)-FIND("/",L97)-1))) -> 4 | Y97: =IF(L97="","",VALUE(MID(L97,FIND("/",L97,FIND("/",L97)+1)+1,LEN(L97)-FIND("/",L97,FIND("/",L97)+1)))) -> 7 | Z97: =IF(OR(L97="",W97=""),"",IFERROR(INDEX('لیست‌ها'!$Q$3:$Q$53,MATCH(W97,'لیست‌ها'!$P$3:$P$53,0))+IF(X97<=6,(X97-1)*31+Y97,IF(X97<=11,186+(X97-7)*30+Y97,336+Y97))-1,"")) -> 46201 | AA97: =IF(H97="","",VALUE(LEFT(H97,FIND("/",H97)-1))) -> 1405 | AB97: =IF(H97="","",VALUE(MID(H97,FIND("/",H97)+1,FIND("/",H97,FIND("/",H97)+1)-FIND("/",H97)-1))) -> 5 | AC97: =IF(H97="","",VALUE(MID(H97,FIND("/",H97,FIND("/",H97)+1)+1,LEN(H97)-FIND("/",H97,FIND("/",H97)+1)))) -> 31 | AD97: =IF(OR(H97="",AA97=""),"",IFERROR(INDEX('لیست‌ها'!$Q$3:$Q$53,MATCH(AA97,'لیست‌ها'!$P$3:$P$53,0))+IF(AB97<=6,(AB97-1)*31+AC97,IF(AB97<=11,186+(AB97-7)*30+AC97,336+AC97))-1,"")) -> 46256 | AE97: =IF(P97="","",VALUE(LEFT(P97,FIND("/",P97)-1))) | AF97: =IF(P97="","",VALUE(MID(P97,FIND("/",P97)+1,FIND("/",P97,FIND("/",P97)+1)-FIND("/",P97)-1))) | AG97: =IF(P97="","",VALUE(MID(P97,FIND("/",P97,FIND("/",P97)+1)+1,LEN(P97)-FIND("/",P97,FIND("/",P97)+1)))) | AH97: =IF(OR(P97="",AE97=""),"",IFERROR(INDEX('لیست‌ها'!$Q$3:$Q$53,MATCH(AE97,'لیست‌ها'!$P$3:$P$53,0))+IF(AF97<=6,(AF97-1)*31+AG97,IF(AF97<=11,186+(AF97-7)*30+AG97,336+AG97))-1,"")) | AI97: =IF(W97="","",W97&"-"&TEXT(X97,"00")) -> 1405-04 | AJ97: =IF(W97="","",W97*12+X97) -> 16864 | AK97: =IF(U97="تاخیر",V97+ROW()/100000,"")
A98: =IF(B98="","",ROW()-3) -> 95 | B98: SALE\05\99 | C98: اقدام اصلاحی | D98: کلیم | E98: کلیم 1 قطعه سینی فن سمند در سایت ته... | F98: میلاد زارع | G98: بازرسی آزمون | H98: 1405/5/31 | I98: می‌باشد | L98: 1405/4/7 | M98: جهت اطلاع | U98: =IF(B98="","",IF(OR(P98<>"",I98="می‌باشد"),"بسته",IF(AND(L98<>"",W98=""),"خطای فرمت تاریخ ایجاد",IF(AND(H98<>"",AA98=""),"خطای فرمت مهلت",IF(AND(H98<>"",AD98<>"",TODAY()>AD98),"تاخیر",IF(L98<>"","در حال انجام","")))))) -> بسته | V98: =IF(U98="تاخیر",TODAY()-AD98,IF(AND(U98="بسته",AH98<>"",AD98<>"",AH98>AD98),AH98-AD98,0)) -> 0 | W98: =IF(L98="","",VALUE(LEFT(L98,FIND("/",L98)-1))) -> 1405 | X98: =IF(L98="","",VALUE(MID(L98,FIND("/",L98)+1,FIND("/",L98,FIND("/",L98)+1)-FIND("/",L98)-1))) -> 4 | Y98: =IF(L98="","",VALUE(MID(L98,FIND("/",L98,FIND("/",L98)+1)+1,LEN(L98)-FIND("/",L98,FIND("/",L98)+1)))) -> 7 | Z98: =IF(OR(L98="",W98=""),"",IFERROR(INDEX('لیست‌ها'!$Q$3:$Q$53,MATCH(W98,'لیست‌ها'!$P$3:$P$53,0))+IF(X98<=6,(X98-1)*31+Y98,IF(X98<=11,186+(X98-7)*30+Y98,336+Y98))-1,"")) -> 46201 | AA98: =IF(H98="","",VALUE(LEFT(H98,FIND("/",H98)-1))) -> 1405 | AB98: =IF(H98="","",VALUE(MID(H98,FIND("/",H98)+1,FIND("/",H98,FIND("/",H98)+1)-FIND("/",H98)-1))) -> 5 | AC98: =IF(H98="","",VALUE(MID(H98,FIND("/",H98,FIND("/",H98)+1)+1,LEN(H98)-FIND("/",H98,FIND("/",H98)+1)))) -> 31 | AD98: =IF(OR(H98="",AA98=""),"",IFERROR(INDEX('لیست‌ها'!$Q$3:$Q$53,MATCH(AA98,'لیست‌ها'!$P$3:$P$53,0))+IF(AB98<=6,(AB98-1)*31+AC98,IF(AB98<=11,186+(AB98-7)*30+AC98,336+AC98))-1,"")) -> 46256 | AE98: =IF(P98="","",VALUE(LEFT(P98,FIND("/",P98)-1))) | AF98: =IF(P98="","",VALUE(MID(P98,FIND("/",P98)+1,FIND("/",P98,FIND("/",P98)+1)-FIND("/",P98)-1))) | AG98: =IF(P98="","",VALUE(MID(P98,FIND("/",P98,FIND("/",P98)+1)+1,LEN(P98)-FIND("/",P98,FIND("/",P98)+1)))) | AH98: =IF(OR(P98="",AE98=""),"",IFERROR(INDEX('لیست‌ها'!$Q$3:$Q$53,MATCH(AE98,'لیست‌ها'!$P$3:$P$53,0))+IF(AF98<=6,(AF98-1)*31+AG98,IF(AF98<=11,186+(AF98-7)*30+AG98,336+AG98))-1,"")) | AI98: =IF(W98="","",W98&"-"&TEXT(X98,"00")) -> 1405-04 | AJ98: =IF(W98="","",W98*12+X98) -> 16864 | AK98: =IF(U98="تاخیر",V98+ROW()/100000,"")
A99: =IF(B99="","",ROW()-3) -> 96 | B99: SALE\05\100 | C99: اقدام اصلاحی | D99: کلیم | E99: کلیم 1 قطعه سینی فن سمند در سایت کر... | F99: میلاد زارع | G99: بازرسی آزمون | H99: 1405/5/31 | I99: می‌باشد | L99: 1405/4/7 | M99: جهت اطلاع | U99: =IF(B99="","",IF(OR(P99<>"",I99="می‌باشد"),"بسته",IF(AND(L99<>"",W99=""),"خطای فرمت تاریخ ایجاد",IF(AND(H99<>"",AA99=""),"خطای فرمت مهلت",IF(AND(H99<>"",AD99<>"",TODAY()>AD99),"تاخیر",IF(L99<>"","در حال انجام","")))))) -> بسته | V99: =IF(U99="تاخیر",TODAY()-AD99,IF(AND(U99="بسته",AH99<>"",AD99<>"",AH99>AD99),AH99-AD99,0)) -> 0 | W99: =IF(L99="","",VALUE(LEFT(L99,FIND("/",L99)-1))) -> 1405 | X99: =IF(L99="","",VALUE(MID(L99,FIND("/",L99)+1,FIND("/",L99,FIND("/",L99)+1)-FIND("/",L99)-1))) -> 4 | Y99: =IF(L99="","",VALUE(MID(L99,FIND("/",L99,FIND("/",L99)+1)+1,LEN(L99)-FIND("/",L99,FIND("/",L99)+1)))) -> 7 | Z99: =IF(OR(L99="",W99=""),"",IFERROR(INDEX('لیست‌ها'!$Q$3:$Q$53,MATCH(W99,'لیست‌ها'!$P$3:$P$53,0))+IF(X99<=6,(X99-1)*31+Y99,IF(X99<=11,186+(X99-7)*30+Y99,336+Y99))-1,"")) -> 46201 | AA99: =IF(H99="","",VALUE(LEFT(H99,FIND("/",H99)-1))) -> 1405 | AB99: =IF(H99="","",VALUE(MID(H99,FIND("/",H99)+1,FIND("/",H99,FIND("/",H99)+1)-FIND("/",H99)-1))) -> 5 | AC99: =IF(H99="","",VALUE(MID(H99,FIND("/",H99,FIND("/",H99)+1)+1,LEN(H99)-FIND("/",H99,FIND("/",H99)+1)))) -> 31 | AD99: =IF(OR(H99="",AA99=""),"",IFERROR(INDEX('لیست‌ها'!$Q$3:$Q$53,MATCH(AA99,'لیست‌ها'!$P$3:$P$53,0))+IF(AB99<=6,(AB99-1)*31+AC99,IF(AB99<=11,186+(AB99-7)*30+AC99,336+AC99))-1,"")) -> 46256 | AE99: =IF(P99="","",VALUE(LEFT(P99,FIND("/",P99)-1))) | AF99: =IF(P99="","",VALUE(MID(P99,FIND("/",P99)+1,FIND("/",P99,FIND("/",P99)+1)-FIND("/",P99)-1))) | AG99: =IF(P99="","",VALUE(MID(P99,FIND("/",P99,FIND("/",P99)+1)+1,LEN(P99)-FIND("/",P99,FIND("/",P99)+1)))) | AH99: =IF(OR(P99="",AE99=""),"",IFERROR(INDEX('لیست‌ها'!$Q$3:$Q$53,MATCH(AE99,'لیست‌ها'!$P$3:$P$53,0))+IF(AF99<=6,(AF99-1)*31+AG99,IF(AF99<=11,186+(AF99-7)*30+AG99,336+AG99))-1,"")) | AI99: =IF(W99="","",W99&"-"&TEXT(X99,"00")) -> 1405-04 | AJ99: =IF(W99="","",W99*12+X99) -> 16864 | AK99: =IF(U99="تاخیر",V99+ROW()/100000,"")
A100: =IF(B100="","",ROW()-3) -> 97 | B100: SALE\05\101 | C100: اقدام اصلاحی | D100: کلیم | E100: کلیم 5 قطعه سینی فن سمند در سایت فا... | F100: میلاد زارع | G100: بازرسی آزمون | H100: 1405/5/31 | I100: می‌باشد | L100: 1405/4/7 | M100: جهت اطلاع | U100: =IF(B100="","",IF(OR(P100<>"",I100="می‌باشد"),"بسته",IF(AND(L100<>"",W100=""),"خطای فرمت تاریخ ایجاد",IF(AND(H100<>"",AA100=""),"خطای فرمت مهلت",IF(AND(H100<>"",AD100<>"",TODAY()>AD100),"تاخیر",IF(L100<>"","در حال انجام","")))))) -> بسته | V100: =IF(U100="تاخیر",TODAY()-AD100,IF(AND(U100="بسته",AH100<>"",AD100<>"",AH100>AD100),AH100-AD100,0)) -> 0 | W100: =IF(L100="","",VALUE(LEFT(L100,FIND("/",L100)-1))) -> 1405 | X100: =IF(L100="","",VALUE(MID(L100,FIND("/",L100)+1,FIND("/",L100,FIND("/",L100)+1)-FIND("/",L100)-1))) -> 4 | Y100: =IF(L100="","",VALUE(MID(L100,FIND("/",L100,FIND("/",L100)+1)+1,LEN(L100)-FIND("/",L100,FIND("/",L100)+1)))) -> 7 | Z100: =IF(OR(L100="",W100=""),"",IFERROR(INDEX('لیست‌ها'!$Q$3:$Q$53,MATCH(W100,'لیست‌ها'!$P$3:$P$53,0))+IF(X100<=6,(X100-1)*31+Y100,IF(X100<=11,186+(X100-7)*30+Y100,336+Y100))-1,"")) -> 46201 | AA100: =IF(H100="","",VALUE(LEFT(H100,FIND("/",H100)-1))) -> 1405 | AB100: =IF(H100="","",VALUE(MID(H100,FIND("/",H100)+1,FIND("/",H100,FIND("/",H100)+1)-FIND("/",H100)-1))) -> 5 | AC100: =IF(H100="","",VALUE(MID(H100,FIND("/",H100,FIND("/",H100)+1)+1,LEN(H100)-FIND("/",H100,FIND("/",H100)+1)))) -> 31 | AD100: =IF(OR(H100="",AA100=""),"",IFERROR(INDEX('لیست‌ها'!$Q$3:$Q$53,MATCH(AA100,'لیست‌ها'!$P$3:$P$53,0))+IF(AB100<=6,(AB100-1)*31+AC100,IF(AB100<=11,186+(AB100-7)*30+AC100,336+AC100))-1,"")) -> 46256 | AE100: =IF(P100="","",VALUE(LEFT(P100,FIND("/",P100)-1))) | AF100: =IF(P100="","",VALUE(MID(P100,FIND("/",P100)+1,FIND("/",P100,FIND("/",P100)+1)-FIND("/",P100)-1))) | AG100: =IF(P100="","",VALUE(MID(P100,FIND("/",P100,FIND("/",P100)+1)+1,LEN(P100)-FIND("/",P100,FIND("/",P100)+1)))) | AH100: =IF(OR(P100="",AE100=""),"",IFERROR(INDEX('لیست‌ها'!$Q$3:$Q$53,MATCH(AE100,'لیست‌ها'!$P$3:$P$53,0))+IF(AF100<=6,(AF100-1)*31+AG100,IF(AF100<=11,186+(AF100-7)*30+AG100,336+AG100))-1,"")) | AI100: =IF(W100="","",W100&"-"&TEXT(X100,"00")) -> 1405-04 | AJ100: =IF(W100="","",W100*12+X100) -> 16864 | AK100: =IF(U100="تاخیر",V100+ROW()/100000,"")
A101: =IF(B101="","",ROW()-3) -> 98 | B101: SALE\05\102 | C101: اقدام اصلاحی | D101: کلیم | E101: کلیم 1 قطعه سینی زیرموتور EF7 در سا... | F101: میلاد زارع | G101: بازرسی آزمون | H101: 1405/4/31 | L101: 1405/4/9 | M101: نظریه مسئول اقدام | U101: =IF(B101="","",IF(OR(P101<>"",I101="می‌باشد"),"بسته",IF(AND(L101<>"",W101=""),"خطای فرمت تاریخ ایجاد",IF(AND(H101<>"",AA101=""),"خطای فرمت مهلت",IF(AND(H101<>"",AD101<>"",TODAY()>AD101),"تاخیر",IF(L101<>"","در حال انجام","")))))) -> تاخیر | V101: =IF(U101="تاخیر",TODAY()-AD101,IF(AND(U101="بسته",AH101<>"",AD101<>"",AH101>AD101),AH101-AD101,0)) -> 70 | W101: =IF(L101="","",VALUE(LEFT(L101,FIND("/",L101)-1))) -> 1405 | X101: =IF(L101="","",VALUE(MID(L101,FIND("/",L101)+1,FIND("/",L101,FIND("/",L101)+1)-FIND("/",L101)-1))) -> 4 | Y101: =IF(L101="","",VALUE(MID(L101,FIND("/",L101,FIND("/",L101)+1)+1,LEN(L101)-FIND("/",L101,FIND("/",L101)+1)))) -> 9 | Z101: =IF(OR(L101="",W101=""),"",IFERROR(INDEX('لیست‌ها'!$Q$3:$Q$53,MATCH(W101,'لیست‌ها'!$P$3:$P$53,0))+IF(X101<=6,(X101-1)*31+Y101,IF(X101<=11,186+(X101-7)*30+Y101,336+Y101))-1,"")) -> 46203 | AA101: =IF(H101="","",VALUE(LEFT(H101,FIND("/",H101)-1))) -> 1405 | AB101: =IF(H101="","",VALUE(MID(H101,FIND("/",H101)+1,FIND("/",H101,FIND("/",H101)+1)-FIND("/",H101)-1))) -> 4 | AC101: =IF(H101="","",VALUE(MID(H101,FIND("/",H101,FIND("/",H101)+1)+1,LEN(H101)-FIND("/",H101,FIND("/",H101)+1)))) -> 31 | AD101: =IF(OR(H101="",AA101=""),"",IFERROR(INDEX('لیست‌ها'!$Q$3:$Q$53,MATCH(AA101,'لیست‌ها'!$P$3:$P$53,0))+IF(AB101<=6,(AB101-1)*31+AC101,IF(AB101<=11,186+(AB101-7)*30+AC101,336+AC101))-1,"")) -> 46225 | AE101: =IF(P101="","",VALUE(LEFT(P101,FIND("/",P101)-1))) | AF101: =IF(P101="","",VALUE(MID(P101,FIND("/",P101)+1,FIND("/",P101,FIND("/",P101)+1)-FIND("/",P101)-1))) | AG101: =IF(P101="","",VALUE(MID(P101,FIND("/",P101,FIND("/",P101)+1)+1,LEN(P101)-FIND("/",P101,FIND("/",P101)+1)))) | AH101: =IF(OR(P101="",AE101=""),"",IFERROR(INDEX('لیست‌ها'!$Q$3:$Q$53,MATCH(AE101,'لیست‌ها'!$P$3:$P$53,0))+IF(AF101<=6,(AF101-1)*31+AG101,IF(AF101<=11,186+(AF101-7)*30+AG101,336+AG101))-1,"")) | AI101: =IF(W101="","",W101&"-"&TEXT(X101,"00")) -> 1405-04 | AJ101: =IF(W101="","",W101*12+X101) -> 16864 | AK101: =IF(U101="تاخیر",V101+ROW()/100000,"") -> 70.00093
A102: =IF(B102="","",ROW()-3) -> 99 | B102: SALE\05\103 | C102: اقدام اصلاحی | D102: کلیم | E102: کلیم 1 قطعه سینی زیرموتور EF7 در سا... | F102: میلاد زارع | G102: بازرسی آزمون | H102: 1405/5/31 | I102: می‌باشد | L102: 1405/4/9 | M102: جهت اطلاع | U102: =IF(B102="","",IF(OR(P102<>"",I102="می‌باشد"),"بسته",IF(AND(L102<>"",W102=""),"خطای فرمت تاریخ ایجاد",IF(AND(H102<>"",AA102=""),"خطای فرمت مهلت",IF(AND(H102<>"",AD102<>"",TODAY()>AD102),"تاخیر",IF(L102<>"","در حال انجام","")))))) -> بسته | V102: =IF(U102="تاخیر",TODAY()-AD102,IF(AND(U102="بسته",AH102<>"",AD102<>"",AH102>AD102),AH102-AD102,0)) -> 0 | W102: =IF(L102="","",VALUE(LEFT(L102,FIND("/",L102)-1))) -> 1405 | X102: =IF(L102="","",VALUE(MID(L102,FIND("/",L102)+1,FIND("/",L102,FIND("/",L102)+1)-FIND("/",L102)-1))) -> 4 | Y102: =IF(L102="","",VALUE(MID(L102,FIND("/",L102,FIND("/",L102)+1)+1,LEN(L102)-FIND("/",L102,FIND("/",L102)+1)))) -> 9 | Z102: =IF(OR(L102="",W102=""),"",IFERROR(INDEX('لیست‌ها'!$Q$3:$Q$53,MATCH(W102,'لیست‌ها'!$P$3:$P$53,0))+IF(X102<=6,(X102-1)*31+Y102,IF(X102<=11,186+(X102-7)*30+Y102,336+Y102))-1,"")) -> 46203 | AA102: =IF(H102="","",VALUE(LEFT(H102,FIND("/",H102)-1))) -> 1405 | AB102: =IF(H102="","",VALUE(MID(H102,FIND("/",H102)+1,FIND("/",H102,FIND("/",H102)+1)-FIND("/",H102)-1))) -> 5 | AC102: =IF(H102="","",VALUE(MID(H102,FIND("/",H102,FIND("/",H102)+1)+1,LEN(H102)-FIND("/",H102,FIND("/",H102)+1)))) -> 31 | AD102: =IF(OR(H102="",AA102=""),"",IFERROR(INDEX('لیست‌ها'!$Q$3:$Q$53,MATCH(AA102,'لیست‌ها'!$P$3:$P$53,0))+IF(AB102<=6,(AB102-1)*31+AC102,IF(AB102<=11,186+(AB102-7)*30+AC102,336+AC102))-1,"")) -> 46256 | AE102: =IF(P102="","",VALUE(LEFT(P102,FIND("/",P102)-1))) | AF102: =IF(P102="","",VALUE(MID(P102,FIND("/",P102)+1,FIND("/",P102,FIND("/",P102)+1)-FIND("/",P102)-1))) | AG102: =IF(P102="","",VALUE(MID(P102,FIND("/",P102,FIND("/",P102)+1)+1,LEN(P102)-FIND("/",P102,FIND("/",P102)+1)))) | AH102: =IF(OR(P102="",AE102=""),"",IFERROR(INDEX('لیست‌ها'!$Q$3:$Q$53,MATCH(AE102,'لیست‌ها'!$P$3:$P$53,0))+IF(AF102<=6,(AF102-1)*31+AG102,IF(AF102<=11,186+(AF102-7)*30+AG102,336+AG102))-1,"")) | AI102: =IF(W102="","",W102&"-"&TEXT(X102,"00")) -> 1405-04 | AJ102: =IF(W102="","",W102*12+X102) -> 16864 | AK102: =IF(U102="تاخیر",V102+ROW()/100000,"")
A103: =IF(B103="","",ROW()-3) -> 100 | B103: SALE\05\104 | C103: اقدام اصلاحی | D103: کلیم | E103: کلیم 1 قطعه سینی فن سمند در سایت ما... | F103: میلاد زارع | G103: بازرسی آزمون | H103: 1405/5/31 | I103: می‌باشد | L103: 1405/4/10 | M103: جهت اطلاع | U103: =IF(B103="","",IF(OR(P103<>"",I103="می‌باشد"),"بسته",IF(AND(L103<>"",W103=""),"خطای فرمت تاریخ ایجاد",IF(AND(H103<>"",AA103=""),"خطای فرمت مهلت",IF(AND(H103<>"",AD103<>"",TODAY()>AD103),"تاخیر",IF(L103<>"","در حال انجام","")))))) -> بسته | V103: =IF(U103="تاخیر",TODAY()-AD103,IF(AND(U103="بسته",AH103<>"",AD103<>"",AH103>AD103),AH103-AD103,0)) -> 0 | W103: =IF(L103="","",VALUE(LEFT(L103,FIND("/",L103)-1))) -> 1405 | X103: =IF(L103="","",VALUE(MID(L103,FIND("/",L103)+1,FIND("/",L103,FIND("/",L103)+1)-FIND("/",L103)-1))) -> 4 | Y103: =IF(L103="","",VALUE(MID(L103,FIND("/",L103,FIND("/",L103)+1)+1,LEN(L103)-FIND("/",L103,FIND("/",L103)+1)))) -> 10 | Z103: =IF(OR(L103="",W103=""),"",IFERROR(INDEX('لیست‌ها'!$Q$3:$Q$53,MATCH(W103,'لیست‌ها'!$P$3:$P$53,0))+IF(X103<=6,(X103-1)*31+Y103,IF(X103<=11,186+(X103-7)*30+Y103,336+Y103))-1,"")) -> 46204 | AA103: =IF(H103="","",VALUE(LEFT(H103,FIND("/",H103)-1))) -> 1405 | AB103: =IF(H103="","",VALUE(MID(H103,FIND("/",H103)+1,FIND("/",H103,FIND("/",H103)+1)-FIND("/",H103)-1))) -> 5 | AC103: =IF(H103="","",VALUE(MID(H103,FIND("/",H103,FIND("/",H103)+1)+1,LEN(H103)-FIND("/",H103,FIND("/",H103)+1)))) -> 31 | AD103: =IF(OR(H103="",AA103=""),"",IFERROR(INDEX('لیست‌ها'!$Q$3:$Q$53,MATCH(AA103,'لیست‌ها'!$P$3:$P$53,0))+IF(AB103<=6,(AB103-1)*31+AC103,IF(AB103<=11,186+(AB103-7)*30+AC103,336+AC103))-1,"")) -> 46256 | AE103: =IF(P103="","",VALUE(LEFT(P103,FIND("/",P103)-1))) | AF103: =IF(P103="","",VALUE(MID(P103,FIND("/",P103)+1,FIND("/",P103,FIND("/",P103)+1)-FIND("/",P103)-1))) | AG103: =IF(P103="","",VALUE(MID(P103,FIND("/",P103,FIND("/",P103)+1)+1,LEN(P103)-FIND("/",P103,FIND("/",P103)+1)))) | AH103: =IF(OR(P103="",AE103=""),"",IFERROR(INDEX('لیست‌ها'!$Q$3:$Q$53,MATCH(AE103,'لیست‌ها'!$P$3:$P$53,0))+IF(AF103<=6,(AF103-1)*31+AG103,IF(AF103<=11,186+(AF103-7)*30+AG103,336+AG103))-1,"")) | AI103: =IF(W103="","",W103&"-"&TEXT(X103,"00")) -> 1405-04 | AJ103: =IF(W103="","",W103*12+X103) -> 16864 | AK103: =IF(U103="تاخیر",V103+ROW()/100000,"")
